Sequence,Kingdom,Phylum,Class,Order,Family,Genus,Species
ASV_1,Bacteria,Proteobacteria,Alphaproteobacteria,Rhodospirillales  ,uncultured  ,uncultured   ,Azospirillum sp.
ASV_2,Bacteria,Firmicutes,Clostridia,Lachnospirales  ,Lachnospiraceae  ,Lachnospiraceae UCG-004  ,uncultured organism
ASV_3,Bacteria,Firmicutes,Clostridia,NA,NA,NA,NA
ASV_4,Bacteria,Firmicutes,Clostridia,Lachnospirales  ,Lachnospiraceae  ,uncultured   ,human gut
ASV_5,Bacteria,Firmicutes,Clostridia,Lachnospirales  ,Lachnospiraceae  ,Lachnoclostridium   ,human gut
ASV_6,Bacteria,Firmicutes,Clostridia,Oscillospirales  ,Oscillospiraceae  ,Oscillibacter   ,human gut
ASV_7,Bacteria,Bacteroidota,Bacteroidia,Bacteroidales  ,Bacteroidaceae  ,Bacteroides   ,Bacteroides massiliensis
ASV_8,Bacteria,Firmicutes,Clostridia,Oscillospirales  ,Ruminococcaceae  ,CAG-352   ,NA
ASV_9,Bacteria,Firmicutes,Clostridia,Lachnospirales  ,Lachnospiraceae  ,Agathobacter   ,Eubacterium ramulus
ASV_10,Bacteria,Firmicutes,Negativicutes,Acidaminococcales  ,Acidaminococcaceae  ,Phascolarctobacterium   ,uncultured Veillonellaceae
ASV_11,Bacteria,Proteobacteria,Gammaproteobacteria,Enterobacterales  ,Enterobacteriaceae  ,NA,NA
ASV_12,Bacteria,Bacteroidota,Bacteroidia,Bacteroidales  ,Bacteroidaceae  ,Bacteroides   ,Bacteroides vulgatus
ASV_13,Bacteria,Firmicutes,Clostridia,Oscillospirales  ,Oscillospiraceae  ,Colidextribacter   ,uncultured Flavonifractor
ASV_14,Bacteria,Bacteroidota,Bacteroidia,Bacteroidales  ,Bacteroidaceae  ,Bacteroides   ,Bacteroides vulgatus
ASV_15,Bacteria,Firmicutes,Clostridia,Clostridia UCG-014 ,Clostridia UCG-014 ,Clostridia UCG-014  ,uncultured bacterium
ASV_16,Bacteria,Firmicutes,Clostridia,Lachnospirales  ,Lachnospiraceae  ,Frisingicoccus   ,uncultured organism
ASV_17,Bacteria,Bacteroidota,Bacteroidia,Bacteroidales  ,Marinifilaceae  ,Butyricimonas   ,uncultured organism
ASV_18,Bacteria,Firmicutes,Clostridia,Oscillospirales  ,Oscillospiraceae  ,UCG-002   ,uncultured rumen
ASV_19,Bacteria,Firmicutes,Clostridia,Lachnospirales  ,Lachnospiraceae  ,Eubacterium eligens group ,uncultured organism
ASV_20,Bacteria,Firmicutes,Bacilli,Erysipelotrichales  ,Erysipelotrichaceae  ,Turicibacter   ,NA
ASV_21,Bacteria,Bacteroidota,Bacteroidia,Bacteroidales  ,Bacteroidaceae  ,Bacteroides   ,Bacteroides ovatus
ASV_22,Bacteria,Firmicutes,Clostridia,Lachnospirales  ,Lachnospiraceae  ,Eubacterium ventriosum group ,uncultured bacterium
ASV_23,Bacteria,Firmicutes,Clostridia,Christensenellales  ,Christensenellaceae  ,Christensenellaceae R-7 group ,uncultured Spirochaetales
ASV_24,Bacteria,Firmicutes,Clostridia,Lachnospirales  ,Lachnospiraceae  ,uncultured   ,human gut
ASV_25,Bacteria,Verrucomicrobiota,Lentisphaeria,Victivallales  ,Victivallaceae  ,Victivallis   ,uncultured bacterium
ASV_26,Bacteria,Firmicutes,Clostridia,Christensenellales  ,Christensenellaceae  ,Christensenellaceae R-7 group ,uncultured prokaryote
ASV_27,Bacteria,Firmicutes,Clostridia,Oscillospirales  ,Eubacterium coprostanoligenes group,Eubacterium coprostanoligenes group ,gut metagenome
ASV_28,Bacteria,Firmicutes,Bacilli,Lactobacillales  ,Enterococcaceae  ,Enterococcus   ,Enterococcus durans
ASV_29,Bacteria,Firmicutes,Clostridia,Lachnospirales  ,Lachnospiraceae  ,Eubacterium ventriosum group ,uncultured organism
ASV_30,Bacteria,Bacteroidota,Bacteroidia,Bacteroidales  ,Tannerellaceae  ,Parabacteroides   ,Parabacteroides distasonis
ASV_31,Bacteria,Bacteroidota,Bacteroidia,Bacteroidales  ,Tannerellaceae  ,Parabacteroides   ,Parabacteroides distasonis
ASV_32,Bacteria,Firmicutes,NA,NA,NA,NA,NA
ASV_33,Bacteria,Firmicutes,Clostridia,Lachnospirales  ,Lachnospiraceae  ,Blautia   ,uncultured Blautia
ASV_34,Bacteria,Firmicutes,Clostridia,Lachnospirales  ,Lachnospiraceae  ,Lachnoclostridium   ,Clostridium aldenense
ASV_35,Bacteria,Bacteroidota,Bacteroidia,Bacteroidales  ,Prevotellaceae  ,Prevotella 9  ,uncultured organism
ASV_36,Bacteria,Firmicutes,Clostridia,Oscillospirales  ,Oscillospiraceae  ,UCG-002   ,gut metagenome
ASV_37,Bacteria,Firmicutes,Clostridia,Lachnospirales  ,Lachnospiraceae  ,Blautia   ,uncultured Blautia
ASV_38,Bacteria,Bacteroidota,Bacteroidia,Bacteroidales  ,Tannerellaceae  ,Parabacteroides   ,Parabacteroides goldsteinii
ASV_39,Bacteria,Firmicutes,Clostridia,Lachnospirales  ,Lachnospiraceae  ,Lachnospiraceae NK4A136 group ,metagenome 
ASV_40,Bacteria,Firmicutes,Clostridia,Lachnospirales  ,Lachnospiraceae  ,Lachnospiraceae UCG-004  ,uncultured organism
ASV_41,Bacteria,Firmicutes,Clostridia,Lachnospirales  ,Lachnospiraceae  ,Ruminococcus gauvreauii group ,uncultured Clostridiales
ASV_42,Bacteria,Bacteroidota,Bacteroidia,Bacteroidales  ,Bacteroidaceae  ,Bacteroides   ,Bacteroides vulgatus
ASV_43,Bacteria,Bacteroidota,Bacteroidia,Bacteroidales  ,Bacteroidaceae  ,Bacteroides   ,Bacteroides uniformis
ASV_44,Bacteria,Bacteroidota,Bacteroidia,Bacteroidales  ,Tannerellaceae  ,Parabacteroides   ,Parabacteroides distasonis
ASV_45,Bacteria,Firmicutes,Clostridia,Lachnospirales  ,Lachnospiraceae  ,Lachnospiraceae UCG-004  ,uncultured organism
ASV_46,Bacteria,Firmicutes,Clostridia,Oscillospirales  ,Oscillospiraceae  ,UCG-003   ,metagenome 
ASV_47,Bacteria,Desulfobacterota,Desulfovibrionia,Desulfovibrionales  ,Desulfovibrionaceae  ,Bilophila   ,Bilophila wadsworthia
ASV_48,Bacteria,Firmicutes,Negativicutes,Acidaminococcales  ,Acidaminococcaceae  ,Phascolarctobacterium   ,uncultured Firmicutes
ASV_49,Bacteria,Firmicutes,Clostridia,Lachnospirales  ,Lachnospiraceae  ,Lachnoclostridium   ,bacterium NLAE-zl-G121
ASV_50,Bacteria,Firmicutes,Negativicutes,Acidaminococcales  ,Acidaminococcaceae  ,Phascolarctobacterium   ,uncultured Veillonellaceae
ASV_51,Bacteria,Firmicutes,Clostridia,Oscillospirales  ,Ruminococcaceae  ,Eubacterium siraeum group ,uncultured bacterium
ASV_52,Bacteria,Desulfobacterota,Desulfovibrionia,Desulfovibrionales  ,Desulfovibrionaceae  ,Bilophila   ,Bilophila wadsworthia
ASV_53,Bacteria,Firmicutes,Bacilli,Lactobacillales  ,Streptococcaceae  ,Streptococcus   ,Streptococcus salivarius
ASV_54,Bacteria,Firmicutes,Clostridia,Lachnospirales  ,Lachnospiraceae  ,Eubacterium ventriosum group ,uncultured organism
ASV_55,Bacteria,Proteobacteria,Gammaproteobacteria,Burkholderiales  ,Sutterellaceae  ,Parasutterella   ,uncultured organism
ASV_56,Bacteria,Bacteroidota,Bacteroidia,Bacteroidales  ,Bacteroidaceae  ,Bacteroides   ,Bacteroides massiliensis
ASV_57,Bacteria,Firmicutes,Clostridia,Oscillospirales  ,NA,NA,NA
ASV_58,Bacteria,Firmicutes,Clostridia,Lachnospirales  ,Lachnospiraceae  ,Eubacterium hallii group ,uncultured organism
ASV_59,Bacteria,Proteobacteria,Gammaproteobacteria,Burkholderiales  ,Sutterellaceae  ,Parasutterella   ,uncultured organism
ASV_60,Bacteria,Bacteroidota,Bacteroidia,Bacteroidales  ,Marinifilaceae  ,Butyricimonas   ,NA
ASV_61,Bacteria,Bacteroidota,Bacteroidia,Bacteroidales  ,Bacteroidaceae  ,Bacteroides   ,Bacteroides fragilis
ASV_62,Bacteria,Bacteroidota,Bacteroidia,Bacteroidales  ,Rikenellaceae  ,Alistipes   ,Alistipes indistinctus
ASV_63,Bacteria,Firmicutes,Clostridia,Oscillospirales  ,Ruminococcaceae  ,Negativibacillus   ,NA
ASV_64,Bacteria,Firmicutes,Clostridia,Lachnospirales  ,Lachnospiraceae  ,Lachnospiraceae FCS020 group ,uncultured organism
ASV_65,Bacteria,Firmicutes,Negativicutes,Veillonellales-Selenomonadales  ,Veillonellaceae  ,Dialister   ,Dialister sp.
ASV_66,Bacteria,Bacteroidota,Bacteroidia,Bacteroidales  ,Bacteroidaceae  ,Bacteroides   ,Bacteroides ovatus
ASV_67,Bacteria,Firmicutes,Negativicutes,Acidaminococcales  ,Acidaminococcaceae  ,Phascolarctobacterium   ,uncultured organism
ASV_68,Bacteria,Proteobacteria,Gammaproteobacteria,Burkholderiales  ,Sutterellaceae  ,Sutterella   ,gut metagenome
ASV_69,Bacteria,Bacteroidota,Bacteroidia,Bacteroidales  ,Bacteroidaceae  ,Bacteroides   ,Bacteroides intestinalis
ASV_70,Bacteria,Bacteroidota,Bacteroidia,Bacteroidales  ,Muribaculaceae  ,Muribaculaceae   ,uncultured bacterium
ASV_71,Bacteria,Bacteroidota,Bacteroidia,Bacteroidales  ,Tannerellaceae  ,Parabacteroides   ,Parabacteroides merdae
ASV_72,Bacteria,Firmicutes,Clostridia,Lachnospirales  ,Lachnospiraceae  ,GCA-900066575   ,NA
ASV_73,Bacteria,Firmicutes,Clostridia,Lachnospirales  ,Lachnospiraceae  ,Dorea   ,NA
ASV_74,Bacteria,Bacteroidota,Bacteroidia,Bacteroidales  ,Marinifilaceae  ,Butyricimonas   ,NA
ASV_75,Bacteria,Bacteroidota,Bacteroidia,Bacteroidales  ,Tannerellaceae  ,Parabacteroides   ,Parabacteroides distasonis
ASV_76,Bacteria,Firmicutes,Clostridia,Lachnospirales  ,Lachnospiraceae  ,Eubacterium ruminantium group ,gut metagenome
ASV_77,Bacteria,Bacteroidota,Bacteroidia,Bacteroidales  ,Bacteroidaceae  ,Bacteroides   ,Bacteroides intestinalis
ASV_78,Bacteria,Proteobacteria,Gammaproteobacteria,Burkholderiales  ,Sutterellaceae  ,Sutterella   ,Sutterellaceae bacterium
ASV_79,Bacteria,Firmicutes,Clostridia,Lachnospirales  ,Lachnospiraceae  ,Coprococcus   ,uncultured organism
ASV_80,Bacteria,Proteobacteria,Gammaproteobacteria,Burkholderiales  ,Sutterellaceae  ,Sutterella   ,Sutterellaceae bacterium
ASV_81,Bacteria,Bacteroidota,Bacteroidia,Bacteroidales  ,Bacteroidaceae  ,Bacteroides   ,Bacteroides vulgatus
ASV_82,Bacteria,Bacteroidota,Bacteroidia,Bacteroidales  ,Bacteroidaceae  ,Bacteroides   ,NA
ASV_83,Bacteria,Bacteroidota,Bacteroidia,Bacteroidales  ,Barnesiellaceae  ,Barnesiella   ,uncultured organism
ASV_84,Bacteria,Bacteroidota,Bacteroidia,Bacteroidales  ,Rikenellaceae  ,Alistipes   ,Bacteroides sp.
ASV_85,Bacteria,Proteobacteria,Gammaproteobacteria,Enterobacterales  ,Enterobacteriaceae  ,NA,NA
ASV_86,Bacteria,Firmicutes,Clostridia,Monoglobales  ,Monoglobaceae  ,Monoglobus   ,Monoglobus pectinilyticus
ASV_87,Bacteria,Bacteroidota,Bacteroidia,Bacteroidales  ,Bacteroidaceae  ,Bacteroides   ,Bacteroides ovatus
ASV_88,Bacteria,Firmicutes,Clostridia,Oscillospirales  ,Oscillospiraceae  ,Flavonifractor   ,uncultured bacterium
ASV_89,Bacteria,Proteobacteria,Gammaproteobacteria,Enterobacterales  ,Enterobacteriaceae  ,Escherichia-Shigella   ,Shigella flexneri
ASV_90,Bacteria,Firmicutes,Clostridia,Lachnospirales  ,Lachnospiraceae  ,Tyzzerella   ,Tyzzerella sp.
ASV_91,Bacteria,Bacteroidota,Bacteroidia,Bacteroidales  ,Bacteroidaceae  ,Bacteroides   ,Bacteroides ovatus
ASV_92,Bacteria,Proteobacteria,Gammaproteobacteria,Burkholderiales  ,Sutterellaceae  ,Sutterella   ,NA
ASV_93,Bacteria,Firmicutes,Clostridia,Oscillospirales  ,Ruminococcaceae  ,Subdoligranulum   ,metagenome 
ASV_94,Bacteria,Firmicutes,Clostridia,Lachnospirales  ,Lachnospiraceae  ,Eubacterium xylanophilum group ,uncultured organism
ASV_95,Bacteria,Firmicutes,Clostridia,Oscillospirales  ,Oscillospiraceae  ,Oscillibacter   ,human gut
ASV_96,Bacteria,Firmicutes,Clostridia,Oscillospirales  ,Butyricicoccaceae  ,Butyricicoccus   ,NA
ASV_97,Bacteria,Bacteroidota,Bacteroidia,Bacteroidales  ,Bacteroidaceae  ,Bacteroides   ,Bacteroides fragilis
ASV_98,Bacteria,Firmicutes,Clostridia,Oscillospirales  ,Ruminococcaceae  ,uncultured   ,human gut
ASV_99,Bacteria,Bacteroidota,Bacteroidia,Bacteroidales  ,Bacteroidaceae  ,Bacteroides   ,Bacteroides plebeius
ASV_100,Bacteria,Actinobacteriota,Coriobacteriia,Coriobacteriales  ,Coriobacteriaceae  ,Collinsella   ,Collinsella aerofaciens
ASV_101,Bacteria,Firmicutes,Clostridia,Oscillospirales  ,Ruminococcaceae  ,Eubacterium siraeum group ,Eubacterium siraeum
ASV_102,Bacteria,Firmicutes,Clostridia,Oscillospirales  ,Oscillospiraceae  ,Pseudoflavonifractor   ,uncultured bacterium
ASV_103,Bacteria,Firmicutes,Negativicutes,Acidaminococcales  ,Acidaminococcaceae  ,Acidaminococcus   ,uncultured organism
ASV_104,Bacteria,Firmicutes,Clostridia,Oscillospirales  ,Eubacterium coprostanoligenes group,Eubacterium coprostanoligenes group ,gut metagenome
ASV_105,Bacteria,Firmicutes,Clostridia,Lachnospirales  ,Lachnospiraceae  ,Agathobacter   ,uncultured bacterium
ASV_106,Bacteria,Firmicutes,Clostridia,Lachnospirales  ,Lachnospiraceae  ,Agathobacter   ,uncultured bacterium
ASV_107,Bacteria,Firmicutes,Clostridia,Lachnospirales  ,Lachnospiraceae  ,Lachnoclostridium   ,human gut
ASV_108,Bacteria,Firmicutes,Clostridia,NA,NA,NA,NA
ASV_109,Bacteria,Bacteroidota,Bacteroidia,Bacteroidales  ,Bacteroidaceae  ,Bacteroides   ,Bacteroides ovatus
ASV_110,Bacteria,Firmicutes,Clostridia,Oscillospirales  ,Oscillospiraceae  ,uncultured   ,Clostridium sp.
ASV_111,Bacteria,Firmicutes,Clostridia,Lachnospirales  ,Lachnospiraceae  ,Eubacterium hallii group ,uncultured organism
ASV_112,Bacteria,Bacteroidota,Bacteroidia,Bacteroidales  ,Tannerellaceae  ,Parabacteroides   ,Parabacteroides distasonis
ASV_113,Bacteria,Firmicutes,Clostridia,Lachnospirales  ,Lachnospiraceae  ,Coprococcus   ,NA
ASV_114,Bacteria,Firmicutes,Clostridia,Lachnospirales  ,Lachnospiraceae  ,Lachnospiraceae ND3007 group ,metagenome 
ASV_115,Bacteria,Bacteroidota,Bacteroidia,Bacteroidales  ,Prevotellaceae  ,Paraprevotella   ,NA
ASV_116,Bacteria,Bacteroidota,Bacteroidia,Bacteroidales  ,Prevotellaceae  ,Paraprevotella   ,NA
ASV_117,Bacteria,Firmicutes,Clostridia,Clostridia vadinBB60 group,Clostridia vadinBB60 group,Clostridia vadinBB60 group ,uncultured Thermoanaerobacterales
ASV_118,Bacteria,Bacteroidota,Bacteroidia,Bacteroidales  ,Prevotellaceae  ,Prevotella   ,gut metagenome
ASV_119,Bacteria,Firmicutes,Clostridia,Lachnospirales  ,Lachnospiraceae  ,Anaerostipes   ,metagenome 
ASV_120,Bacteria,Verrucomicrobiota,Verrucomicrobiae,Verrucomicrobiales  ,Akkermansiaceae  ,Akkermansia   ,uncultured bacterium
ASV_121,Bacteria,Firmicutes,Negativicutes,Veillonellales-Selenomonadales  ,Veillonellaceae  ,Megasphaera   ,uncultured organism
ASV_122,Bacteria,Firmicutes,Clostridia,Lachnospirales  ,Lachnospiraceae  ,Eubacterium fissicatena group ,uncultured bacterium
ASV_123,Bacteria,Firmicutes,Negativicutes,Acidaminococcales  ,Acidaminococcaceae  ,Phascolarctobacterium   ,uncultured organism
ASV_124,Bacteria,Firmicutes,Clostridia,Lachnospirales  ,Lachnospiraceae  ,Ruminococcus gauvreauii group ,uncultured Clostridiales
ASV_125,Bacteria,Firmicutes,Negativicutes,Veillonellales-Selenomonadales  ,Selenomonadaceae  ,Megamonas   ,uncultured organism
ASV_126,Bacteria,Firmicutes,Clostridia,Lachnospirales  ,Lachnospiraceae  ,Agathobacter   ,uncultured bacterium
ASV_127,Bacteria,Firmicutes,Clostridia,Lachnospirales  ,Lachnospiraceae  ,Lachnospiraceae NK4A136 group ,gut metagenome
ASV_128,Bacteria,Firmicutes,Clostridia,Oscillospirales  ,Ruminococcaceae  ,Subdoligranulum   ,uncultured organism
ASV_129,Bacteria,Bacteroidota,Bacteroidia,Bacteroidales  ,Bacteroidaceae  ,Bacteroides   ,Bacteroides plebeius
ASV_130,Bacteria,Firmicutes,Clostridia,Oscillospirales  ,Ruminococcaceae  ,Faecalibacterium   ,metagenome 
ASV_131,Bacteria,Proteobacteria,Alphaproteobacteria,Rhodospirillales  ,uncultured  ,uncultured   ,gut metagenome
ASV_132,Bacteria,Actinobacteriota,Coriobacteriia,Coriobacteriales  ,Eggerthellaceae  ,Eggerthella   ,uncultured bacterium
ASV_133,Bacteria,Firmicutes,Clostridia,Lachnospirales  ,Lachnospiraceae  ,Blautia   ,Blautia caecimuris
ASV_134,Bacteria,Firmicutes,Negativicutes,Acidaminococcales  ,Acidaminococcaceae  ,Phascolarctobacterium   ,uncultured organism
ASV_135,Bacteria,Firmicutes,Clostridia,Clostridia vadinBB60 group,Clostridia vadinBB60 group,Clostridia vadinBB60 group ,gut metagenome
ASV_136,Bacteria,Bacteroidota,Bacteroidia,Bacteroidales  ,Prevotellaceae  ,Prevotella   ,Prevotella stercorea
ASV_137,Bacteria,Actinobacteriota,Coriobacteriia,Coriobacteriales  ,Eggerthellaceae  ,Eggerthella   ,uncultured bacterium
ASV_138,Bacteria,Firmicutes,Clostridia,Oscillospirales  ,Oscillospiraceae  ,NK4A214 group  ,metagenome 
ASV_139,Bacteria,Bacteroidota,Bacteroidia,Bacteroidales  ,Marinifilaceae  ,Odoribacter   ,Odoribacter splanchnicus
ASV_140,Bacteria,Firmicutes,Clostridia,Lachnospirales  ,Lachnospiraceae  ,Lachnospira   ,uncultured organism
ASV_141,Bacteria,Firmicutes,Clostridia,Lachnospirales  ,Lachnospiraceae  ,Agathobacter   ,uncultured bacterium
ASV_142,Bacteria,Bacteroidota,Bacteroidia,Bacteroidales  ,Bacteroidaceae  ,Bacteroides   ,Bacteroides vulgatus
ASV_143,Bacteria,Bacteroidota,Bacteroidia,Bacteroidales  ,Bacteroidaceae  ,Bacteroides   ,Bacteroides coprocola
ASV_144,Bacteria,Proteobacteria,Gammaproteobacteria,Enterobacterales  ,Pasteurellaceae  ,Haemophilus   ,Haemophilus pittmaniae
ASV_145,Bacteria,Bacteroidota,Bacteroidia,Bacteroidales  ,Bacteroidaceae  ,Bacteroides   ,NA
ASV_146,Bacteria,Actinobacteriota,Coriobacteriia,Coriobacteriales  ,Coriobacteriales Incertae Sedis,uncultured   ,uncultured organism
ASV_147,Bacteria,Bacteroidota,Bacteroidia,Bacteroidales  ,Barnesiellaceae  ,Barnesiella   ,NA
ASV_148,Bacteria,Firmicutes,Clostridia,Oscillospirales  ,Ruminococcaceae  ,Faecalibacterium   ,NA
ASV_149,Bacteria,Firmicutes,Clostridia,Lachnospirales  ,Lachnospiraceae  ,Lachnospiraceae UCG-008  ,uncultured organism
ASV_150,Bacteria,Firmicutes,Clostridia,Oscillospirales  ,Ruminococcaceae  ,UBA1819   ,uncultured organism
ASV_151,Bacteria,Firmicutes,Clostridia,Oscillospirales  ,Ruminococcaceae  ,Incertae Sedis  ,Clostridium leptum
ASV_152,Bacteria,Bacteroidota,Bacteroidia,Bacteroidales  ,Bacteroidaceae  ,Bacteroides   ,Bacteroides ovatus
ASV_153,Bacteria,Desulfobacterota,Desulfovibrionia,Desulfovibrionales  ,Desulfovibrionaceae  ,Desulfovibrio   ,gut metagenome
ASV_154,Bacteria,Firmicutes,Clostridia,Oscillospirales  ,Oscillospiraceae  ,UCG-002   ,Trichuris trichiura
ASV_155,Bacteria,Firmicutes,NA,NA,NA,NA,NA
ASV_156,Bacteria,Firmicutes,Clostridia,Lachnospirales  ,Lachnospiraceae  ,Ruminococcus torques group ,Ruminococcus faecis
ASV_157,Bacteria,Firmicutes,Clostridia,Lachnospirales  ,Lachnospiraceae  ,NA,NA
ASV_158,Bacteria,Bacteroidota,Bacteroidia,Bacteroidales  ,Prevotellaceae  ,Paraprevotella   ,metagenome 
ASV_159,Bacteria,Firmicutes,Clostridia,Monoglobales  ,Monoglobaceae  ,Monoglobus   ,uncultured organism
ASV_160,Bacteria,Firmicutes,Negativicutes,Acidaminococcales  ,Acidaminococcaceae  ,Phascolarctobacterium   ,uncultured Veillonellaceae
ASV_161,Bacteria,Bacteroidota,Bacteroidia,Bacteroidales  ,Prevotellaceae  ,Prevotella   ,gut metagenome
ASV_162,Bacteria,Bacteroidota,Bacteroidia,Bacteroidales  ,Bacteroidaceae  ,Bacteroides   ,unidentified 
ASV_163,Bacteria,Firmicutes,Clostridia,Oscillospirales  ,Oscillospiraceae  ,UCG-005   ,uncultured prokaryote
ASV_164,Bacteria,Proteobacteria,Alphaproteobacteria,Rhodospirillales  ,uncultured  ,uncultured   ,gut metagenome
ASV_165,Bacteria,Firmicutes,Clostridia,Lachnospirales  ,Lachnospiraceae  ,Eisenbergiella   ,Lachnospiraceae bacterium
ASV_166,Bacteria,Firmicutes,Clostridia,Clostridia UCG-014 ,Clostridia UCG-014 ,Clostridia UCG-014  ,uncultured bacterium
ASV_167,Bacteria,Firmicutes,Clostridia,Lachnospirales  ,Lachnospiraceae  ,Lachnoclostridium   ,Clostridium scindens
ASV_168,Bacteria,Bacteroidota,Bacteroidia,Bacteroidales  ,Bacteroidaceae  ,Bacteroides   ,Bacteroides uniformis
ASV_169,Bacteria,Firmicutes,Clostridia,Lachnospirales  ,Lachnospiraceae  ,Lachnospiraceae UCG-010  ,uncultured organism
ASV_170,Bacteria,Proteobacteria,Gammaproteobacteria,Enterobacterales  ,Pasteurellaceae  ,Haemophilus   ,uncultured bacterium
ASV_171,Bacteria,Firmicutes,Clostridia,Oscillospirales  ,Ruminococcaceae  ,Faecalibacterium   ,metagenome 
ASV_172,Bacteria,Firmicutes,Clostridia,Oscillospirales  ,Ruminococcaceae  ,Incertae Sedis  ,Carnobacterium sp.
ASV_173,Bacteria,Bacteroidota,Bacteroidia,Bacteroidales  ,Tannerellaceae  ,Parabacteroides   ,Parabacteroides distasonis
ASV_174,Bacteria,Bacteroidota,Bacteroidia,Bacteroidales  ,Rikenellaceae  ,Alistipes   ,Alistipes obesi
ASV_175,Bacteria,Firmicutes,Clostridia,Lachnospirales  ,Lachnospiraceae  ,Eubacterium eligens group ,uncultured organism
ASV_176,Bacteria,Firmicutes,Clostridia,Oscillospirales  ,Ruminococcaceae  ,Incertae Sedis  ,Clostridium leptum
ASV_177,Bacteria,Bacteroidota,Bacteroidia,Bacteroidales  ,Bacteroidaceae  ,Bacteroides   ,Bacteroides vulgatus
ASV_178,Bacteria,Firmicutes,Clostridia,Lachnospirales  ,Lachnospiraceae  ,Lachnospiraceae FCS020 group ,uncultured organism
ASV_179,Bacteria,Bacteroidota,Bacteroidia,Bacteroidales  ,Bacteroidaceae  ,Bacteroides   ,unidentified 
ASV_180,Bacteria,Bacteroidota,Bacteroidia,Bacteroidales  ,Rikenellaceae  ,Alistipes   ,NA
ASV_181,Bacteria,Bacteroidota,Bacteroidia,Bacteroidales  ,Prevotellaceae  ,Paraprevotella   ,metagenome 
ASV_182,Bacteria,Firmicutes,Clostridia,Lachnospirales  ,Lachnospiraceae  ,Ruminococcus torques group ,uncultured organism
ASV_183,Bacteria,Firmicutes,Clostridia,Lachnospirales  ,Lachnospiraceae  ,Lachnospiraceae NK4A136 group ,metagenome 
ASV_184,Bacteria,Firmicutes,Clostridia,Lachnospirales  ,Lachnospiraceae  ,Lachnospiraceae UCG-010  ,uncultured organism
ASV_185,Bacteria,Bacteroidota,Bacteroidia,Bacteroidales  ,Tannerellaceae  ,Parabacteroides   ,Parabacteroides johnsonii
ASV_186,Bacteria,Bacteroidota,Bacteroidia,Bacteroidales  ,Bacteroidaceae  ,Bacteroides   ,Bacteroides uniformis
ASV_187,Bacteria,Bacteroidota,Bacteroidia,Bacteroidales  ,Rikenellaceae  ,Alistipes   ,Alistipes shahii
ASV_188,Bacteria,Firmicutes,Clostridia,NA,NA,NA,NA
ASV_189,Bacteria,Firmicutes,Clostridia,NA,NA,NA,NA
ASV_190,Bacteria,Firmicutes,Clostridia,Lachnospirales  ,Lachnospiraceae  ,Eubacterium hallii group ,uncultured organism
ASV_191,Bacteria,Firmicutes,Clostridia,Oscillospirales  ,Ruminococcaceae  ,Subdoligranulum   ,uncultured organism
ASV_192,Bacteria,Actinobacteriota,Coriobacteriia,Coriobacteriales  ,Coriobacteriales Incertae Sedis,uncultured   ,uncultured organism
ASV_193,Bacteria,Firmicutes,Clostridia,Clostridia UCG-014 ,Clostridia UCG-014 ,Clostridia UCG-014  ,NA
ASV_194,Bacteria,Bacteroidota,Bacteroidia,Bacteroidales  ,Rikenellaceae  ,Alistipes   ,NA
ASV_195,Bacteria,Bacteroidota,Bacteroidia,Bacteroidales  ,Bacteroidaceae  ,Bacteroides   ,Bacteroides uniformis
ASV_196,Bacteria,Firmicutes,Clostridia,Lachnospirales  ,Lachnospiraceae  ,Ruminococcus gnavus group ,uncultured bacterium
ASV_197,Bacteria,Bacteroidota,Bacteroidia,Bacteroidales  ,Bacteroidaceae  ,Bacteroides   ,Bacteroides intestinalis
ASV_198,Bacteria,Bacteroidota,Bacteroidia,Bacteroidales  ,Bacteroidaceae  ,Bacteroides   ,Bacteroides coprocola
ASV_199,Bacteria,Firmicutes,Clostridia,Oscillospirales  ,Ruminococcaceae  ,Ruminococcus   ,Ruminococcus bicirculans
ASV_200,Bacteria,Firmicutes,Clostridia,Lachnospirales  ,Lachnospiraceae  ,Lachnospiraceae UCG-001  ,metagenome 
ASV_201,Bacteria,Firmicutes,uncultured,uncultured  ,uncultured  ,uncultured   ,uncultured Peptococcaceae
ASV_202,Bacteria,Bacteroidota,Bacteroidia,Bacteroidales  ,Barnesiellaceae  ,Barnesiella   ,uncultured organism
ASV_203,Bacteria,Firmicutes,Clostridia,Lachnospirales  ,Lachnospiraceae  ,Coprococcus   ,NA
ASV_204,Bacteria,Bacteroidota,Bacteroidia,Bacteroidales  ,Bacteroidaceae  ,Bacteroides   ,Bacteroides vulgatus
ASV_205,Bacteria,Firmicutes,Clostridia,Clostridia vadinBB60 group,Clostridia vadinBB60 group,Clostridia vadinBB60 group ,uncultured Thermoanaerobacterales
ASV_206,Bacteria,Bacteroidota,Bacteroidia,Bacteroidales  ,Bacteroidaceae  ,Bacteroides   ,Bacteroides vulgatus
ASV_207,Bacteria,Bacteroidota,Bacteroidia,Bacteroidales  ,Prevotellaceae  ,Paraprevotella   ,uncultured bacterium
ASV_208,Bacteria,Firmicutes,Clostridia,Oscillospirales  ,Eubacterium coprostanoligenes group,Eubacterium coprostanoligenes group ,gut metagenome
ASV_209,Bacteria,Firmicutes,Clostridia,NA,NA,NA,NA
ASV_210,Bacteria,Bacteroidota,Bacteroidia,Bacteroidales  ,Prevotellaceae  ,Prevotella 7  ,Massiliprevotella massiliensis
ASV_211,Bacteria,Bacteroidota,Bacteroidia,Bacteroidales  ,Bacteroidaceae  ,Bacteroides   ,Bacteroides vulgatus
ASV_212,Bacteria,Firmicutes,Clostridia,NA,NA,NA,NA
ASV_213,Bacteria,Firmicutes,Clostridia,Lachnospirales  ,Lachnospiraceae  ,Blautia   ,Blautia caecimuris
ASV_214,Bacteria,Firmicutes,Clostridia,Clostridia UCG-014 ,Clostridia UCG-014 ,Clostridia UCG-014  ,NA
ASV_215,Bacteria,Bacteroidota,Bacteroidia,Bacteroidales  ,Tannerellaceae  ,Parabacteroides   ,Parabacteroides distasonis
ASV_216,Bacteria,Firmicutes,Clostridia,Lachnospirales  ,Lachnospiraceae  ,Lachnospiraceae UCG-004  ,uncultured organism
ASV_217,Bacteria,Firmicutes,Clostridia,Oscillospirales  ,Oscillospiraceae  ,Oscillibacter   ,human gut
ASV_218,Bacteria,Firmicutes,Clostridia,Lachnospirales  ,Lachnospiraceae  ,Eubacterium hallii group ,uncultured organism
ASV_219,Bacteria,Firmicutes,Clostridia,Lachnospirales  ,Lachnospiraceae  ,Hungatella   ,uncultured bacterium
ASV_220,Bacteria,Firmicutes,Clostridia,Christensenellales  ,Christensenellaceae  ,Christensenellaceae R-7 group ,uncultured prokaryote
ASV_221,Bacteria,Firmicutes,Clostridia,Oscillospirales  ,Oscillospiraceae  ,UCG-002   ,NA
ASV_222,Bacteria,Firmicutes,Bacilli,Erysipelotrichales  ,Erysipelatoclostridiaceae  ,Erysipelatoclostridium   ,Erysipelatoclostridium ramosum
ASV_223,Bacteria,Firmicutes,Clostridia,Oscillospirales  ,Butyricicoccaceae  ,UCG-009   ,uncultured organism
ASV_224,Bacteria,Bacteroidota,Bacteroidia,Bacteroidales  ,Rikenellaceae  ,Alistipes   ,Alistipes shahii
ASV_225,Bacteria,Firmicutes,Clostridia,Lachnospirales  ,Lachnospiraceae  ,Eubacterium hallii group ,uncultured organism
ASV_226,Bacteria,Firmicutes,Clostridia,Oscillospirales  ,Ruminococcaceae  ,NA,NA
ASV_227,Bacteria,Firmicutes,Bacilli,Erysipelotrichales  ,Erysipelotrichaceae  ,Turicibacter   ,uncultured bacterium
ASV_228,Bacteria,Bacteroidota,Bacteroidia,Bacteroidales  ,Rikenellaceae  ,Alistipes   ,Alistipes finegoldii
ASV_229,Bacteria,Firmicutes,Clostridia,Lachnospirales  ,Lachnospiraceae  ,NA,NA
ASV_230,Bacteria,Firmicutes,Bacilli,Lactobacillales  ,Lactobacillaceae  ,Limosilactobacillus   ,Lactobacillus fermentum
ASV_231,Bacteria,Bacteroidota,Bacteroidia,Bacteroidales  ,Rikenellaceae  ,Alistipes   ,Alistipes inops
ASV_232,Bacteria,Firmicutes,Clostridia,Peptostreptococcales-Tissierellales  ,Peptostreptococcaceae  ,Intestinibacter   ,uncultured bacterium
ASV_233,Bacteria,Bacteroidota,Bacteroidia,Bacteroidales  ,Prevotellaceae  ,Prevotella 9  ,metagenome 
ASV_234,Bacteria,Firmicutes,Clostridia,Lachnospirales  ,Lachnospiraceae  ,Agathobacter   ,uncultured bacterium
ASV_235,Bacteria,Firmicutes,Bacilli,Erysipelotrichales  ,Erysipelotrichaceae  ,Faecalitalea   ,uncultured organism
ASV_236,Bacteria,Firmicutes,Clostridia,Lachnospirales  ,Lachnospiraceae  ,Roseburia   ,uncultured organism
ASV_237,Bacteria,Firmicutes,Clostridia,Lachnospirales  ,Lachnospiraceae  ,NA,NA
ASV_238,Bacteria,Firmicutes,Clostridia,Oscillospirales  ,Ruminococcaceae  ,Ruminococcus   ,metagenome 
ASV_239,Bacteria,Actinobacteriota,Actinobacteria,Bifidobacteriales  ,Bifidobacteriaceae  ,Bifidobacterium   ,Bifidobacterium longum
ASV_240,Bacteria,Firmicutes,Clostridia,Clostridiales  ,Clostridiaceae  ,Clostridium sensu stricto 1,metagenome 
ASV_241,Bacteria,Firmicutes,Clostridia,Peptostreptococcales-Tissierellales  ,Peptostreptococcaceae  ,Romboutsia   ,uncultured bacterium
ASV_242,Bacteria,Bacteroidota,Bacteroidia,Bacteroidales  ,Prevotellaceae  ,Prevotella 9  ,uncultured organism
ASV_243,Bacteria,Firmicutes,Clostridia,Lachnospirales  ,Lachnospiraceae  ,Marvinbryantia   ,uncultured Clostridium
ASV_244,Bacteria,Firmicutes,Clostridia,Oscillospirales  ,Oscillospiraceae  ,Oscillibacter   ,uncultured organism
ASV_245,Bacteria,Bacteroidota,Bacteroidia,Bacteroidales  ,Bacteroidaceae  ,Bacteroides   ,Bacteroides massiliensis
ASV_246,Bacteria,Bacteroidota,Bacteroidia,Bacteroidales  ,Rikenellaceae  ,Alistipes   ,Alistipes finegoldii
ASV_247,Bacteria,Bacteroidota,Bacteroidia,Bacteroidales  ,Bacteroidaceae  ,Bacteroides   ,Bacteroides fragilis
ASV_248,Bacteria,Firmicutes,Clostridia,Lachnospirales  ,Lachnospiraceae  ,Blautia   ,Blautia sp.
ASV_249,Bacteria,Firmicutes,Clostridia,Lachnospirales  ,Lachnospiraceae  ,Lachnospiraceae NK4A136 group ,NA
ASV_250,Bacteria,Firmicutes,Clostridia,Lachnospirales  ,Lachnospiraceae  ,Eubacterium eligens group ,uncultured organism
ASV_251,Bacteria,Firmicutes,Clostridia,Peptostreptococcales-Tissierellales  ,Anaerovoracaceae  ,Family XIII AD3011 group,uncultured organism
ASV_252,Bacteria,Firmicutes,Clostridia,Lachnospirales  ,Lachnospiraceae  ,Ruminococcus gnavus group ,uncultured bacterium
ASV_253,Bacteria,Firmicutes,Clostridia,Oscillospirales  ,Ruminococcaceae  ,Eubacterium siraeum group ,Eubacterium siraeum
ASV_254,Bacteria,Firmicutes,Clostridia,Oscillospirales  ,Oscillospiraceae  ,UCG-005   ,uncultured prokaryote
ASV_255,Bacteria,Firmicutes,Clostridia,Oscillospirales  ,Oscillospiraceae  ,uncultured   ,uncultured bacterium
ASV_256,Bacteria,Actinobacteriota,Coriobacteriia,Coriobacteriales  ,Eggerthellaceae  ,Eggerthella   ,uncultured bacterium
ASV_257,Bacteria,Firmicutes,Clostridia,Oscillospirales  ,Ruminococcaceae  ,Subdoligranulum   ,uncultured organism
ASV_258,Bacteria,Verrucomicrobiota,Verrucomicrobiae,Verrucomicrobiales  ,Akkermansiaceae  ,Akkermansia   ,NA
ASV_259,Bacteria,Firmicutes,Clostridia,Oscillospirales  ,Eubacterium coprostanoligenes group,Eubacterium coprostanoligenes group ,metagenome 
ASV_260,Bacteria,Firmicutes,Clostridia,Lachnospirales  ,Lachnospiraceae  ,Lachnospiraceae FCS020 group ,uncultured Clostridium
ASV_261,Bacteria,Firmicutes,Clostridia,Lachnospirales  ,Lachnospiraceae  ,Sellimonas   ,uncultured bacterium
ASV_262,Bacteria,Proteobacteria,Gammaproteobacteria,Burkholderiales  ,Sutterellaceae  ,Sutterella   ,Sutterellaceae bacterium
ASV_263,Bacteria,Firmicutes,Clostridia,Clostridiales  ,Clostridiaceae  ,Clostridium sensu stricto 1,metagenome 
ASV_264,Bacteria,Firmicutes,Negativicutes,Acidaminococcales  ,Acidaminococcaceae  ,Phascolarctobacterium   ,uncultured Firmicutes
ASV_265,Bacteria,Firmicutes,Clostridia,Oscillospirales  ,Butyricicoccaceae  ,Butyricicoccus   ,uncultured organism
ASV_266,Bacteria,Firmicutes,Clostridia,Lachnospirales  ,Lachnospiraceae  ,Lachnospiraceae NK4A136 group ,gut metagenome
ASV_267,Bacteria,Firmicutes,Clostridia,Oscillospirales  ,Oscillospiraceae  ,UCG-002   ,uncultured organism
ASV_268,Bacteria,Proteobacteria,Alphaproteobacteria,Rhodospirillales  ,uncultured  ,uncultured   ,gut metagenome
ASV_269,Bacteria,Actinobacteriota,Coriobacteriia,Coriobacteriales  ,Eggerthellaceae  ,Eggerthella   ,uncultured bacterium
ASV_270,Bacteria,Firmicutes,Clostridia,Lachnospirales  ,Lachnospiraceae  ,NA,NA
ASV_271,Bacteria,Firmicutes,Clostridia,Oscillospirales  ,Oscillospiraceae  ,UCG-005   ,uncultured organism
ASV_272,Bacteria,Proteobacteria,Gammaproteobacteria,Burkholderiales  ,Sutterellaceae  ,Sutterella   ,gut metagenome
ASV_273,Bacteria,Firmicutes,Bacilli,Lactobacillales  ,Streptococcaceae  ,Streptococcus   ,Streptococcus oralis
ASV_274,Bacteria,Firmicutes,Clostridia,Lachnospirales  ,Lachnospiraceae  ,uncultured   ,uncultured Eubacterium
ASV_275,Bacteria,Bacteroidota,Bacteroidia,Bacteroidales  ,Barnesiellaceae  ,Barnesiella   ,NA
ASV_276,Bacteria,Firmicutes,Clostridia,Lachnospirales  ,Lachnospiraceae  ,Agathobacter   ,uncultured bacterium
ASV_277,Bacteria,Proteobacteria,Gammaproteobacteria,Burkholderiales  ,Sutterellaceae  ,Sutterella   ,uncultured bacterium
ASV_278,Bacteria,Firmicutes,Clostridia,Oscillospirales  ,Oscillospiraceae  ,Oscillibacter   ,human gut
ASV_279,Bacteria,Cyanobacteria,Vampirivibrionia,Gastranaerophilales  ,Gastranaerophilales  ,Gastranaerophilales   ,Clostridium sp.
ASV_280,Bacteria,Bacteroidota,Bacteroidia,Bacteroidales  ,Marinifilaceae  ,Butyricimonas   ,uncultured organism
ASV_281,Bacteria,Firmicutes,Clostridia,Lachnospirales  ,Lachnospiraceae  ,Ruminococcus gnavus group ,uncultured bacterium
ASV_282,Bacteria,Bacteroidota,Bacteroidia,Bacteroidales  ,Bacteroidaceae  ,Bacteroides   ,Bacteroides cellulosilyticus
ASV_283,Bacteria,Firmicutes,Clostridia,NA,NA,NA,NA
ASV_284,Bacteria,Firmicutes,Negativicutes,Veillonellales-Selenomonadales  ,Veillonellaceae  ,Veillonella   ,NA
ASV_285,Bacteria,Firmicutes,Clostridia,Christensenellales  ,Christensenellaceae  ,Christensenellaceae R-7 group ,gut metagenome
ASV_286,Bacteria,Firmicutes,Bacilli,Erysipelotrichales  ,Erysipelotrichaceae  ,Turicibacter   ,NA
ASV_287,Bacteria,Firmicutes,Clostridia,Clostridia UCG-014 ,Clostridia UCG-014 ,Clostridia UCG-014  ,NA
ASV_288,Bacteria,Firmicutes,Clostridia,Lachnospirales  ,Lachnospiraceae  ,Roseburia   ,gut metagenome
ASV_289,Bacteria,Firmicutes,Clostridia,Oscillospirales  ,Ruminococcaceae  ,Faecalibacterium   ,NA
ASV_290,Bacteria,Firmicutes,Clostridia,Lachnospirales  ,Lachnospiraceae  ,Tyzzerella   ,Anaerotignum lactatifermentans
ASV_291,Bacteria,Bacteroidota,Bacteroidia,Bacteroidales  ,Bacteroidaceae  ,Bacteroides   ,Bacteroides ovatus
ASV_292,Bacteria,Firmicutes,Clostridia,Oscillospirales  ,Oscillospiraceae  ,NK4A214 group  ,metagenome 
ASV_293,Bacteria,Firmicutes,Clostridia,Monoglobales  ,Monoglobaceae  ,Monoglobus   ,uncultured organism
ASV_294,Bacteria,Firmicutes,Clostridia,Oscillospirales  ,Ruminococcaceae  ,Faecalibacterium   ,NA
ASV_295,Bacteria,Firmicutes,Clostridia,Lachnospirales  ,Lachnospiraceae  ,Lachnospiraceae NK4A136 group ,metagenome 
ASV_296,Bacteria,Bacteroidota,Bacteroidia,Bacteroidales  ,Bacteroidaceae  ,Bacteroides   ,Bacteroides vulgatus
ASV_297,Bacteria,Firmicutes,Clostridia,Oscillospirales  ,Oscillospiraceae  ,UCG-003   ,uncultured bacterium
ASV_298,Bacteria,Bacteroidota,Bacteroidia,Bacteroidales  ,Bacteroidaceae  ,Bacteroides   ,Bacteroides uniformis
ASV_299,Bacteria,Firmicutes,Bacilli,Erysipelotrichales  ,Erysipelatoclostridiaceae  ,Erysipelatoclostridium   ,Clostridium spiroforme
ASV_300,Bacteria,Firmicutes,Clostridia,Lachnospirales  ,Lachnospiraceae  ,Eubacterium ventriosum group ,uncultured Lachnospiraceae
ASV_301,Bacteria,Bacteroidota,Bacteroidia,Bacteroidales  ,Bacteroidaceae  ,Bacteroides   ,Bacteroides ovatus
ASV_302,Bacteria,Firmicutes,Bacilli,Erysipelotrichales  ,Erysipelotrichaceae  ,Clostridium innocuum group ,uncultured bacterium
ASV_303,Bacteria,Firmicutes,Clostridia,Lachnospirales  ,Lachnospiraceae  ,Lachnospiraceae UCG-010  ,uncultured organism
ASV_304,Bacteria,Firmicutes,Clostridia,Clostridia vadinBB60 group,Clostridia vadinBB60 group,Clostridia vadinBB60 group ,uncultured bacterium
ASV_305,Bacteria,Firmicutes,Clostridia,Christensenellales  ,Christensenellaceae  ,Christensenellaceae R-7 group ,uncultured prokaryote
ASV_306,Bacteria,Proteobacteria,Gammaproteobacteria,Enterobacterales  ,Pasteurellaceae  ,Haemophilus   ,uncultured bacterium
ASV_307,Bacteria,Firmicutes,Negativicutes,Acidaminococcales  ,Acidaminococcaceae  ,Phascolarctobacterium   ,uncultured organism
ASV_308,Bacteria,Actinobacteriota,Coriobacteriia,Coriobacteriales  ,Eggerthellaceae  ,Eggerthella   ,uncultured bacterium
ASV_309,Bacteria,Bacteroidota,Bacteroidia,Bacteroidales  ,Tannerellaceae  ,Parabacteroides   ,Parabacteroides distasonis
ASV_310,Bacteria,Firmicutes,Clostridia,Lachnospirales  ,Lachnospiraceae  ,Lachnospiraceae NK4A136 group ,gut metagenome
ASV_311,Bacteria,Bacteroidota,Bacteroidia,Bacteroidales  ,Bacteroidaceae  ,Bacteroides   ,unidentified 
ASV_312,Bacteria,Proteobacteria,Gammaproteobacteria,Burkholderiales  ,Sutterellaceae  ,Sutterella   ,Sutterellaceae bacterium
ASV_313,Bacteria,Firmicutes,Clostridia,Oscillospirales  ,Ruminococcaceae  ,CAG-352   ,uncultured bacterium
ASV_314,Bacteria,Firmicutes,Clostridia,Lachnospirales  ,Lachnospiraceae  ,Eubacterium fissicatena group ,uncultured bacterium
ASV_315,Bacteria,Bacteroidota,Bacteroidia,Bacteroidales  ,Bacteroidaceae  ,Bacteroides   ,Bacteroides uniformis
ASV_316,Bacteria,Firmicutes,Clostridia,Lachnospirales  ,Lachnospiraceae  ,Lachnospiraceae NK4A136 group ,gut metagenome
ASV_317,Bacteria,Firmicutes,Clostridia,Oscillospirales  ,Oscillospiraceae  ,NK4A214 group  ,metagenome 
ASV_318,Bacteria,Firmicutes,Negativicutes,Acidaminococcales  ,Acidaminococcaceae  ,Acidaminococcus   ,Acidaminococcus sp.
ASV_319,Bacteria,Bacteroidota,Bacteroidia,Bacteroidales  ,Barnesiellaceae  ,Barnesiella   ,uncultured organism
ASV_320,Bacteria,Bacteroidota,Bacteroidia,Bacteroidales  ,Barnesiellaceae  ,Barnesiella   ,uncultured organism
ASV_321,Bacteria,Firmicutes,Clostridia,Lachnospirales  ,Lachnospiraceae  ,Eubacterium hallii group ,uncultured organism
ASV_322,Bacteria,Firmicutes,Clostridia,Oscillospirales  ,Ruminococcaceae  ,Faecalibacterium   ,NA
ASV_323,Bacteria,Firmicutes,Clostridia,NA,NA,NA,NA
ASV_324,Bacteria,Firmicutes,Bacilli,Lactobacillales  ,Streptococcaceae  ,Streptococcus   ,Streptococcus oralis
ASV_325,Bacteria,Desulfobacterota,Desulfovibrionia,Desulfovibrionales  ,Desulfovibrionaceae  ,Desulfovibrio   ,gut metagenome
ASV_326,Bacteria,Bacteroidota,Bacteroidia,Bacteroidales  ,Tannerellaceae  ,Parabacteroides   ,Parabacteroides merdae
ASV_327,Bacteria,Bacteroidota,Bacteroidia,Bacteroidales  ,Prevotellaceae  ,Prevotella 9  ,uncultured organism
ASV_328,Bacteria,Firmicutes,Clostridia,Oscillospirales  ,Oscillospiraceae  ,UCG-003   ,metagenome 
ASV_329,Bacteria,Firmicutes,Clostridia,Oscillospirales  ,Ruminococcaceae  ,Faecalibacterium   ,NA
ASV_330,Bacteria,Firmicutes,Clostridia,Oscillospirales  ,Ruminococcaceae  ,CAG-352   ,uncultured bacterium
ASV_331,Bacteria,Bacteroidota,Bacteroidia,Bacteroidales  ,Barnesiellaceae  ,Barnesiella   ,uncultured organism
ASV_332,Bacteria,Firmicutes,Clostridia,Lachnospirales  ,Lachnospiraceae  ,Lachnospiraceae UCG-008  ,uncultured organism
ASV_333,Bacteria,Firmicutes,Clostridia,NA,NA,NA,NA
ASV_334,Bacteria,Bacteroidota,Bacteroidia,Bacteroidales  ,Prevotellaceae  ,Prevotella 9  ,metagenome 
ASV_335,Bacteria,Firmicutes,Clostridia,Lachnospirales  ,Lachnospiraceae  ,Lachnoclostridium   ,NA
ASV_336,Bacteria,Bacteroidota,Bacteroidia,Bacteroidales  ,Barnesiellaceae  ,Barnesiella   ,uncultured organism
ASV_337,Bacteria,Firmicutes,Clostridia,Lachnospirales  ,Lachnospiraceae  ,uncultured   ,metagenome 
ASV_338,Bacteria,Firmicutes,Clostridia,Lachnospirales  ,Lachnospiraceae  ,Lachnospiraceae UCG-004  ,uncultured organism
ASV_339,Bacteria,Firmicutes,Clostridia,Lachnospirales  ,Lachnospiraceae  ,Blautia   ,Ruminococcus sp.
ASV_340,Bacteria,Bacteroidota,Bacteroidia,Bacteroidales  ,Bacteroidaceae  ,Bacteroides   ,Bacteroides ovatus
ASV_341,Bacteria,Firmicutes,Clostridia,Lachnospirales  ,Lachnospiraceae  ,Ruminococcus gnavus group ,uncultured bacterium
ASV_342,Bacteria,Firmicutes,Clostridia,Lachnospirales  ,Lachnospiraceae  ,Eubacterium fissicatena group ,uncultured bacterium
ASV_343,Archaea,Euryarchaeota,Methanobacteria,Methanobacteriales  ,Methanobacteriaceae  ,Methanobrevibacter   ,Methanobrevibacter smithii
ASV_344,Bacteria,Bacteroidota,Bacteroidia,Bacteroidales  ,Bacteroidaceae  ,Bacteroides   ,Bacteroides salyersiae
ASV_345,Bacteria,Firmicutes,Clostridia,Lachnospirales  ,Lachnospiraceae  ,Agathobacter   ,Eubacterium ramulus
ASV_346,Bacteria,Firmicutes,Clostridia,Lachnospirales  ,Lachnospiraceae  ,Lachnoclostridium   ,Clostridium aldenense
ASV_347,Bacteria,Bacteroidota,Bacteroidia,Bacteroidales  ,Bacteroidaceae  ,Bacteroides   ,Bacteroides ovatus
ASV_348,Bacteria,Firmicutes,Clostridia,NA,NA,NA,NA
ASV_349,Bacteria,Firmicutes,Clostridia,Oscillospirales  ,Ruminococcaceae  ,Eubacterium siraeum group ,Eubacterium siraeum
ASV_350,Bacteria,Firmicutes,Clostridia,Lachnospirales  ,Lachnospiraceae  ,Eubacterium ruminantium group ,gut metagenome
ASV_351,Bacteria,Firmicutes,Clostridia,Oscillospirales  ,Ruminococcaceae  ,Faecalibacterium   ,NA
ASV_352,Bacteria,Actinobacteriota,Actinobacteria,Bifidobacteriales  ,Bifidobacteriaceae  ,Bifidobacterium   ,Bifidobacterium longum
ASV_353,Bacteria,Bacteroidota,Bacteroidia,Bacteroidales  ,Marinifilaceae  ,Butyricimonas   ,uncultured organism
ASV_354,Bacteria,Firmicutes,Clostridia,Lachnospirales  ,Lachnospiraceae  ,Agathobacter   ,uncultured bacterium
ASV_355,Bacteria,Bacteroidota,Bacteroidia,Bacteroidales  ,Bacteroidaceae  ,Bacteroides   ,Bacteroides cellulosilyticus
ASV_356,Bacteria,Proteobacteria,Alphaproteobacteria,Rhodospirillales  ,uncultured  ,uncultured   ,Azospirillum sp.
ASV_357,Bacteria,Actinobacteriota,Coriobacteriia,Coriobacteriales  ,Eggerthellaceae  ,Adlercreutzia   ,uncultured bacterium
ASV_358,Bacteria,Bacteroidota,Bacteroidia,Bacteroidales  ,Bacteroidaceae  ,Bacteroides   ,Bacteroides ovatus
ASV_359,Bacteria,Bacteroidota,Bacteroidia,Bacteroidales  ,Bacteroidaceae  ,Bacteroides   ,Bacteroides ovatus
ASV_360,Bacteria,Bacteroidota,Bacteroidia,Bacteroidales  ,Prevotellaceae  ,Paraprevotella   ,NA
ASV_361,Bacteria,Bacteroidota,Bacteroidia,Bacteroidales  ,Tannerellaceae  ,Parabacteroides   ,Parabacteroides distasonis
ASV_362,Bacteria,Actinobacteriota,Actinobacteria,Bifidobacteriales  ,Bifidobacteriaceae  ,Bifidobacterium   ,Bifidobacterium catenulatum
ASV_363,Bacteria,Bacteroidota,Bacteroidia,Bacteroidales  ,Tannerellaceae  ,Parabacteroides   ,Parabacteroides johnsonii
ASV_364,Bacteria,Bacteroidota,Bacteroidia,Bacteroidales  ,Prevotellaceae  ,Prevotella 7  ,Massiliprevotella massiliensis
ASV_365,Bacteria,Firmicutes,Bacilli,Erysipelotrichales  ,Erysipelotrichaceae  ,Turicibacter   ,uncultured bacterium
ASV_366,Bacteria,Firmicutes,Clostridia,Lachnospirales  ,Lachnospiraceae  ,Eubacterium hallii group ,uncultured organism
ASV_367,Bacteria,Firmicutes,Negativicutes,Veillonellales-Selenomonadales  ,Veillonellaceae  ,Dialister   ,NA
ASV_368,Bacteria,Firmicutes,Negativicutes,Veillonellales-Selenomonadales  ,Veillonellaceae  ,Dialister   ,NA
ASV_369,Bacteria,Firmicutes,Clostridia,Lachnospirales  ,Lachnospiraceae  ,Lachnospiraceae UCG-004  ,NA
ASV_370,Bacteria,Bacteroidota,Bacteroidia,Bacteroidales  ,Bacteroidaceae  ,Bacteroides   ,Bacteroides vulgatus
ASV_371,Bacteria,Firmicutes,Clostridia,Oscillospirales  ,Oscillospiraceae  ,Intestinimonas   ,Intestinimonas butyriciproducens
ASV_372,Bacteria,Firmicutes,Clostridia,Lachnospirales  ,Lachnospiraceae  ,Lachnospiraceae UCG-001  ,NA
ASV_373,Bacteria,Firmicutes,Clostridia,Lachnospirales  ,Lachnospiraceae  ,Agathobacter   ,uncultured bacterium
ASV_374,Bacteria,Firmicutes,Clostridia,Oscillospirales  ,Oscillospiraceae  ,Oscillibacter   ,human gut
ASV_375,Bacteria,Firmicutes,Clostridia,Oscillospirales  ,Ruminococcaceae  ,Faecalibacterium   ,NA
ASV_376,Bacteria,Firmicutes,Clostridia,Oscillospirales  ,Oscillospiraceae  ,UCG-002   ,uncultured organism
ASV_377,Bacteria,Firmicutes,Bacilli,Lactobacillales  ,Streptococcaceae  ,Streptococcus   ,Streptococcus salivarius
ASV_378,Bacteria,Actinobacteriota,Coriobacteriia,Coriobacteriales  ,Eggerthellaceae  ,Adlercreutzia   ,uncultured bacterium
ASV_379,Bacteria,Firmicutes,Clostridia,Lachnospirales  ,Lachnospiraceae  ,Lachnospiraceae ND3007 group ,metagenome 
ASV_380,Bacteria,Firmicutes,Clostridia,Lachnospirales  ,Lachnospiraceae  ,Ruminococcus gauvreauii group ,uncultured Clostridiales
ASV_381,Bacteria,Firmicutes,Clostridia,Lachnospirales  ,Lachnospiraceae  ,NA,NA
ASV_382,Bacteria,Firmicutes,Clostridia,Oscillospirales  ,Ruminococcaceae  ,Negativibacillus   ,NA
ASV_383,Bacteria,Firmicutes,Clostridia,Lachnospirales  ,Lachnospiraceae  ,Eubacterium hallii group ,uncultured organism
ASV_384,Bacteria,Verrucomicrobiota,Verrucomicrobiae,Verrucomicrobiales  ,Akkermansiaceae  ,Akkermansia   ,uncultured bacterium
ASV_385,Bacteria,Firmicutes,Negativicutes,Acidaminococcales  ,Acidaminococcaceae  ,Phascolarctobacterium   ,uncultured organism
ASV_386,Bacteria,Bacteroidota,Bacteroidia,Bacteroidales  ,Bacteroidaceae  ,Bacteroides   ,unidentified 
ASV_387,Bacteria,Firmicutes,Clostridia,Oscillospirales  ,Ruminococcaceae  ,uncultured   ,gut metagenome
ASV_388,Bacteria,Firmicutes,Clostridia,Clostridiales  ,Clostridiaceae  ,Clostridium sensu stricto 1,metagenome 
ASV_389,Bacteria,Firmicutes,Clostridia,Oscillospirales  ,Ruminococcaceae  ,Negativibacillus   ,Ruminococcus sp.
ASV_390,Bacteria,Firmicutes,Clostridia,Oscillospirales  ,Ruminococcaceae  ,Faecalibacterium   ,metagenome 
ASV_391,Bacteria,Firmicutes,Clostridia,Oscillospirales  ,Oscillospiraceae  ,uncultured   ,NA
ASV_392,Bacteria,Firmicutes,Clostridia,Lachnospirales  ,Lachnospiraceae  ,Eubacterium hallii group ,uncultured organism
ASV_393,Bacteria,Firmicutes,Clostridia,Lachnospirales  ,Lachnospiraceae  ,Lachnospiraceae UCG-004  ,uncultured organism
ASV_394,Bacteria,Firmicutes,Clostridia,Lachnospirales  ,Lachnospiraceae  ,Eubacterium hallii group ,uncultured organism
ASV_395,Bacteria,Firmicutes,Clostridia,Oscillospirales  ,Butyricicoccaceae  ,Butyricicoccus   ,uncultured organism
ASV_396,Bacteria,Firmicutes,Clostridia,Peptococcales  ,Peptococcaceae  ,Peptococcus   ,uncultured bacterium
ASV_397,Bacteria,Bacteroidota,Bacteroidia,Bacteroidales  ,Bacteroidaceae  ,Bacteroides   ,Bacteroides vulgatus
ASV_398,Bacteria,Firmicutes,Clostridia,Oscillospirales  ,Oscillospiraceae  ,Colidextribacter   ,gut metagenome
ASV_399,Bacteria,Firmicutes,Clostridia,Lachnospirales  ,Lachnospiraceae  ,Anaerostipes   ,metagenome 
ASV_400,Bacteria,Proteobacteria,Gammaproteobacteria,Enterobacterales  ,Enterobacteriaceae  ,NA,NA
ASV_401,Bacteria,Firmicutes,Negativicutes,Veillonellales-Selenomonadales  ,Veillonellaceae  ,Dialister   ,NA
ASV_402,Bacteria,Firmicutes,Clostridia,Oscillospirales  ,Oscillospiraceae  ,uncultured   ,NA
ASV_403,Bacteria,Firmicutes,NA,NA,NA,NA,NA
ASV_404,Bacteria,Firmicutes,Clostridia,Lachnospirales  ,Lachnospiraceae  ,Ruminococcus gauvreauii group ,uncultured Clostridiales
ASV_405,Bacteria,Firmicutes,Clostridia,Lachnospirales  ,Lachnospiraceae  ,Eubacterium hallii group ,uncultured organism
ASV_406,Bacteria,Firmicutes,Clostridia,Oscillospirales  ,Ruminococcaceae  ,uncultured   ,human gut
ASV_407,Bacteria,Firmicutes,Clostridia,Lachnospirales  ,Lachnospiraceae  ,Eubacterium ventriosum group ,uncultured organism
ASV_408,Bacteria,Bacteroidota,Bacteroidia,Bacteroidales  ,Prevotellaceae  ,Paraprevotella   ,uncultured bacterium
ASV_409,Bacteria,Firmicutes,Clostridia,Lachnospirales  ,Lachnospiraceae  ,Lachnospira   ,gut metagenome
ASV_410,Bacteria,Bacteroidota,Bacteroidia,Bacteroidales  ,Rikenellaceae  ,Alistipes   ,Alistipes shahii
ASV_411,Bacteria,Bacteroidota,Bacteroidia,Bacteroidales  ,Prevotellaceae  ,Prevotella   ,Prevotella stercorea
ASV_412,Bacteria,Firmicutes,Clostridia,Oscillospirales  ,Ruminococcaceae  ,Incertae Sedis  ,uncultured organism
ASV_413,Bacteria,Bacteroidota,Bacteroidia,Bacteroidales  ,Rikenellaceae  ,Alistipes   ,Bacteroides sp.
ASV_414,Bacteria,Firmicutes,Clostridia,Oscillospirales  ,Ruminococcaceae  ,DTU089   ,uncultured bacterium
ASV_415,Bacteria,Bacteroidota,Bacteroidia,Bacteroidales  ,Bacteroidaceae  ,Bacteroides   ,Bacteroides uniformis
ASV_416,Bacteria,Firmicutes,Clostridia,Lachnospirales  ,Lachnospiraceae  ,Eubacterium ventriosum group ,uncultured organism
ASV_417,Bacteria,Firmicutes,Clostridia,Oscillospirales  ,Oscillospiraceae  ,Oscillibacter   ,uncultured organism
ASV_418,Bacteria,Firmicutes,Clostridia,Christensenellales  ,Christensenellaceae  ,uncultured   ,uncultured bacterium
ASV_419,Bacteria,Bacteroidota,Bacteroidia,Bacteroidales  ,Bacteroidaceae  ,Bacteroides   ,Bacteroides uniformis
ASV_420,Bacteria,Bacteroidota,Bacteroidia,Bacteroidales  ,Barnesiellaceae  ,Barnesiella   ,uncultured organism
ASV_421,Bacteria,Bacteroidota,Bacteroidia,Bacteroidales  ,Bacteroidaceae  ,Bacteroides   ,Bacteroides vulgatus
ASV_422,Bacteria,Bacteroidota,Bacteroidia,Bacteroidales  ,Muribaculaceae  ,Muribaculaceae   ,uncultured bacterium
ASV_423,Bacteria,Firmicutes,Clostridia,Oscillospirales  ,Oscillospiraceae  ,UCG-002   ,uncultured Firmicutes
ASV_424,Bacteria,Firmicutes,Clostridia,Oscillospirales  ,Ruminococcaceae  ,Incertae Sedis  ,Clostridium leptum
ASV_425,Bacteria,Bacteroidota,Bacteroidia,Bacteroidales  ,Marinifilaceae  ,Butyricimonas   ,uncultured organism
ASV_426,Bacteria,Firmicutes,Clostridia,Oscillospirales  ,Ruminococcaceae  ,UBA1819   ,uncultured organism
ASV_427,Bacteria,Bacteroidota,Bacteroidia,Bacteroidales  ,Bacteroidaceae  ,Bacteroides   ,Bacteroides plebeius
ASV_428,Bacteria,Proteobacteria,Gammaproteobacteria,Burkholderiales  ,Sutterellaceae  ,Sutterella   ,NA
ASV_429,Bacteria,Proteobacteria,Gammaproteobacteria,Burkholderiales  ,Sutterellaceae  ,Sutterella   ,Sutterellaceae bacterium
ASV_430,Bacteria,Bacteroidota,Bacteroidia,Bacteroidales  ,Marinifilaceae  ,Odoribacter   ,Odoribacter splanchnicus
ASV_431,Bacteria,Proteobacteria,Gammaproteobacteria,Enterobacterales  ,Enterobacteriaceae  ,Klebsiella   ,Klebsiella variicola
ASV_432,Bacteria,Bacteroidota,Bacteroidia,Bacteroidales  ,Tannerellaceae  ,Parabacteroides   ,Parabacteroides distasonis
ASV_433,Bacteria,Firmicutes,Clostridia,Oscillospirales  ,Oscillospiraceae  ,UCG-002   ,uncultured rumen
ASV_434,Bacteria,Bacteroidota,Bacteroidia,Bacteroidales  ,Prevotellaceae  ,Paraprevotella   ,Paraprevotella clara
ASV_435,Bacteria,Firmicutes,Bacilli,Lactobacillales  ,Streptococcaceae  ,Streptococcus   ,Streptococcus salivarius
ASV_436,Bacteria,Firmicutes,Clostridia,Oscillospirales  ,Ruminococcaceae  ,Incertae Sedis  ,Carnobacterium sp.
ASV_437,Bacteria,Firmicutes,Clostridia,Lachnospirales  ,Lachnospiraceae  ,Roseburia   ,uncultured organism
ASV_438,Bacteria,Bacteroidota,Bacteroidia,Bacteroidales  ,Prevotellaceae  ,Prevotella 9  ,uncultured organism
ASV_439,Bacteria,Firmicutes,Clostridia,Oscillospirales  ,Oscillospiraceae  ,NA,NA
ASV_440,Bacteria,Bacteroidota,Bacteroidia,Bacteroidales  ,Bacteroidaceae  ,Bacteroides   ,Bacteroides vulgatus
ASV_441,Bacteria,Firmicutes,Clostridia,Lachnospirales  ,Lachnospiraceae  ,Dorea   ,NA
ASV_442,Bacteria,Firmicutes,Clostridia,NA,NA,NA,NA
ASV_443,Bacteria,Bacteroidota,Bacteroidia,Bacteroidales  ,Bacteroidaceae  ,Bacteroides   ,Bacteroides plebeius
ASV_444,Bacteria,Bacteroidota,Bacteroidia,Bacteroidales  ,Tannerellaceae  ,Parabacteroides   ,Parabacteroides merdae
ASV_445,Bacteria,Proteobacteria,Gammaproteobacteria,Enterobacterales  ,Enterobacteriaceae  ,Citrobacter   ,Citrobacter freundii
ASV_446,Bacteria,Desulfobacterota,Desulfovibrionia,Desulfovibrionales  ,Desulfovibrionaceae  ,Bilophila   ,Bilophila wadsworthia
ASV_447,Bacteria,Firmicutes,Clostridia,Oscillospirales  ,Oscillospiraceae  ,NA,NA
ASV_448,Bacteria,Firmicutes,Clostridia,Lachnospirales  ,Lachnospiraceae  ,Lachnoclostridium   ,Clostridium asparagiforme
ASV_449,Bacteria,Firmicutes,Clostridia,Lachnospirales  ,Lachnospiraceae  ,Lachnospira   ,uncultured organism
ASV_450,Bacteria,Desulfobacterota,Desulfovibrionia,Desulfovibrionales  ,Desulfovibrionaceae  ,Bilophila   ,Bilophila wadsworthia
ASV_451,Bacteria,Firmicutes,Clostridia,Lachnospirales  ,Lachnospiraceae  ,Ruminococcus gnavus group ,uncultured bacterium
ASV_452,Bacteria,Firmicutes,Clostridia,Oscillospirales  ,Ruminococcaceae  ,Incertae Sedis  ,uncultured organism
ASV_453,Bacteria,Proteobacteria,Alphaproteobacteria,Rhodospirillales  ,uncultured  ,uncultured   ,gut metagenome
ASV_454,Bacteria,Actinobacteriota,Coriobacteriia,Coriobacteriales  ,Eggerthellaceae  ,Eggerthella   ,uncultured bacterium
ASV_455,Bacteria,Firmicutes,Clostridia,Oscillospirales  ,Ruminococcaceae  ,NA,NA
ASV_456,Bacteria,Firmicutes,NA,NA,NA,NA,NA
ASV_457,Bacteria,Bacteroidota,Bacteroidia,Bacteroidales  ,Prevotellaceae  ,Paraprevotella   ,Paraprevotella clara
ASV_458,Bacteria,Firmicutes,Clostridia,Lachnospirales  ,Lachnospiraceae  ,Blautia   ,uncultured Blautia
ASV_459,Bacteria,Firmicutes,Clostridia,Lachnospirales  ,Lachnospiraceae  ,Lachnospiraceae UCG-010  ,uncultured organism
ASV_460,Bacteria,Firmicutes,Clostridia,Lachnospirales  ,Lachnospiraceae  ,uncultured   ,human gut
ASV_461,Bacteria,Firmicutes,Clostridia,Clostridia vadinBB60 group,Clostridia vadinBB60 group,Clostridia vadinBB60 group ,uncultured Thermoanaerobacterales
ASV_462,Bacteria,Actinobacteriota,Coriobacteriia,Coriobacteriales  ,Eggerthellaceae  ,Adlercreutzia   ,uncultured bacterium
ASV_463,Bacteria,Bacteroidota,Bacteroidia,Bacteroidales  ,Marinifilaceae  ,Odoribacter   ,Odoribacter splanchnicus
ASV_464,Bacteria,Verrucomicrobiota,Verrucomicrobiae,Verrucomicrobiales  ,Akkermansiaceae  ,Akkermansia   ,uncultured bacterium
ASV_465,Bacteria,Bacteroidota,Bacteroidia,Bacteroidales  ,Prevotellaceae  ,Paraprevotella   ,Paraprevotella clara
ASV_466,Bacteria,Firmicutes,Bacilli,Erysipelotrichales  ,Erysipelotrichaceae  ,Faecalitalea   ,uncultured organism
ASV_467,Bacteria,Firmicutes,Negativicutes,Veillonellales-Selenomonadales  ,Veillonellaceae  ,Veillonella   ,Veillonella parvula
ASV_468,Bacteria,Proteobacteria,Gammaproteobacteria,Enterobacterales  ,Enterobacteriaceae  ,NA,NA
ASV_469,Bacteria,Firmicutes,Clostridia,Oscillospirales  ,Oscillospiraceae  ,Oscillibacter   ,NA
ASV_470,Bacteria,Firmicutes,Clostridia,Lachnospirales  ,Lachnospiraceae  ,Tyzzerella   ,Anaerotignum lactatifermentans
ASV_471,Bacteria,Firmicutes,Bacilli,Lactobacillales  ,Streptococcaceae  ,Streptococcus   ,Streptococcus oralis
ASV_472,Bacteria,Firmicutes,Clostridia,Oscillospirales  ,Oscillospiraceae  ,UCG-002   ,NA
ASV_473,Bacteria,Firmicutes,Negativicutes,Acidaminococcales  ,Acidaminococcaceae  ,Phascolarctobacterium   ,uncultured Veillonellaceae
ASV_474,Bacteria,Firmicutes,Clostridia,Oscillospirales  ,Butyricicoccaceae  ,Butyricicoccus   ,uncultured organism
ASV_475,Bacteria,Firmicutes,Clostridia,Oscillospirales  ,Oscillospiraceae  ,UCG-005   ,gut metagenome
ASV_476,Bacteria,Firmicutes,Clostridia,Lachnospirales  ,Lachnospiraceae  ,Hungatella   ,uncultured bacterium
ASV_477,Bacteria,Firmicutes,Negativicutes,Veillonellales-Selenomonadales  ,Veillonellaceae  ,Veillonella   ,Veillonella parvula
ASV_478,Bacteria,Firmicutes,Clostridia,Lachnospirales  ,Lachnospiraceae  ,Lachnoclostridium   ,uncultured organism
ASV_479,Bacteria,Firmicutes,Negativicutes,Acidaminococcales  ,Acidaminococcaceae  ,Acidaminococcus   ,uncultured organism
ASV_480,Bacteria,Firmicutes,Clostridia,Lachnospirales  ,Lachnospiraceae  ,Eubacterium hallii group ,uncultured organism
ASV_481,Bacteria,Bacteroidota,Bacteroidia,Bacteroidales  ,Bacteroidaceae  ,Bacteroides   ,Bacteroides vulgatus
ASV_482,Bacteria,Firmicutes,Clostridia,Lachnospirales  ,Lachnospiraceae  ,Agathobacter   ,uncultured bacterium
ASV_483,Bacteria,Firmicutes,Bacilli,Erysipelotrichales  ,Erysipelotrichaceae  ,Turicibacter   ,uncultured bacterium
ASV_484,Bacteria,Firmicutes,Clostridia,Oscillospirales  ,Eubacterium coprostanoligenes group,Eubacterium coprostanoligenes group ,gut metagenome
ASV_485,Bacteria,Firmicutes,Clostridia,Oscillospirales  ,Ruminococcaceae  ,Eubacterium siraeum group ,Eubacterium siraeum
ASV_486,Bacteria,Firmicutes,Clostridia,Lachnospirales  ,Lachnospiraceae  ,Blautia   ,NA
ASV_487,Bacteria,Firmicutes,Clostridia,Christensenellales  ,Christensenellaceae  ,Christensenellaceae R-7 group ,uncultured prokaryote
ASV_488,Bacteria,Proteobacteria,Gammaproteobacteria,Enterobacterales  ,Enterobacteriaceae  ,Escherichia-Shigella   ,Shigella flexneri
ASV_489,Bacteria,Firmicutes,Clostridia,Christensenellales  ,Christensenellaceae  ,Christensenellaceae R-7 group ,uncultured prokaryote
ASV_490,Bacteria,Firmicutes,Clostridia,Peptococcales  ,Peptococcaceae  ,uncultured   ,unidentified 
ASV_491,Bacteria,Firmicutes,Clostridia,Lachnospirales  ,Lachnospiraceae  ,Lachnospiraceae NK4A136 group ,gut metagenome
ASV_492,Bacteria,Bacteroidota,Bacteroidia,Bacteroidales  ,Bacteroidaceae  ,Bacteroides   ,Bacteroides thetaiotaomicron
ASV_493,Bacteria,Firmicutes,Clostridia,Oscillospirales  ,Eubacterium coprostanoligenes group,Eubacterium coprostanoligenes group ,unidentified 
ASV_494,Bacteria,Firmicutes,Clostridia,Lachnospirales  ,Lachnospiraceae  ,Roseburia   ,uncultured organism
ASV_495,Bacteria,Bacteroidota,Bacteroidia,Bacteroidales  ,Bacteroidaceae  ,Bacteroides   ,Bacteroides vulgatus
ASV_496,Bacteria,Firmicutes,Bacilli,Erysipelotrichales  ,Erysipelotrichaceae  ,Turicibacter   ,uncultured bacterium
ASV_497,Bacteria,Firmicutes,Clostridia,Lachnospirales  ,Lachnospiraceae  ,Lachnoclostridium   ,human gut
ASV_498,Bacteria,Firmicutes,Clostridia,Lachnospirales  ,Lachnospiraceae  ,Lachnospira   ,gut metagenome
ASV_499,Bacteria,Firmicutes,Clostridia,Oscillospirales  ,Ruminococcaceae  ,Subdoligranulum   ,metagenome 
ASV_500,Bacteria,Firmicutes,Clostridia,Lachnospirales  ,Lachnospiraceae  ,uncultured   ,uncultured Eubacterium
ASV_501,Bacteria,Firmicutes,Clostridia,NA,NA,NA,NA
ASV_502,Bacteria,Firmicutes,Clostridia,Oscillospirales  ,Oscillospiraceae  ,uncultured   ,uncultured bacterium
ASV_503,Bacteria,Firmicutes,Clostridia,Monoglobales  ,Monoglobaceae  ,Monoglobus   ,uncultured organism
ASV_504,Bacteria,Firmicutes,Clostridia,Lachnospirales  ,Lachnospiraceae  ,Agathobacter   ,Eubacterium ramulus
ASV_505,Bacteria,Bacteroidota,Bacteroidia,Bacteroidales  ,Bacteroidaceae  ,Bacteroides   ,Bacteroides vulgatus
ASV_506,Bacteria,Firmicutes,Clostridia,Lachnospirales  ,Lachnospiraceae  ,Lachnospiraceae NK4A136 group ,NA
ASV_507,Bacteria,Firmicutes,Clostridia,Monoglobales  ,Monoglobaceae  ,Monoglobus   ,Monoglobus pectinilyticus
ASV_508,Bacteria,Firmicutes,Clostridia,Lachnospirales  ,Lachnospiraceae  ,Lachnospiraceae UCG-004  ,uncultured organism
ASV_509,Bacteria,Firmicutes,Clostridia,Lachnospirales  ,Lachnospiraceae  ,Ruminococcus torques group ,uncultured organism
ASV_510,Bacteria,Bacteroidota,Bacteroidia,Bacteroidales  ,Prevotellaceae  ,Paraprevotella   ,metagenome 
ASV_511,Bacteria,Bacteroidota,Bacteroidia,Bacteroidales  ,Prevotellaceae  ,Paraprevotella   ,Paraprevotella clara
ASV_512,Bacteria,Bacteroidota,Bacteroidia,Bacteroidales  ,Bacteroidaceae  ,Bacteroides   ,Bacteroides thetaiotaomicron
ASV_513,Bacteria,Firmicutes,Clostridia,Oscillospirales  ,Oscillospiraceae  ,NK4A214 group  ,metagenome 
ASV_514,Bacteria,Bacteroidota,Bacteroidia,Bacteroidales  ,Rikenellaceae  ,Alistipes   ,Alistipes indistinctus
ASV_515,Bacteria,Firmicutes,Clostridia,Lachnospirales  ,Lachnospiraceae  ,Lachnospiraceae UCG-010  ,uncultured bacterium
ASV_516,Bacteria,Firmicutes,Clostridia,Oscillospirales  ,Oscillospiraceae  ,NK4A214 group  ,metagenome 
ASV_517,Bacteria,Firmicutes,Clostridia,Lachnospirales  ,Lachnospiraceae  ,Dorea   ,NA
ASV_518,Bacteria,Firmicutes,Clostridia,Oscillospirales  ,Ruminococcaceae  ,uncultured   ,gut metagenome
ASV_519,Bacteria,Firmicutes,Clostridia,Lachnospirales  ,Lachnospiraceae  ,Blautia   ,uncultured Blautia
ASV_520,Bacteria,Bacteroidota,Bacteroidia,Bacteroidales  ,Bacteroidaceae  ,Bacteroides   ,Bacteroides ovatus
ASV_521,Bacteria,Firmicutes,Clostridia,Oscillospirales  ,Ruminococcaceae  ,Subdoligranulum   ,uncultured organism
ASV_522,Bacteria,Bacteroidota,Bacteroidia,Bacteroidales  ,Tannerellaceae  ,Parabacteroides   ,Parabacteroides distasonis
ASV_523,Bacteria,Firmicutes,Clostridia,Lachnospirales  ,Lachnospiraceae  ,Dorea   ,uncultured Dorea
ASV_524,Bacteria,Firmicutes,Clostridia,Lachnospirales  ,Lachnospiraceae  ,Roseburia   ,uncultured organism
ASV_525,Bacteria,Bacteroidota,Bacteroidia,Bacteroidales  ,Marinifilaceae  ,Butyricimonas   ,uncultured bacterium
ASV_526,Bacteria,Firmicutes,Clostridia,Oscillospirales  ,Ruminococcaceae  ,uncultured   ,NA
ASV_527,Bacteria,Firmicutes,Clostridia,Oscillospirales  ,Oscillospiraceae  ,Flavonifractor   ,uncultured bacterium
ASV_528,Bacteria,Bacteroidota,Bacteroidia,Bacteroidales  ,Bacteroidaceae  ,Bacteroides   ,Bacteroides coprocola
ASV_529,Bacteria,Bacteroidota,Bacteroidia,Bacteroidales  ,Bacteroidaceae  ,Bacteroides   ,Bacteroides ovatus
ASV_530,Bacteria,Firmicutes,Clostridia,Lachnospirales  ,Lachnospiraceae  ,Lachnospiraceae NK4A136 group ,metagenome 
ASV_531,Bacteria,Firmicutes,Clostridia,Oscillospirales  ,Oscillospiraceae  ,NA,NA
ASV_532,Bacteria,Firmicutes,Clostridia,Lachnospirales  ,Lachnospiraceae  ,Blautia   ,NA
ASV_533,Bacteria,Actinobacteriota,Actinobacteria,Bifidobacteriales  ,Bifidobacteriaceae  ,Bifidobacterium   ,Bifidobacterium longum
ASV_534,Bacteria,Firmicutes,Clostridia,Lachnospirales  ,Lachnospiraceae  ,Anaerostipes   ,NA
ASV_535,Bacteria,Firmicutes,Clostridia,Oscillospirales  ,Ruminococcaceae  ,Ruminococcus   ,uncultured Ruminococcus
ASV_536,Bacteria,Bacteroidota,Bacteroidia,Bacteroidales  ,Bacteroidaceae  ,Bacteroides   ,Bacteroides thetaiotaomicron
ASV_537,Bacteria,Firmicutes,Clostridia,Oscillospirales  ,Eubacterium coprostanoligenes group,Eubacterium coprostanoligenes group ,human gut
ASV_538,Bacteria,Firmicutes,Clostridia,Oscillospirales  ,Ruminococcaceae  ,uncultured   ,human gut
ASV_539,Bacteria,Bacteroidota,Bacteroidia,Bacteroidales  ,NA,NA,NA
ASV_540,Bacteria,Firmicutes,Negativicutes,Veillonellales-Selenomonadales  ,Veillonellaceae  ,Dialister   ,NA
ASV_541,Bacteria,Firmicutes,Clostridia,Lachnospirales  ,Lachnospiraceae  ,Ruminococcus gauvreauii group ,uncultured Clostridiales
ASV_542,Bacteria,Bacteroidota,Bacteroidia,Bacteroidales  ,Prevotellaceae  ,Prevotella 9  ,metagenome 
ASV_543,Bacteria,Bacteroidota,Bacteroidia,Bacteroidales  ,NA,NA,NA
ASV_544,Bacteria,Firmicutes,Clostridia,Lachnospirales  ,Lachnospiraceae  ,Eubacterium eligens group ,uncultured organism
ASV_545,Bacteria,Firmicutes,Clostridia,Lachnospirales  ,Lachnospiraceae  ,Dorea   ,uncultured bacterium
ASV_546,Bacteria,Bacteroidota,Bacteroidia,Bacteroidales  ,Bacteroidaceae  ,Bacteroides   ,Bacteroides vulgatus
ASV_547,Bacteria,Bacteroidota,Bacteroidia,Bacteroidales  ,NA,NA,NA
ASV_548,Bacteria,Bacteroidota,Bacteroidia,Bacteroidales  ,Barnesiellaceae  ,Barnesiella   ,uncultured organism
ASV_549,Bacteria,Bacteroidota,Bacteroidia,Bacteroidales  ,Bacteroidaceae  ,Bacteroides   ,Bacteroides uniformis
ASV_550,Bacteria,Bacteroidota,Bacteroidia,Bacteroidales  ,Tannerellaceae  ,Parabacteroides   ,Parabacteroides distasonis
ASV_551,Bacteria,Bacteroidota,Bacteroidia,Bacteroidales  ,Muribaculaceae  ,Muribaculaceae   ,uncultured bacterium
ASV_552,Bacteria,Firmicutes,Clostridia,Lachnospirales  ,Lachnospiraceae  ,Dorea   ,uncultured Dorea
ASV_553,Bacteria,Firmicutes,Clostridia,Lachnospirales  ,Lachnospiraceae  ,Lachnospiraceae UCG-010  ,uncultured organism
ASV_554,Bacteria,Firmicutes,Clostridia,Peptostreptococcales-Tissierellales  ,Peptostreptococcaceae  ,Intestinibacter   ,uncultured bacterium
ASV_555,Bacteria,Desulfobacterota,Desulfovibrionia,Desulfovibrionales  ,Desulfovibrionaceae  ,Bilophila   ,Bilophila wadsworthia
ASV_556,Bacteria,Firmicutes,Clostridia,Lachnospirales  ,Lachnospiraceae  ,Blautia   ,Blautia sp.
ASV_557,Bacteria,Bacteroidota,Bacteroidia,Bacteroidales  ,Tannerellaceae  ,Parabacteroides   ,Parabacteroides distasonis
ASV_558,Bacteria,Firmicutes,Clostridia,Oscillospirales  ,Ruminococcaceae  ,Faecalibacterium   ,metagenome 
ASV_559,Bacteria,Verrucomicrobiota,Verrucomicrobiae,Verrucomicrobiales  ,Akkermansiaceae  ,Akkermansia   ,uncultured bacterium
ASV_560,Bacteria,Firmicutes,Clostridia,Oscillospirales  ,Ruminococcaceae  ,uncultured   ,gut metagenome
ASV_561,Bacteria,Firmicutes,Clostridia,Lachnospirales  ,Lachnospiraceae  ,Tyzzerella   ,Anaerotignum lactatifermentans
ASV_562,Bacteria,Firmicutes,Clostridia,Lachnospirales  ,Lachnospiraceae  ,Agathobacter   ,uncultured bacterium
ASV_563,Bacteria,Firmicutes,Bacilli,Erysipelotrichales  ,Erysipelatoclostridiaceae  ,Candidatus Stoquefichus  ,Longibaculum muris
ASV_564,Bacteria,Bacteroidota,Bacteroidia,Bacteroidales  ,Muribaculaceae  ,Muribaculaceae   ,uncultured bacterium
ASV_565,Bacteria,Firmicutes,Clostridia,Lachnospirales  ,Lachnospiraceae  ,Ruminococcus torques group ,uncultured organism
ASV_566,Bacteria,Firmicutes,Clostridia,Oscillospirales  ,Ruminococcaceae  ,CAG-352   ,NA
ASV_567,Bacteria,Bacteroidota,Bacteroidia,Bacteroidales  ,Bacteroidaceae  ,Bacteroides   ,Bacteroides thetaiotaomicron
ASV_568,Bacteria,Actinobacteriota,Coriobacteriia,Coriobacteriales  ,Coriobacteriales Incertae Sedis,uncultured   ,gut metagenome
ASV_569,Bacteria,Firmicutes,Clostridia,Peptostreptococcales-Tissierellales  ,Anaerovoracaceae  ,Family XIII UCG-001 ,uncultured bacterium
ASV_570,Bacteria,Bacteroidota,Bacteroidia,Bacteroidales  ,Barnesiellaceae  ,Barnesiella   ,uncultured organism
ASV_571,Bacteria,Bacteroidota,Bacteroidia,Bacteroidales  ,Marinifilaceae  ,Butyricimonas   ,uncultured bacterium
ASV_572,Bacteria,Firmicutes,Clostridia,Lachnospirales  ,Lachnospiraceae  ,Lachnospiraceae UCG-004  ,uncultured organism
ASV_573,Bacteria,Firmicutes,Clostridia,Lachnospirales  ,Lachnospiraceae  ,Lachnospiraceae UCG-001  ,metagenome 
ASV_574,Bacteria,Firmicutes,Clostridia,Lachnospirales  ,Lachnospiraceae  ,Blautia   ,Blautia stercoris
ASV_575,Bacteria,Firmicutes,NA,NA,NA,NA,NA
ASV_576,Bacteria,Firmicutes,Clostridia,Lachnospirales  ,Lachnospiraceae  ,Eubacterium ventriosum group ,uncultured Lachnospiraceae
ASV_577,Bacteria,Bacteroidota,Bacteroidia,Bacteroidales  ,Bacteroidaceae  ,Bacteroides   ,Bacteroides vulgatus
ASV_578,Bacteria,Firmicutes,Clostridia,Lachnospirales  ,Lachnospiraceae  ,Dorea   ,uncultured Dorea
ASV_579,Bacteria,Bacteroidota,Bacteroidia,Bacteroidales  ,Rikenellaceae  ,Alistipes   ,Alistipes finegoldii
ASV_580,Bacteria,Firmicutes,Clostridia,Lachnospirales  ,Lachnospiraceae  ,uncultured   ,human gut
ASV_581,Bacteria,Firmicutes,Clostridia,Oscillospirales  ,Ruminococcaceae  ,Faecalibacterium   ,NA
ASV_582,Bacteria,Firmicutes,Clostridia,Oscillospirales  ,Oscillospiraceae  ,UCG-002   ,gut metagenome
ASV_583,Bacteria,Firmicutes,Clostridia,Oscillospirales  ,Ruminococcaceae  ,CAG-352   ,NA
ASV_584,Bacteria,Bacteroidota,Bacteroidia,Bacteroidales  ,Bacteroidaceae  ,Bacteroides   ,Bacteroides ovatus
ASV_585,Bacteria,Bacteroidota,Bacteroidia,Bacteroidales  ,Prevotellaceae  ,Paraprevotella   ,uncultured bacterium
ASV_586,Bacteria,Bacteroidota,Bacteroidia,Bacteroidales  ,Tannerellaceae  ,Parabacteroides   ,Parabacteroides johnsonii
ASV_587,Bacteria,Firmicutes,Clostridia,Lachnospirales  ,Lachnospiraceae  ,Coprococcus   ,uncultured organism
ASV_588,Bacteria,Firmicutes,Clostridia,Lachnospirales  ,Lachnospiraceae  ,Tyzzerella   ,unidentified 
ASV_589,Bacteria,Bacteroidota,Bacteroidia,Bacteroidales  ,Prevotellaceae  ,Prevotella 9  ,NA
ASV_590,Bacteria,Firmicutes,Clostridia,Oscillospirales  ,Ruminococcaceae  ,Faecalibacterium   ,metagenome 
ASV_591,Bacteria,Actinobacteriota,Coriobacteriia,Coriobacteriales  ,Eggerthellaceae  ,Adlercreutzia   ,uncultured bacterium
ASV_592,Bacteria,Firmicutes,Clostridia,Oscillospirales  ,Ruminococcaceae  ,Eubacterium siraeum group ,Eubacterium siraeum
ASV_593,Bacteria,Firmicutes,Bacilli,Erysipelotrichales  ,Erysipelotrichaceae  ,Turicibacter   ,uncultured bacterium
ASV_594,Bacteria,Firmicutes,Clostridia,Lachnospirales  ,Lachnospiraceae  ,Roseburia   ,gut metagenome
ASV_595,Bacteria,Firmicutes,Clostridia,NA,NA,NA,NA
ASV_596,Bacteria,Firmicutes,Clostridia,Lachnospirales  ,Lachnospiraceae  ,uncultured   ,uncultured organism
ASV_597,Bacteria,Firmicutes,Clostridia,Lachnospirales  ,Lachnospiraceae  ,Ruminococcus torques group ,NA
ASV_598,Bacteria,Bacteroidota,Bacteroidia,Bacteroidales  ,Bacteroidaceae  ,Bacteroides   ,NA
ASV_599,Bacteria,Bacteroidota,Bacteroidia,Bacteroidales  ,Prevotellaceae  ,Paraprevotella   ,metagenome 
ASV_600,Bacteria,Firmicutes,Clostridia,Oscillospirales  ,Oscillospiraceae  ,uncultured   ,uncultured organism
ASV_601,Bacteria,Firmicutes,Clostridia,Christensenellales  ,Christensenellaceae  ,Christensenellaceae R-7 group ,uncultured Spirochaetales
ASV_602,Bacteria,Bacteroidota,Bacteroidia,Bacteroidales  ,Bacteroidaceae  ,Bacteroides   ,Bacteroides uniformis
ASV_603,Bacteria,Firmicutes,Bacilli,Erysipelotrichales  ,Erysipelatoclostridiaceae  ,Erysipelatoclostridium   ,Erysipelatoclostridium ramosum
ASV_604,Bacteria,Firmicutes,Clostridia,Christensenellales  ,Christensenellaceae  ,Christensenellaceae R-7 group ,bacterium YE57
ASV_605,Bacteria,Proteobacteria,Gammaproteobacteria,Burkholderiales  ,Sutterellaceae  ,Parasutterella   ,uncultured organism
ASV_606,Bacteria,Bacteroidota,Bacteroidia,Bacteroidales  ,Bacteroidaceae  ,Bacteroides   ,Bacteroides plebeius
ASV_607,Bacteria,Firmicutes,Clostridia,Lachnospirales  ,Lachnospiraceae  ,Lachnospiraceae NK4A136 group ,NA
ASV_608,Bacteria,Verrucomicrobiota,Verrucomicrobiae,Verrucomicrobiales  ,Akkermansiaceae  ,Akkermansia   ,NA
ASV_609,Bacteria,Firmicutes,Clostridia,Peptostreptococcales-Tissierellales  ,Peptostreptococcaceae  ,Romboutsia   ,uncultured bacterium
ASV_610,Bacteria,Firmicutes,Clostridia,Oscillospirales  ,Oscillospiraceae  ,NA,NA
ASV_611,Bacteria,Firmicutes,Clostridia,Oscillospirales  ,Ruminococcaceae  ,Faecalibacterium   ,NA
ASV_612,Bacteria,Actinobacteriota,Actinobacteria,Bifidobacteriales  ,Bifidobacteriaceae  ,Bifidobacterium   ,Bifidobacterium longum
ASV_613,Bacteria,Firmicutes,Clostridia,Oscillospirales  ,Oscillospiraceae  ,uncultured   ,Clostridium sp.
ASV_614,Bacteria,Firmicutes,Clostridia,Lachnospirales  ,Lachnospiraceae  ,NA,NA
ASV_615,Bacteria,Firmicutes,Clostridia,Oscillospirales  ,Oscillospiraceae  ,UCG-002   ,uncultured rumen
ASV_616,Bacteria,Firmicutes,Clostridia,Lachnospirales  ,Lachnospiraceae  ,Lachnospiraceae UCG-004  ,uncultured organism
ASV_617,Bacteria,Bacteroidota,Bacteroidia,Bacteroidales  ,Bacteroidaceae  ,Bacteroides   ,Bacteroides ovatus
ASV_618,Bacteria,Firmicutes,Clostridia,Lachnospirales  ,Lachnospiraceae  ,Lachnospiraceae UCG-001  ,metagenome 
ASV_619,Bacteria,Firmicutes,Clostridia,NA,NA,NA,NA
ASV_620,Bacteria,Bacteroidota,Bacteroidia,Bacteroidales  ,Bacteroidaceae  ,Bacteroides   ,Bacteroides plebeius
ASV_621,Bacteria,Firmicutes,Clostridia,Oscillospirales  ,Eubacterium coprostanoligenes group,Eubacterium coprostanoligenes group ,unidentified 
ASV_622,Bacteria,Firmicutes,Clostridia,Lachnospirales  ,Lachnospiraceae  ,Lachnospiraceae NK4A136 group ,NA
ASV_623,Bacteria,Firmicutes,Clostridia,Lachnospirales  ,Lachnospiraceae  ,Roseburia   ,Roseburia hominis
ASV_624,Bacteria,Bacteroidota,Bacteroidia,Bacteroidales  ,Rikenellaceae  ,Alistipes   ,Alistipes indistinctus
ASV_625,Bacteria,Firmicutes,Clostridia,Lachnospirales  ,Lachnospiraceae  ,Agathobacter   ,Eubacterium ramulus
ASV_626,Bacteria,Actinobacteriota,Coriobacteriia,Coriobacteriales  ,Eggerthellaceae  ,Adlercreutzia   ,uncultured bacterium
ASV_627,Bacteria,Firmicutes,Bacilli,Lactobacillales  ,Streptococcaceae  ,Lactococcus   ,Lactococcus garvieae
ASV_628,Bacteria,Firmicutes,Clostridia,Oscillospirales  ,Eubacterium coprostanoligenes group,Eubacterium coprostanoligenes group ,gut metagenome
ASV_629,Bacteria,Firmicutes,Clostridia,Oscillospirales  ,Oscillospiraceae  ,UCG-002   ,gut metagenome
ASV_630,Bacteria,Bacteroidota,Bacteroidia,Bacteroidales  ,Prevotellaceae  ,Prevotella 9  ,uncultured organism
ASV_631,Bacteria,Firmicutes,Clostridia,Lachnospirales  ,Lachnospiraceae  ,Ruminococcus gnavus group ,uncultured bacterium
ASV_632,Bacteria,Bacteroidota,Bacteroidia,Bacteroidales  ,Bacteroidaceae  ,Bacteroides   ,Bacteroides thetaiotaomicron
ASV_633,Bacteria,Firmicutes,Bacilli,Erysipelotrichales  ,Erysipelotrichaceae  ,Faecalitalea   ,uncultured organism
ASV_634,Bacteria,Firmicutes,Clostridia,Lachnospirales  ,Lachnospiraceae  ,Lachnospiraceae UCG-008  ,uncultured organism
ASV_635,Bacteria,Bacteroidota,Bacteroidia,Bacteroidales  ,Prevotellaceae  ,Prevotella 9  ,uncultured organism
ASV_636,Bacteria,Proteobacteria,Alphaproteobacteria,Rhodospirillales  ,uncultured  ,uncultured   ,gut metagenome
ASV_637,Bacteria,Bacteroidota,Bacteroidia,Bacteroidales  ,Rikenellaceae  ,Alistipes   ,NA
ASV_638,Bacteria,Firmicutes,Clostridia,Oscillospirales  ,Ruminococcaceae  ,Ruminococcus   ,metagenome 
ASV_639,Bacteria,Firmicutes,Negativicutes,Acidaminococcales  ,Acidaminococcaceae  ,Phascolarctobacterium   ,uncultured organism
ASV_640,Bacteria,Firmicutes,Clostridia,Lachnospirales  ,Lachnospiraceae  ,Lachnospiraceae UCG-004  ,uncultured organism
ASV_641,Bacteria,Firmicutes,Clostridia,Lachnospirales  ,Lachnospiraceae  ,Lachnospira   ,uncultured organism
ASV_642,Bacteria,Firmicutes,Clostridia,Oscillospirales  ,Eubacterium coprostanoligenes group,Eubacterium coprostanoligenes group ,human gut
ASV_643,Bacteria,Cyanobacteria,Vampirivibrionia,Gastranaerophilales  ,Gastranaerophilales  ,Gastranaerophilales   ,Acinetobacter sp.
ASV_644,Bacteria,Firmicutes,Clostridia,Lachnospirales  ,Lachnospiraceae  ,Ruminococcus gnavus group ,uncultured bacterium
ASV_645,Bacteria,Bacteroidota,Bacteroidia,Bacteroidales  ,Bacteroidaceae  ,Bacteroides   ,Bacteroides plebeius
ASV_646,Bacteria,Bacteroidota,Bacteroidia,Bacteroidales  ,Barnesiellaceae  ,Barnesiella   ,uncultured organism
ASV_647,Bacteria,Bacteroidota,Bacteroidia,Bacteroidales  ,Tannerellaceae  ,Parabacteroides   ,Parabacteroides distasonis
ASV_648,Bacteria,Firmicutes,Bacilli,Erysipelotrichales  ,Erysipelotrichaceae  ,Turicibacter   ,uncultured bacterium
ASV_649,Bacteria,Firmicutes,Clostridia,Lachnospirales  ,Lachnospiraceae  ,uncultured   ,human gut
ASV_650,Bacteria,Firmicutes,Clostridia,Oscillospirales  ,Eubacterium coprostanoligenes group,Eubacterium coprostanoligenes group ,unidentified 
ASV_651,Bacteria,Firmicutes,Clostridia,Oscillospirales  ,Oscillospiraceae  ,Flavonifractor   ,uncultured bacterium
ASV_652,Bacteria,Firmicutes,Clostridia,Lachnospirales  ,Lachnospiraceae  ,Lachnospiraceae UCG-004  ,uncultured organism
ASV_653,Bacteria,Firmicutes,Clostridia,Lachnospirales  ,Lachnospiraceae  ,Eubacterium eligens group ,uncultured organism
ASV_654,Bacteria,Verrucomicrobiota,Lentisphaeria,Victivallales  ,vadinBE97  ,vadinBE97   ,uncultured rumen
ASV_655,Bacteria,Bacteroidota,Bacteroidia,Bacteroidales  ,Bacteroidaceae  ,Bacteroides   ,Bacteroides massiliensis
ASV_656,Bacteria,Firmicutes,Clostridia,Oscillospirales  ,Oscillospiraceae  ,UCG-002   ,Trichuris trichiura
ASV_657,Bacteria,Firmicutes,Clostridia,Lachnospirales  ,Lachnospiraceae  ,Roseburia   ,NA
ASV_658,Bacteria,Bacteroidota,Bacteroidia,Bacteroidales  ,Tannerellaceae  ,Parabacteroides   ,Parabacteroides merdae
ASV_659,Bacteria,Proteobacteria,Gammaproteobacteria,Burkholderiales  ,Sutterellaceae  ,Sutterella   ,uncultured bacterium
ASV_660,Bacteria,Firmicutes,Clostridia,Lachnospirales  ,Lachnospiraceae  ,Roseburia   ,NA
ASV_661,Bacteria,Firmicutes,Clostridia,Oscillospirales  ,Ruminococcaceae  ,Faecalibacterium   ,NA
ASV_662,Bacteria,Firmicutes,Clostridia,Oscillospirales  ,Oscillospiraceae  ,UCG-005   ,gut metagenome
ASV_663,Bacteria,Bacteroidota,Bacteroidia,Bacteroidales  ,Bacteroidaceae  ,Bacteroides   ,Bacteroides uniformis
ASV_664,Bacteria,Bacteroidota,Bacteroidia,Bacteroidales  ,Bacteroidaceae  ,Bacteroides   ,Bacteroides vulgatus
ASV_665,Bacteria,Bacteroidota,Bacteroidia,Bacteroidales  ,Bacteroidaceae  ,Bacteroides   ,Bacteroides ovatus
ASV_666,Bacteria,Bacteroidota,Bacteroidia,Bacteroidales  ,Bacteroidaceae  ,Bacteroides   ,Bacteroides vulgatus
ASV_667,Bacteria,Firmicutes,Clostridia,Lachnospirales  ,Lachnospiraceae  ,Blautia   ,Blautia sp.
ASV_668,Bacteria,Firmicutes,Clostridia,Lachnospirales  ,Lachnospiraceae  ,Eubacterium hallii group ,uncultured organism
ASV_669,Bacteria,Bacteroidota,Bacteroidia,Bacteroidales  ,Bacteroidaceae  ,Bacteroides   ,Bacteroides vulgatus
ASV_670,Bacteria,Bacteroidota,Bacteroidia,Bacteroidales  ,Tannerellaceae  ,Parabacteroides   ,Parabacteroides distasonis
ASV_671,Bacteria,Firmicutes,Clostridia,Lachnospirales  ,Lachnospiraceae  ,Ruminococcus torques group ,NA
ASV_672,Bacteria,Firmicutes,Clostridia,Lachnospirales  ,Lachnospiraceae  ,NA,NA
ASV_673,Bacteria,Bacteroidota,Bacteroidia,Bacteroidales  ,Bacteroidaceae  ,Bacteroides   ,Bacteroides massiliensis
ASV_674,Bacteria,Firmicutes,Clostridia,Peptococcales  ,Peptococcaceae  ,Peptococcus   ,uncultured organism
ASV_675,Bacteria,Cyanobacteria,Vampirivibrionia,Gastranaerophilales  ,Gastranaerophilales  ,Gastranaerophilales   ,Acinetobacter sp.
ASV_676,Bacteria,Bacteroidota,Bacteroidia,Bacteroidales  ,Marinifilaceae  ,Butyricimonas   ,uncultured bacterium
ASV_677,Bacteria,Firmicutes,Clostridia,Lachnospirales  ,Lachnospiraceae  ,Lachnospira   ,uncultured organism
ASV_678,Bacteria,Firmicutes,Clostridia,Lachnospirales  ,Lachnospiraceae  ,Lachnospira   ,gut metagenome
ASV_679,Bacteria,Firmicutes,Clostridia,Peptostreptococcales-Tissierellales  ,Peptostreptococcaceae  ,Romboutsia   ,uncultured bacterium
ASV_680,Bacteria,Bacteroidota,Bacteroidia,Bacteroidales  ,Rikenellaceae  ,Alistipes   ,Alistipes inops
ASV_681,Bacteria,Bacteroidota,Bacteroidia,Bacteroidales  ,Prevotellaceae  ,Prevotella 9  ,metagenome 
ASV_682,Bacteria,Bacteroidota,Bacteroidia,Bacteroidales  ,Tannerellaceae  ,Parabacteroides   ,Parabacteroides merdae
ASV_683,Bacteria,Bacteroidota,Bacteroidia,Bacteroidales  ,Muribaculaceae  ,Muribaculaceae   ,uncultured bacterium
ASV_684,Bacteria,Bacteroidota,Bacteroidia,Bacteroidales  ,Prevotellaceae  ,Prevotella 9  ,metagenome 
ASV_685,Bacteria,Firmicutes,Clostridia,Lachnospirales  ,Lachnospiraceae  ,Agathobacter   ,Eubacterium ramulus
ASV_686,Bacteria,Firmicutes,Clostridia,Lachnospirales  ,Lachnospiraceae  ,Lachnoclostridium   ,human gut
ASV_687,Bacteria,Firmicutes,Clostridia,Lachnospirales  ,Lachnospiraceae  ,Lachnospira   ,NA
ASV_688,Bacteria,Firmicutes,Clostridia,Christensenellales  ,Christensenellaceae  ,Christensenellaceae R-7 group ,uncultured prokaryote
ASV_689,Bacteria,Firmicutes,Bacilli,Erysipelotrichales  ,Erysipelotrichaceae  ,Holdemanella   ,uncultured bacterium
ASV_690,Bacteria,Proteobacteria,Alphaproteobacteria,Rhodospirillales  ,uncultured  ,uncultured   ,gut metagenome
ASV_691,Bacteria,Firmicutes,Clostridia,Lachnospirales  ,Lachnospiraceae  ,Coprococcus   ,Lachnospiraceae bacterium
ASV_692,Bacteria,Firmicutes,Clostridia,Oscillospirales  ,Oscillospiraceae  ,uncultured   ,NA
ASV_693,Bacteria,Firmicutes,Clostridia,Lachnospirales  ,Lachnospiraceae  ,NA,NA
ASV_694,Bacteria,Bacteroidota,Bacteroidia,Bacteroidales  ,Bacteroidaceae  ,Bacteroides   ,NA
ASV_695,Bacteria,Firmicutes,Clostridia,Oscillospirales  ,Ruminococcaceae  ,Ruminococcus   ,NA
ASV_696,Bacteria,Bacteroidota,Bacteroidia,Bacteroidales  ,Prevotellaceae  ,Paraprevotella   ,Paraprevotella clara
ASV_697,Bacteria,Firmicutes,Clostridia,Lachnospirales  ,Lachnospiraceae  ,Roseburia   ,uncultured organism
ASV_698,Bacteria,Firmicutes,Clostridia,Lachnospirales  ,Lachnospiraceae  ,Blautia   ,NA
ASV_699,Archaea,Euryarchaeota,Methanobacteria,Methanobacteriales  ,Methanobacteriaceae  ,Methanobrevibacter   ,Methanobrevibacter smithii
ASV_700,Bacteria,Bacteroidota,Bacteroidia,Bacteroidales  ,Marinifilaceae  ,Odoribacter   ,Odoribacter splanchnicus
ASV_701,Bacteria,Firmicutes,Negativicutes,Veillonellales-Selenomonadales  ,Veillonellaceae  ,Dialister   ,NA
ASV_702,Bacteria,Firmicutes,Clostridia,Oscillospirales  ,Oscillospiraceae  ,UCG-002   ,NA
ASV_703,Bacteria,Firmicutes,Clostridia,Oscillospirales  ,Ruminococcaceae  ,Faecalibacterium   ,NA
ASV_704,Bacteria,Bacteroidota,Bacteroidia,Bacteroidales  ,Barnesiellaceae  ,Coprobacter   ,NA
ASV_705,Bacteria,Bacteroidota,Bacteroidia,Bacteroidales  ,Bacteroidaceae  ,Bacteroides   ,NA
ASV_706,Bacteria,Firmicutes,Bacilli,Lactobacillales  ,Streptococcaceae  ,Streptococcus   ,Streptococcus oralis
ASV_707,Bacteria,Firmicutes,Clostridia,Oscillospirales  ,Ruminococcaceae  ,Faecalibacterium   ,NA
ASV_708,Bacteria,Firmicutes,Clostridia,Oscillospirales  ,Ruminococcaceae  ,Subdoligranulum   ,metagenome 
ASV_709,Bacteria,Bacteroidota,Bacteroidia,Bacteroidales  ,Bacteroidaceae  ,Bacteroides   ,Bacteroides uniformis
ASV_710,Bacteria,Proteobacteria,Gammaproteobacteria,Burkholderiales  ,Sutterellaceae  ,Sutterella   ,Sutterellaceae bacterium
ASV_711,Bacteria,Firmicutes,Negativicutes,Veillonellales-Selenomonadales  ,Veillonellaceae  ,Dialister   ,Dialister sp.
ASV_712,Bacteria,Firmicutes,Clostridia,Lachnospirales  ,Lachnospiraceae  ,uncultured   ,uncultured Eubacterium
ASV_713,Bacteria,Firmicutes,Bacilli,Erysipelotrichales  ,Erysipelatoclostridiaceae  ,Erysipelatoclostridium   ,bacterium ic1391
ASV_714,Bacteria,Firmicutes,Clostridia,Oscillospirales  ,Eubacterium coprostanoligenes group,Eubacterium coprostanoligenes group ,gut metagenome
ASV_715,Bacteria,Firmicutes,Negativicutes,Veillonellales-Selenomonadales  ,Veillonellaceae  ,Veillonella   ,uncultured organism
ASV_716,Bacteria,Proteobacteria,Gammaproteobacteria,Enterobacterales  ,Pasteurellaceae  ,Haemophilus   ,uncultured bacterium
ASV_717,Bacteria,Firmicutes,NA,NA,NA,NA,NA
ASV_718,Bacteria,Bacteroidota,Bacteroidia,Bacteroidales  ,Barnesiellaceae  ,Barnesiella   ,uncultured organism
ASV_719,Bacteria,Proteobacteria,Gammaproteobacteria,Burkholderiales  ,Sutterellaceae  ,Sutterella   ,gut metagenome
ASV_720,Bacteria,Firmicutes,Clostridia,Lachnospirales  ,Lachnospiraceae  ,Ruminococcus gauvreauii group ,uncultured Clostridiales
ASV_721,Bacteria,Proteobacteria,Alphaproteobacteria,Rhodospirillales  ,uncultured  ,uncultured   ,Azospirillum sp.
ASV_722,Bacteria,Firmicutes,Clostridia,Lachnospirales  ,Lachnospiraceae  ,NA,NA
ASV_723,Bacteria,Firmicutes,Bacilli,Lactobacillales  ,Streptococcaceae  ,Lactococcus   ,Lactococcus lactis
ASV_724,Bacteria,Firmicutes,Clostridia,Lachnospirales  ,Lachnospiraceae  ,NA,NA
ASV_725,Bacteria,Firmicutes,Negativicutes,Acidaminococcales  ,Acidaminococcaceae  ,Phascolarctobacterium   ,uncultured organism
ASV_726,Bacteria,Proteobacteria,Gammaproteobacteria,Enterobacterales  ,Enterobacteriaceae  ,NA,NA
ASV_727,Bacteria,Firmicutes,Clostridia,Oscillospirales  ,Eubacterium coprostanoligenes group,Eubacterium coprostanoligenes group ,gut metagenome
ASV_728,Bacteria,Firmicutes,Bacilli,Erysipelotrichales  ,Erysipelatoclostridiaceae  ,Erysipelatoclostridium   ,Clostridium spiroforme
ASV_729,Bacteria,Bacteroidota,Bacteroidia,Bacteroidales  ,Prevotellaceae  ,Prevotella 9  ,metagenome 
ASV_730,Bacteria,Firmicutes,Clostridia,Clostridiales  ,Clostridiaceae  ,Clostridium sensu stricto 1,metagenome 
ASV_731,Bacteria,Bacteroidota,Bacteroidia,Bacteroidales  ,Barnesiellaceae  ,Barnesiella   ,uncultured organism
ASV_732,Bacteria,Firmicutes,Clostridia,Monoglobales  ,Monoglobaceae  ,Monoglobus   ,Monoglobus pectinilyticus
ASV_733,Bacteria,Bacteroidota,Bacteroidia,Bacteroidales  ,Prevotellaceae  ,Prevotella 9  ,metagenome 
ASV_734,Bacteria,Firmicutes,Clostridia,Lachnospirales  ,Lachnospiraceae  ,Anaerostipes   ,NA
ASV_735,Bacteria,Firmicutes,Clostridia,Peptostreptococcales-Tissierellales  ,Peptostreptococcaceae  ,Intestinibacter   ,uncultured bacterium
ASV_736,Bacteria,Firmicutes,Bacilli,Bacillales  ,Bacillaceae  ,Bacillus   ,NA
ASV_737,Bacteria,Firmicutes,Clostridia,Lachnospirales  ,Lachnospiraceae  ,Hungatella   ,uncultured bacterium
ASV_738,Bacteria,Firmicutes,Clostridia,Oscillospirales  ,Ruminococcaceae  ,Incertae Sedis  ,Clostridium sp.
ASV_739,Bacteria,Bacteroidota,Bacteroidia,Bacteroidales  ,Rikenellaceae  ,Alistipes   ,Alistipes finegoldii
ASV_740,Bacteria,Actinobacteriota,Coriobacteriia,Coriobacteriales  ,Eggerthellaceae  ,Eggerthella   ,uncultured bacterium
ASV_741,Bacteria,Firmicutes,Clostridia,Lachnospirales  ,Lachnospiraceae  ,Coprococcus   ,uncultured organism
ASV_742,Bacteria,Firmicutes,Clostridia,Oscillospirales  ,Ruminococcaceae  ,Eubacterium siraeum group ,Eubacterium siraeum
ASV_743,Bacteria,Bacteroidota,Bacteroidia,Bacteroidales  ,Bacteroidaceae  ,Bacteroides   ,Bacteroides vulgatus
ASV_744,Bacteria,Firmicutes,Clostridia,Lachnospirales  ,Lachnospiraceae  ,Eisenbergiella   ,uncultured organism
ASV_745,Bacteria,Bacteroidota,Bacteroidia,Bacteroidales  ,Prevotellaceae  ,Prevotella   ,Prevotella stercorea
ASV_746,Bacteria,Firmicutes,Clostridia,Lachnospirales  ,Lachnospiraceae  ,uncultured   ,metagenome 
ASV_747,Bacteria,Firmicutes,Negativicutes,Veillonellales-Selenomonadales  ,Veillonellaceae  ,Dialister   ,NA
ASV_748,Bacteria,Firmicutes,Bacilli,Erysipelotrichales  ,Erysipelatoclostridiaceae  ,Candidatus Stoquefichus  ,Longibaculum muris
ASV_749,Bacteria,Bacteroidota,Bacteroidia,Bacteroidales  ,Bacteroidaceae  ,Bacteroides   ,Bacteroides uniformis
ASV_750,Bacteria,Bacteroidota,Bacteroidia,Bacteroidales  ,Bacteroidaceae  ,Bacteroides   ,Bacteroides uniformis
ASV_751,Bacteria,Bacteroidota,Bacteroidia,Bacteroidales  ,Bacteroidaceae  ,Bacteroides   ,Bacteroides ovatus
ASV_752,Bacteria,Firmicutes,Clostridia,Oscillospirales  ,Oscillospiraceae  ,UCG-005   ,uncultured prokaryote
ASV_753,Bacteria,Bacteroidota,Bacteroidia,Bacteroidales  ,Bacteroidaceae  ,Bacteroides   ,Bacteroides eggerthii
ASV_754,Bacteria,Actinobacteriota,Coriobacteriia,Coriobacteriales  ,Coriobacteriales Incertae Sedis,uncultured   ,gut metagenome
ASV_755,Bacteria,Actinobacteriota,Coriobacteriia,Coriobacteriales  ,Eggerthellaceae  ,Eggerthella   ,uncultured bacterium
ASV_756,Bacteria,Firmicutes,Clostridia,Lachnospirales  ,Lachnospiraceae  ,Anaerostipes   ,metagenome 
ASV_757,Bacteria,Firmicutes,Clostridia,Peptococcales  ,Peptococcaceae  ,Peptococcus   ,NA
ASV_758,Bacteria,Firmicutes,Clostridia,Oscillospirales  ,Oscillospiraceae  ,UCG-002   ,uncultured rumen
ASV_759,Bacteria,Bacteroidota,Bacteroidia,Bacteroidales  ,Bacteroidaceae  ,Bacteroides   ,Bacteroides uniformis
ASV_760,Bacteria,Firmicutes,Clostridia,Oscillospirales  ,Oscillospiraceae  ,NK4A214 group  ,metagenome 
ASV_761,Bacteria,Actinobacteriota,Coriobacteriia,Coriobacteriales  ,Coriobacteriales Incertae Sedis,uncultured   ,gut metagenome
ASV_762,Bacteria,Bacteroidota,Bacteroidia,Bacteroidales  ,Bacteroidaceae  ,Bacteroides   ,Bacteroides vulgatus
ASV_763,Bacteria,Cyanobacteria,Vampirivibrionia,Gastranaerophilales  ,Gastranaerophilales  ,Gastranaerophilales   ,Candidatus Gastranaerophilales
ASV_764,Bacteria,Firmicutes,Clostridia,Oscillospirales  ,Oscillospiraceae  ,Colidextribacter   ,gut metagenome
ASV_765,Bacteria,Firmicutes,Clostridia,Lachnospirales  ,Lachnospiraceae  ,Anaerostipes   ,NA
ASV_766,Bacteria,Bacteroidota,Bacteroidia,Bacteroidales  ,Rikenellaceae  ,Alistipes   ,Alistipes shahii
ASV_767,Bacteria,Firmicutes,Clostridia,Oscillospirales  ,Oscillospiraceae  ,uncultured   ,Clostridium sp.
ASV_768,Bacteria,Firmicutes,Clostridia,Oscillospirales  ,Oscillospiraceae  ,UCG-005   ,human gut
ASV_769,Bacteria,Cyanobacteria,Vampirivibrionia,Gastranaerophilales  ,Gastranaerophilales  ,Gastranaerophilales   ,Candidatus Gastranaerophilales
ASV_770,Bacteria,Bacteroidota,Bacteroidia,Bacteroidales  ,Rikenellaceae  ,Alistipes   ,Alistipes obesi
ASV_771,Bacteria,Firmicutes,Clostridia,Lachnospirales  ,Lachnospiraceae  ,Lachnoclostridium   ,human gut
ASV_772,Bacteria,Bacteroidota,Bacteroidia,Bacteroidales  ,Rikenellaceae  ,Rikenellaceae RC9 gut group,uncultured bacterium
ASV_773,Bacteria,Firmicutes,Clostridia,Oscillospirales  ,Oscillospiraceae  ,Colidextribacter   ,Anaerostipes hadrus
ASV_774,Bacteria,Bacteroidota,Bacteroidia,Bacteroidales  ,Bacteroidaceae  ,Bacteroides   ,Bacteroides ovatus
ASV_775,Bacteria,Proteobacteria,Gammaproteobacteria,Enterobacterales  ,Enterobacteriaceae  ,Escherichia-Shigella   ,Shigella flexneri
ASV_776,Bacteria,Firmicutes,Clostridia,Oscillospirales  ,Butyricicoccaceae  ,Butyricicoccus   ,Butyricicoccus pullicaecorum
ASV_777,Bacteria,Bacteroidota,Bacteroidia,Bacteroidales  ,Prevotellaceae  ,Prevotella   ,gut metagenome
ASV_778,Bacteria,Firmicutes,Clostridia,Clostridia UCG-014 ,Clostridia UCG-014 ,Clostridia UCG-014  ,uncultured organism
ASV_779,Bacteria,Firmicutes,Clostridia,Lachnospirales  ,Lachnospiraceae  ,NA,NA
ASV_780,Bacteria,Firmicutes,Clostridia,Clostridia UCG-014 ,Clostridia UCG-014 ,Clostridia UCG-014  ,uncultured bacterium
ASV_781,Bacteria,Verrucomicrobiota,Verrucomicrobiae,Verrucomicrobiales  ,Akkermansiaceae  ,Akkermansia   ,NA
ASV_782,Bacteria,Bacteroidota,Bacteroidia,Bacteroidales  ,Bacteroidaceae  ,Bacteroides   ,Bacteroides fragilis
ASV_783,Bacteria,Firmicutes,Clostridia,Oscillospirales  ,Ruminococcaceae  ,Faecalibacterium   ,uncultured Faecalibacterium
ASV_784,Bacteria,Bacteroidota,Bacteroidia,Bacteroidales  ,Bacteroidaceae  ,Bacteroides   ,Bacteroides ovatus
ASV_785,Bacteria,Firmicutes,Clostridia,Lachnospirales  ,Lachnospiraceae  ,Dorea   ,uncultured bacterium
ASV_786,Bacteria,Firmicutes,Bacilli,Erysipelotrichales  ,Erysipelotrichaceae  ,Turicibacter   ,NA
ASV_787,Bacteria,Firmicutes,Clostridia,Oscillospirales  ,Ruminococcaceae  ,Incertae Sedis  ,Clostridium leptum
ASV_788,Bacteria,Firmicutes,Clostridia,Oscillospirales  ,Oscillospiraceae  ,UCG-005   ,uncultured organism
ASV_789,Bacteria,Firmicutes,Clostridia,Oscillospirales  ,Ruminococcaceae  ,Eubacterium siraeum group ,uncultured bacterium
ASV_790,Bacteria,Firmicutes,Clostridia,NA,NA,NA,NA
ASV_791,Bacteria,Bacteroidota,Bacteroidia,Bacteroidales  ,Tannerellaceae  ,Parabacteroides   ,Parabacteroides merdae
ASV_792,Bacteria,Firmicutes,Clostridia,Oscillospirales  ,Butyricicoccaceae  ,Butyricicoccus   ,uncultured organism
ASV_793,Bacteria,Firmicutes,Clostridia,Lachnospirales  ,Lachnospiraceae  ,Lachnospiraceae NK4A136 group ,gut metagenome
ASV_794,Bacteria,Desulfobacterota,Desulfovibrionia,Desulfovibrionales  ,Desulfovibrionaceae  ,Bilophila   ,Bilophila wadsworthia
ASV_795,Bacteria,Firmicutes,Clostridia,Lachnospirales  ,Lachnospiraceae  ,Lachnospiraceae UCG-004  ,NA
ASV_796,Bacteria,Firmicutes,Clostridia,Oscillospirales  ,Ruminococcaceae  ,uncultured   ,uncultured Ruminococcus
ASV_797,Bacteria,Bacteroidota,Bacteroidia,Bacteroidales  ,Marinifilaceae  ,Butyricimonas   ,uncultured organism
ASV_798,Bacteria,Firmicutes,Clostridia,Oscillospirales  ,Oscillospiraceae  ,uncultured   ,uncultured organism
ASV_799,Bacteria,Firmicutes,Clostridia,Oscillospirales  ,Ruminococcaceae  ,Faecalibacterium   ,metagenome 
ASV_800,Bacteria,Firmicutes,Clostridia,Christensenellales  ,Christensenellaceae  ,Christensenellaceae R-7 group ,Clostridiales bacterium
ASV_801,Bacteria,Actinobacteriota,Actinobacteria,Bifidobacteriales  ,Bifidobacteriaceae  ,Bifidobacterium   ,NA
ASV_802,Bacteria,Firmicutes,Clostridia,Lachnospirales  ,Lachnospiraceae  ,uncultured   ,metagenome 
ASV_803,Bacteria,Bacteroidota,Bacteroidia,Bacteroidales  ,Muribaculaceae  ,Muribaculaceae   ,uncultured bacterium
ASV_804,Bacteria,Bacteroidota,Bacteroidia,Bacteroidales  ,Tannerellaceae  ,Parabacteroides   ,Parabacteroides goldsteinii
ASV_805,Bacteria,Firmicutes,Negativicutes,Veillonellales-Selenomonadales  ,Veillonellaceae  ,Dialister   ,NA
ASV_806,Bacteria,Bacteroidota,Bacteroidia,Bacteroidales  ,Bacteroidaceae  ,Bacteroides   ,Bacteroides ovatus
ASV_807,Bacteria,Bacteroidota,Bacteroidia,Bacteroidales  ,Bacteroidaceae  ,Bacteroides   ,Bacteroides plebeius
ASV_808,Bacteria,Bacteroidota,Bacteroidia,Bacteroidales  ,Marinifilaceae  ,Butyricimonas   ,uncultured bacterium
ASV_809,Bacteria,Firmicutes,Clostridia,Oscillospirales  ,Oscillospiraceae  ,uncultured   ,Clostridium sp.
ASV_810,Bacteria,Firmicutes,Bacilli,Erysipelotrichales  ,Erysipelatoclostridiaceae  ,Erysipelatoclostridium   ,Clostridium spiroforme
ASV_811,Bacteria,Firmicutes,Clostridia,Lachnospirales  ,Lachnospiraceae  ,Anaerostipes   ,metagenome 
ASV_812,Bacteria,Firmicutes,Bacilli,Lactobacillales  ,Enterococcaceae  ,Enterococcus   ,Enterococcus durans
ASV_813,Bacteria,Firmicutes,Clostridia,Lachnospirales  ,Lachnospiraceae  ,Blautia   ,Blautia sp.
ASV_814,Bacteria,Bacteroidota,Bacteroidia,Bacteroidales  ,Prevotellaceae  ,Prevotella   ,Prevotella stercorea
ASV_815,Bacteria,Firmicutes,Bacilli,Erysipelotrichales  ,Erysipelatoclostridiaceae  ,Erysipelatoclostridium   ,Clostridium spiroforme
ASV_816,Bacteria,Firmicutes,Clostridia,Christensenellales  ,Christensenellaceae  ,Christensenellaceae R-7 group ,gut metagenome
ASV_817,Bacteria,Cyanobacteria,Vampirivibrionia,Gastranaerophilales  ,Gastranaerophilales  ,Gastranaerophilales   ,uncultured bacterium
ASV_818,Bacteria,Firmicutes,Bacilli,Erysipelotrichales  ,Erysipelotrichaceae  ,Holdemania   ,uncultured bacterium
ASV_819,Bacteria,Firmicutes,Clostridia,Lachnospirales  ,Lachnospiraceae  ,NA,NA
ASV_820,Bacteria,Bacteroidota,Bacteroidia,Bacteroidales  ,Rikenellaceae  ,Alistipes   ,Alistipes shahii
ASV_821,Bacteria,Bacteroidota,Bacteroidia,Bacteroidales  ,Bacteroidaceae  ,Bacteroides   ,Bacteroides massiliensis
ASV_822,Bacteria,Firmicutes,Clostridia,Oscillospirales  ,Oscillospiraceae  ,UCG-002   ,uncultured rumen
ASV_823,Bacteria,Firmicutes,Clostridia,Oscillospirales  ,Ruminococcaceae  ,Incertae Sedis  ,Clostridium leptum
ASV_824,Bacteria,Firmicutes,Clostridia,NA,NA,NA,NA
ASV_825,Bacteria,Firmicutes,Clostridia,Lachnospirales  ,Lachnospiraceae  ,Eubacterium eligens group ,uncultured organism
ASV_826,Bacteria,Verrucomicrobiota,Verrucomicrobiae,Verrucomicrobiales  ,Akkermansiaceae  ,Akkermansia   ,NA
ASV_827,Bacteria,Firmicutes,Clostridia,Clostridia UCG-014 ,Clostridia UCG-014 ,Clostridia UCG-014  ,uncultured bacterium
ASV_828,Bacteria,Firmicutes,Clostridia,Lachnospirales  ,Lachnospiraceae  ,Frisingicoccus   ,uncultured organism
ASV_829,Bacteria,Firmicutes,Clostridia,Oscillospirales  ,Oscillospiraceae  ,UCG-002   ,uncultured organism
ASV_830,Bacteria,Bacteroidota,Bacteroidia,Bacteroidales  ,Bacteroidaceae  ,Bacteroides   ,Bacteroides massiliensis
ASV_831,Bacteria,Firmicutes,Clostridia,Lachnospirales  ,Lachnospiraceae  ,Lachnospiraceae UCG-008  ,uncultured organism
ASV_832,Bacteria,Bacteroidota,Bacteroidia,Bacteroidales  ,Bacteroidaceae  ,Bacteroides   ,Bacteroides fragilis
ASV_833,Bacteria,Bacteroidota,Bacteroidia,Bacteroidales  ,Bacteroidaceae  ,Bacteroides   ,Bacteroides clarus
ASV_834,Bacteria,Firmicutes,Negativicutes,Veillonellales-Selenomonadales  ,Veillonellaceae  ,Veillonella   ,uncultured organism
ASV_835,Bacteria,Firmicutes,Negativicutes,Veillonellales-Selenomonadales  ,Veillonellaceae  ,Allisonella   ,uncultured bacterium
ASV_836,Bacteria,Proteobacteria,Gammaproteobacteria,Burkholderiales  ,Sutterellaceae  ,Sutterella   ,gut metagenome
ASV_837,Bacteria,Bacteroidota,Bacteroidia,Bacteroidales  ,Prevotellaceae  ,Prevotella   ,gut metagenome
ASV_838,Bacteria,Bacteroidota,Bacteroidia,Bacteroidales  ,Bacteroidaceae  ,Bacteroides   ,Bacteroides uniformis
ASV_839,Bacteria,Bacteroidota,Bacteroidia,Bacteroidales  ,Prevotellaceae  ,Paraprevotella   ,Paraprevotella clara
ASV_840,Bacteria,Firmicutes,Clostridia,Lachnospirales  ,Lachnospiraceae  ,Lachnoclostridium   ,NA
ASV_841,Bacteria,Bacteroidota,Bacteroidia,Bacteroidales  ,Prevotellaceae  ,Prevotella   ,NA
ASV_842,Bacteria,Bacteroidota,Bacteroidia,Bacteroidales  ,Rikenellaceae  ,Alistipes   ,NA
ASV_843,Bacteria,Firmicutes,Clostridia,Lachnospirales  ,Lachnospiraceae  ,Agathobacter   ,Eubacterium ramulus
ASV_844,Bacteria,Firmicutes,Clostridia,Lachnospirales  ,Lachnospiraceae  ,Dorea   ,uncultured bacterium
ASV_845,Bacteria,Firmicutes,Clostridia,Lachnospirales  ,Lachnospiraceae  ,NA,NA
ASV_846,Bacteria,Bacteroidota,Bacteroidia,Bacteroidales  ,Rikenellaceae  ,Alistipes   ,NA
ASV_847,Bacteria,Bacteroidota,Bacteroidia,Bacteroidales  ,Rikenellaceae  ,Alistipes   ,Bacteroides sp.
ASV_848,Bacteria,Bacteroidota,Bacteroidia,Bacteroidales  ,Bacteroidaceae  ,Bacteroides   ,Bacteroides vulgatus
ASV_849,Bacteria,Bacteroidota,Bacteroidia,Bacteroidales  ,Bacteroidaceae  ,Bacteroides   ,Bacteroides vulgatus
ASV_850,Bacteria,Proteobacteria,Gammaproteobacteria,Burkholderiales  ,Sutterellaceae  ,Sutterella   ,gut metagenome
ASV_851,Bacteria,Firmicutes,Clostridia,Lachnospirales  ,Lachnospiraceae  ,uncultured   ,bacterium enrichment
ASV_852,Bacteria,Firmicutes,Clostridia,Oscillospirales  ,Ruminococcaceae  ,CAG-352   ,uncultured bacterium
ASV_853,Bacteria,Firmicutes,Clostridia,Lachnospirales  ,Lachnospiraceae  ,Lachnospiraceae UCG-001  ,Lachnospiraceae bacterium
ASV_854,Bacteria,Bacteroidota,Bacteroidia,Bacteroidales  ,Prevotellaceae  ,Paraprevotella   ,uncultured bacterium
ASV_855,Bacteria,Firmicutes,Clostridia,Oscillospirales  ,Eubacterium coprostanoligenes group,Eubacterium coprostanoligenes group ,gut metagenome
ASV_856,Bacteria,Bacteroidota,Bacteroidia,Bacteroidales  ,Rikenellaceae  ,Alistipes   ,Alistipes indistinctus
ASV_857,Bacteria,Bacteroidota,Bacteroidia,Bacteroidales  ,Prevotellaceae  ,Prevotella 9  ,uncultured organism
ASV_858,Bacteria,Bacteroidota,Bacteroidia,Bacteroidales  ,Muribaculaceae  ,Muribaculaceae   ,uncultured bacterium
ASV_859,Bacteria,Firmicutes,Clostridia,Oscillospirales  ,Oscillospiraceae  ,UCG-002   ,NA
ASV_860,Bacteria,Firmicutes,NA,NA,NA,NA,NA
ASV_861,Bacteria,Firmicutes,Clostridia,Lachnospirales  ,Lachnospiraceae  ,Lachnoclostridium   ,uncultured organism
ASV_862,Bacteria,Verrucomicrobiota,Verrucomicrobiae,Verrucomicrobiales  ,Akkermansiaceae  ,Akkermansia   ,NA
ASV_863,Bacteria,Bacteroidota,Bacteroidia,Bacteroidales  ,Bacteroidaceae  ,Bacteroides   ,Bacteroides vulgatus
ASV_864,Bacteria,Bacteroidota,Bacteroidia,Bacteroidales  ,Bacteroidaceae  ,Bacteroides   ,Bacteroides cellulosilyticus
ASV_865,Bacteria,Firmicutes,Clostridia,Lachnospirales  ,Lachnospiraceae  ,Tyzzerella   ,unidentified 
ASV_866,Bacteria,Firmicutes,Clostridia,Lachnospirales  ,Lachnospiraceae  ,Lachnoclostridium   ,human gut
ASV_867,Bacteria,Bacteroidota,Bacteroidia,Bacteroidales  ,Prevotellaceae  ,Prevotella 7  ,Massiliprevotella massiliensis
ASV_868,Bacteria,Bacteroidota,Bacteroidia,Bacteroidales  ,Prevotellaceae  ,Prevotella 7  ,Massiliprevotella massiliensis
ASV_869,Bacteria,Firmicutes,Clostridia,Lachnospirales  ,Lachnospiraceae  ,Eubacterium xylanophilum group ,uncultured organism
ASV_870,Bacteria,Bacteroidota,Bacteroidia,Bacteroidales  ,Bacteroidaceae  ,Bacteroides   ,Bacteroides massiliensis
ASV_871,Bacteria,Bacteroidota,Bacteroidia,Bacteroidales  ,Bacteroidaceae  ,Bacteroides   ,Bacteroides vulgatus
ASV_872,Bacteria,Firmicutes,NA,NA,NA,NA,NA
ASV_873,Bacteria,Firmicutes,Clostridia,Lachnospirales  ,Lachnospiraceae  ,Blautia   ,NA
ASV_874,Bacteria,Firmicutes,Clostridia,Oscillospirales  ,Ruminococcaceae  ,uncultured   ,NA
ASV_875,Bacteria,Firmicutes,Clostridia,Oscillospirales  ,Oscillospiraceae  ,Oscillibacter   ,human gut
ASV_876,Bacteria,Firmicutes,Bacilli,Erysipelotrichales  ,Erysipelotrichaceae  ,Turicibacter   ,Turicibacter sanguinis
ASV_877,Bacteria,Bacteroidota,Bacteroidia,Bacteroidales  ,Marinifilaceae  ,Butyricimonas   ,uncultured bacterium
ASV_878,Bacteria,Actinobacteriota,Coriobacteriia,Coriobacteriales  ,Coriobacteriales Incertae Sedis,uncultured   ,gut metagenome
ASV_879,Bacteria,Bacteroidota,Bacteroidia,Bacteroidales  ,Bacteroidaceae  ,Bacteroides   ,Bacteroides vulgatus
ASV_880,Bacteria,Firmicutes,Clostridia,Oscillospirales  ,Ruminococcaceae  ,Faecalibacterium   ,NA
ASV_881,Bacteria,Firmicutes,Clostridia,Lachnospirales  ,Lachnospiraceae  ,Lachnoclostridium   ,Clostridium glycyrrhizinilyticum
ASV_882,Bacteria,Firmicutes,NA,NA,NA,NA,NA
ASV_883,Bacteria,Firmicutes,Clostridia,Lachnospirales  ,Lachnospiraceae  ,Lachnospira   ,gut metagenome
ASV_884,Bacteria,Bacteroidota,Bacteroidia,Bacteroidales  ,Bacteroidaceae  ,Bacteroides   ,Bacteroides vulgatus
ASV_885,Bacteria,Firmicutes,Clostridia,Lachnospirales  ,Lachnospiraceae  ,Roseburia   ,uncultured Roseburia
ASV_886,Bacteria,Bacteroidota,Bacteroidia,Bacteroidales  ,Prevotellaceae  ,Prevotella 9  ,uncultured organism
ASV_887,Bacteria,Firmicutes,Clostridia,Oscillospirales  ,Oscillospiraceae  ,Intestinimonas   ,Intestinimonas butyriciproducens
ASV_888,Bacteria,Firmicutes,Clostridia,Oscillospirales  ,Ruminococcaceae  ,Angelakisella   ,uncultured bacterium
ASV_889,Bacteria,Bacteroidota,Bacteroidia,Bacteroidales  ,Rikenellaceae  ,Alistipes   ,Alistipes finegoldii
ASV_890,Bacteria,Firmicutes,Clostridia,Oscillospirales  ,Oscillospiraceae  ,UCG-002   ,uncultured organism
ASV_891,Bacteria,Firmicutes,Clostridia,Lachnospirales  ,Lachnospiraceae  ,Roseburia   ,uncultured organism
ASV_892,Bacteria,Firmicutes,Clostridia,Lachnospirales  ,Lachnospiraceae  ,Eubacterium xylanophilum group ,uncultured organism
ASV_893,Bacteria,Firmicutes,Clostridia,Lachnospirales  ,Lachnospiraceae  ,NA,NA
ASV_894,Bacteria,Firmicutes,Clostridia,Oscillospirales  ,Ruminococcaceae  ,uncultured   ,human gut
ASV_895,Bacteria,Verrucomicrobiota,Verrucomicrobiae,Verrucomicrobiales  ,Akkermansiaceae  ,Akkermansia   ,NA
ASV_896,Bacteria,Firmicutes,Clostridia,Lachnospirales  ,Lachnospiraceae  ,Eubacterium hallii group ,uncultured organism
ASV_897,Bacteria,Firmicutes,Negativicutes,Veillonellales-Selenomonadales  ,Veillonellaceae  ,Dialister   ,NA
ASV_898,Bacteria,Firmicutes,Clostridia,Lachnospirales  ,Lachnospiraceae  ,Lachnoclostridium   ,uncultured organism
ASV_899,Bacteria,Firmicutes,Clostridia,Lachnospirales  ,Lachnospiraceae  ,Lachnospiraceae NK4A136 group ,NA
ASV_900,Bacteria,Proteobacteria,Gammaproteobacteria,Burkholderiales  ,Sutterellaceae  ,Sutterella   ,Sutterellaceae bacterium
ASV_901,Bacteria,Firmicutes,Clostridia,Lachnospirales  ,Lachnospiraceae  ,Lachnospiraceae UCG-008  ,uncultured organism
ASV_902,Bacteria,Firmicutes,Clostridia,Oscillospirales  ,Ruminococcaceae  ,Eubacterium siraeum group ,NA
ASV_903,Bacteria,Proteobacteria,Gammaproteobacteria,Burkholderiales  ,Sutterellaceae  ,Sutterella   ,gut metagenome
ASV_904,Bacteria,Firmicutes,Clostridia,Lachnospirales  ,Lachnospiraceae  ,uncultured   ,human gut
ASV_905,Bacteria,Cyanobacteria,Vampirivibrionia,Gastranaerophilales  ,Gastranaerophilales  ,Gastranaerophilales   ,Acinetobacter sp.
ASV_906,Bacteria,Bacteroidota,Bacteroidia,Bacteroidales  ,Prevotellaceae  ,Prevotella 9  ,uncultured organism
ASV_907,Bacteria,Firmicutes,Clostridia,Lachnospirales  ,Lachnospiraceae  ,Eisenbergiella   ,uncultured organism
ASV_908,Bacteria,Firmicutes,Clostridia,Oscillospirales  ,Oscillospiraceae  ,uncultured   ,NA
ASV_909,Bacteria,Firmicutes,Clostridia,Lachnospirales  ,Lachnospiraceae  ,Lachnoclostridium   ,uncultured organism
ASV_910,Bacteria,Firmicutes,Clostridia,Oscillospirales  ,Ruminococcaceae  ,Negativibacillus   ,Ruminococcus sp.
ASV_911,Bacteria,Firmicutes,Clostridia,Oscillospirales  ,Oscillospiraceae  ,UCG-002   ,uncultured organism
ASV_912,Bacteria,Bacteroidota,Bacteroidia,Bacteroidales  ,Prevotellaceae  ,Prevotella 9  ,uncultured organism
ASV_913,Bacteria,Firmicutes,Clostridia,Oscillospirales  ,Oscillospiraceae  ,NA,NA
ASV_914,Bacteria,Bacteroidota,Bacteroidia,Bacteroidales  ,Bacteroidaceae  ,Bacteroides   ,Bacteroides ovatus
ASV_915,Bacteria,Firmicutes,Clostridia,Monoglobales  ,Monoglobaceae  ,Monoglobus   ,uncultured Clostridiales
ASV_916,Bacteria,Firmicutes,NA,NA,NA,NA,NA
ASV_917,Bacteria,Bacteroidota,Bacteroidia,Bacteroidales  ,Bacteroidaceae  ,Bacteroides   ,Bacteroides plebeius
ASV_918,Bacteria,Actinobacteriota,Coriobacteriia,Coriobacteriales  ,Eggerthellaceae  ,Adlercreutzia   ,uncultured bacterium
ASV_919,Bacteria,Firmicutes,Clostridia,Lachnospirales  ,Lachnospiraceae  ,Lachnoclostridium   ,Clostridium aldenense
ASV_920,Bacteria,Firmicutes,Clostridia,Lachnospirales  ,Lachnospiraceae  ,Roseburia   ,NA
ASV_921,Bacteria,Firmicutes,Clostridia,Lachnospirales  ,Lachnospiraceae  ,Coprococcus   ,Lachnospiraceae bacterium
ASV_922,Bacteria,Bacteroidota,Bacteroidia,Bacteroidales  ,Barnesiellaceae  ,Barnesiella   ,uncultured organism
ASV_923,Bacteria,Firmicutes,Clostridia,Lachnospirales  ,Lachnospiraceae  ,Moryella   ,uncultured organism
ASV_924,Bacteria,Bacteroidota,Bacteroidia,Bacteroidales  ,Bacteroidaceae  ,Bacteroides   ,unidentified 
ASV_925,Bacteria,Firmicutes,Clostridia,Lachnospirales  ,Lachnospiraceae  ,Lachnospiraceae NK4A136 group ,metagenome 
ASV_926,Bacteria,Firmicutes,Clostridia,Lachnospirales  ,Lachnospiraceae  ,Lachnoclostridium   ,bacterium NLAE-zl-G121
ASV_927,Bacteria,Firmicutes,Clostridia,Lachnospirales  ,Lachnospiraceae  ,Lachnoclostridium   ,Clostridium aldenense
ASV_928,Bacteria,Proteobacteria,Alphaproteobacteria,Rhodospirillales  ,uncultured  ,uncultured   ,gut metagenome
ASV_929,Bacteria,Bacteroidota,Bacteroidia,Bacteroidales  ,Prevotellaceae  ,Prevotella   ,Prevotella stercorea
ASV_930,Bacteria,Firmicutes,Clostridia,Lachnospirales  ,Lachnospiraceae  ,Ruminococcus gauvreauii group ,uncultured Clostridiales
ASV_931,Bacteria,Firmicutes,Clostridia,Lachnospirales  ,Lachnospiraceae  ,Anaerostipes   ,NA
ASV_932,Bacteria,Bacteroidota,Bacteroidia,Bacteroidales  ,Barnesiellaceae  ,Barnesiella   ,uncultured organism
ASV_933,Bacteria,Firmicutes,Clostridia,Lachnospirales  ,Lachnospiraceae  ,Lachnoclostridium   ,uncultured organism
ASV_934,Bacteria,Firmicutes,Clostridia,Oscillospirales  ,Oscillospiraceae  ,Flavonifractor   ,uncultured bacterium
ASV_935,Bacteria,Firmicutes,Bacilli,Erysipelotrichales  ,Erysipelotrichaceae  ,Clostridium innocuum group ,uncultured bacterium
ASV_936,Bacteria,Firmicutes,Clostridia,Christensenellales  ,Christensenellaceae  ,Christensenellaceae R-7 group ,gut metagenome
ASV_937,Bacteria,Firmicutes,Clostridia,Lachnospirales  ,Lachnospiraceae  ,Lachnoclostridium   ,human gut
ASV_938,Bacteria,Firmicutes,Clostridia,Lachnospirales  ,Lachnospiraceae  ,NA,NA
ASV_939,Bacteria,Bacteroidota,Bacteroidia,Bacteroidales  ,Bacteroidaceae  ,Bacteroides   ,Bacteroides cellulosilyticus
ASV_940,Bacteria,Bacteroidota,Bacteroidia,Bacteroidales  ,Bacteroidaceae  ,Bacteroides   ,Bacteroides ovatus
ASV_941,Bacteria,Firmicutes,Clostridia,Lachnospirales  ,Lachnospiraceae  ,Lachnospira   ,gut metagenome
ASV_942,Bacteria,Firmicutes,Clostridia,Lachnospirales  ,Lachnospiraceae  ,Lachnoclostridium   ,Clostridium glycyrrhizinilyticum
ASV_943,Bacteria,Firmicutes,Clostridia,Lachnospirales  ,Lachnospiraceae  ,Blautia   ,Blautia caecimuris
ASV_944,Bacteria,Bacteroidota,Bacteroidia,Bacteroidales  ,Prevotellaceae  ,Prevotella 9  ,uncultured organism
ASV_945,Bacteria,Firmicutes,Clostridia,Lachnospirales  ,Lachnospiraceae  ,Roseburia   ,gut metagenome
ASV_946,Bacteria,Firmicutes,Clostridia,Oscillospirales  ,Oscillospiraceae  ,UCG-002   ,uncultured organism
ASV_947,Bacteria,Firmicutes,Clostridia,Oscillospirales  ,Oscillospirales  ,Hydrogenoanaerobacterium   ,Selenomonadales bacterium
ASV_948,Bacteria,Bacteroidota,Bacteroidia,Bacteroidales  ,Muribaculaceae  ,Muribaculaceae   ,uncultured bacterium
ASV_949,Bacteria,Firmicutes,Clostridia,Oscillospirales  ,Ruminococcaceae  ,uncultured   ,human gut
ASV_950,Bacteria,Firmicutes,Clostridia,Oscillospirales  ,Ruminococcaceae  ,CAG-352   ,NA
ASV_951,Bacteria,Firmicutes,Clostridia,Oscillospirales  ,Ruminococcaceae  ,uncultured   ,NA
ASV_952,Bacteria,Proteobacteria,Gammaproteobacteria,Burkholderiales  ,Sutterellaceae  ,Sutterella   ,uncultured bacterium
ASV_953,Bacteria,Bacteroidota,Bacteroidia,Bacteroidales  ,Prevotellaceae  ,Prevotella 9  ,uncultured organism
ASV_954,Bacteria,Firmicutes,Clostridia,Oscillospirales  ,Eubacterium coprostanoligenes group,Eubacterium coprostanoligenes group ,gut metagenome
ASV_955,Bacteria,Cyanobacteria,Vampirivibrionia,Gastranaerophilales  ,Gastranaerophilales  ,Gastranaerophilales   ,Clostridium sp.
ASV_956,Bacteria,Bacteroidota,Bacteroidia,Bacteroidales  ,Prevotellaceae  ,Prevotella   ,gut metagenome
ASV_957,Bacteria,Bacteroidota,Bacteroidia,Bacteroidales  ,Bacteroidaceae  ,Bacteroides   ,NA
ASV_958,Bacteria,Firmicutes,Clostridia,Oscillospirales  ,Oscillospiraceae  ,UCG-003   ,uncultured bacterium
ASV_959,Bacteria,Firmicutes,Clostridia,Oscillospirales  ,Ruminococcaceae  ,Faecalibacterium   ,NA
ASV_960,Bacteria,Bacteroidota,Bacteroidia,Bacteroidales  ,Bacteroidaceae  ,Bacteroides   ,Bacteroides clarus
ASV_961,Bacteria,Bacteroidota,Bacteroidia,Bacteroidales  ,Tannerellaceae  ,Parabacteroides   ,Parabacteroides merdae
ASV_962,Bacteria,Firmicutes,Clostridia,Lachnospirales  ,Lachnospiraceae  ,uncultured   ,uncultured Eubacterium
ASV_963,Bacteria,Firmicutes,Clostridia,Christensenellales  ,Christensenellaceae  ,Christensenellaceae R-7 group ,human gut
ASV_964,Bacteria,Firmicutes,Clostridia,Oscillospirales  ,Oscillospiraceae  ,UCG-002   ,Trichuris trichiura
ASV_965,Bacteria,Firmicutes,Clostridia,Oscillospirales  ,Eubacterium coprostanoligenes group,Eubacterium coprostanoligenes group ,gut metagenome
ASV_966,Bacteria,Firmicutes,Clostridia,Lachnospirales  ,Lachnospiraceae  ,Coprococcus   ,metagenome 
ASV_967,Bacteria,Bacteroidota,Bacteroidia,Bacteroidales  ,Tannerellaceae  ,Parabacteroides   ,Parabacteroides goldsteinii
ASV_968,Bacteria,Bacteroidota,Bacteroidia,Bacteroidales  ,Bacteroidaceae  ,Bacteroides   ,unidentified 
ASV_969,Bacteria,Firmicutes,Clostridia,Clostridia UCG-014 ,Clostridia UCG-014 ,Clostridia UCG-014  ,gut metagenome
ASV_970,Bacteria,Firmicutes,Clostridia,Lachnospirales  ,Lachnospiraceae  ,Blautia   ,NA
ASV_971,Bacteria,Firmicutes,Clostridia,Lachnospirales  ,Lachnospiraceae  ,Hungatella   ,uncultured bacterium
ASV_972,Bacteria,Firmicutes,Clostridia,Lachnospirales  ,Lachnospiraceae  ,NA,NA
ASV_973,Bacteria,Firmicutes,Clostridia,Lachnospirales  ,Lachnospiraceae  ,Ruminococcus torques group ,uncultured organism
ASV_974,Bacteria,Bacteroidota,Bacteroidia,Bacteroidales  ,Tannerellaceae  ,Parabacteroides   ,Parabacteroides distasonis
ASV_975,Bacteria,Bacteroidota,Bacteroidia,Bacteroidales  ,Barnesiellaceae  ,Coprobacter   ,NA
ASV_976,Bacteria,Bacteroidota,Bacteroidia,Bacteroidales  ,Prevotellaceae  ,Paraprevotella   ,Paraprevotella clara
ASV_977,Bacteria,Bacteroidota,Bacteroidia,Bacteroidales  ,Bacteroidaceae  ,Bacteroides   ,NA
ASV_978,Bacteria,Firmicutes,Clostridia,Oscillospirales  ,Ruminococcaceae  ,Subdoligranulum   ,metagenome 
ASV_979,Bacteria,Firmicutes,Clostridia,Lachnospirales  ,Lachnospiraceae  ,Lachnoclostridium   ,bacterium NLAE-zl-G121
ASV_980,Bacteria,Firmicutes,Clostridia,Oscillospirales  ,Ruminococcaceae  ,Subdoligranulum   ,metagenome 
ASV_981,Bacteria,Firmicutes,Bacilli,Erysipelotrichales  ,Erysipelatoclostridiaceae  ,Erysipelotrichaceae UCG-003  ,uncultured bacterium
ASV_982,Bacteria,Firmicutes,Clostridia,Oscillospirales  ,Ruminococcaceae  ,Faecalibacterium   ,NA
ASV_983,Bacteria,Verrucomicrobiota,Lentisphaeria,Victivallales  ,Victivallaceae  ,Victivallis   ,uncultured bacterium
ASV_984,Bacteria,Firmicutes,Clostridia,Oscillospirales  ,Butyricicoccaceae  ,Butyricicoccus   ,uncultured organism
ASV_985,Bacteria,Firmicutes,Clostridia,Lachnospirales  ,Lachnospiraceae  ,Lachnospiraceae NK4A136 group ,metagenome 
ASV_986,Bacteria,Firmicutes,Clostridia,Lachnospirales  ,Lachnospiraceae  ,Blautia   ,NA
ASV_987,Bacteria,Bacteroidota,Bacteroidia,Bacteroidales  ,Tannerellaceae  ,Parabacteroides   ,Parabacteroides distasonis
ASV_988,Bacteria,Bacteroidota,Bacteroidia,Bacteroidales  ,Prevotellaceae  ,Prevotella 9  ,uncultured organism
ASV_989,Bacteria,Firmicutes,Clostridia,Oscillospirales  ,Ruminococcaceae  ,Eubacterium siraeum group ,Eubacterium siraeum
ASV_990,Bacteria,Firmicutes,Clostridia,Oscillospirales  ,Eubacterium coprostanoligenes group,Eubacterium coprostanoligenes group ,human gut
ASV_991,Bacteria,Firmicutes,Clostridia,Oscillospirales  ,Oscillospiraceae  ,UCG-002   ,gut metagenome
ASV_992,Bacteria,Bacteroidota,Bacteroidia,Bacteroidales  ,Prevotellaceae  ,Prevotella 9  ,metagenome 
ASV_993,Bacteria,Firmicutes,Clostridia,Lachnospirales  ,Lachnospiraceae  ,Lachnospiraceae UCG-004  ,NA
ASV_994,Bacteria,Bacteroidota,Bacteroidia,Bacteroidales  ,Muribaculaceae  ,Muribaculaceae   ,uncultured bacterium
ASV_995,Bacteria,Firmicutes,Clostridia,Lachnospirales  ,Lachnospiraceae  ,Blautia   ,NA
ASV_996,Bacteria,Proteobacteria,Gammaproteobacteria,Enterobacterales  ,Enterobacteriaceae  ,Escherichia-Shigella   ,Shigella flexneri
ASV_997,Bacteria,Firmicutes,Clostridia,Clostridiales  ,Clostridiaceae  ,Clostridium sensu stricto 1,metagenome 
ASV_998,Bacteria,Firmicutes,Clostridia,Lachnospirales  ,Lachnospiraceae  ,Lachnospiraceae UCG-008  ,uncultured organism
ASV_999,Bacteria,Firmicutes,Clostridia,Clostridia vadinBB60 group,Clostridia vadinBB60 group,Clostridia vadinBB60 group ,uncultured bacterium
ASV_1000,Bacteria,Firmicutes,Clostridia,Lachnospirales  ,Lachnospiraceae  ,Lachnoclostridium   ,human gut
ASV_1001,Bacteria,Bacteroidota,Bacteroidia,Bacteroidales  ,Bacteroidaceae  ,Bacteroides   ,Bacteroides cellulosilyticus
ASV_1002,Bacteria,Firmicutes,Clostridia,Oscillospirales  ,Oscillospiraceae  ,UCG-002   ,uncultured Firmicutes
ASV_1003,Bacteria,Bacteroidota,Bacteroidia,Bacteroidales  ,Prevotellaceae  ,uncultured   ,uncultured bacterium
ASV_1004,Bacteria,Firmicutes,Clostridia,Lachnospirales  ,Lachnospiraceae  ,Ruminococcus gauvreauii group ,uncultured Clostridiales
ASV_1005,Bacteria,Firmicutes,Clostridia,Oscillospirales  ,Oscillospiraceae  ,Colidextribacter   ,gut metagenome
ASV_1006,Bacteria,Bacteroidota,Bacteroidia,Bacteroidales  ,Bacteroidaceae  ,Bacteroides   ,Bacteroides coprocola
ASV_1007,Bacteria,Firmicutes,Clostridia,Lachnospirales  ,Lachnospiraceae  ,Blautia   ,NA
ASV_1008,Bacteria,Firmicutes,Clostridia,Lachnospirales  ,Lachnospiraceae  ,Coprococcus   ,metagenome 
ASV_1009,Bacteria,Firmicutes,Clostridia,Oscillospirales  ,Ruminococcaceae  ,uncultured   ,gut metagenome
ASV_1010,Bacteria,Bacteroidota,Bacteroidia,Bacteroidales  ,Rikenellaceae  ,Alistipes   ,Bacteroides sp.
ASV_1011,Bacteria,Bacteroidota,Bacteroidia,Bacteroidales  ,Bacteroidaceae  ,Bacteroides   ,Bacteroides vulgatus
ASV_1012,Bacteria,Firmicutes,Bacilli,Lactobacillales  ,Streptococcaceae  ,Streptococcus   ,Streptococcus salivarius
ASV_1013,Bacteria,Bacteroidota,Bacteroidia,Bacteroidales  ,Bacteroidaceae  ,Bacteroides   ,Bacteroides ovatus
ASV_1014,Bacteria,Firmicutes,Clostridia,Oscillospirales  ,Oscillospiraceae  ,Flavonifractor   ,uncultured bacterium
ASV_1015,Bacteria,Firmicutes,Clostridia,Lachnospirales  ,Lachnospiraceae  ,Eubacterium eligens group ,uncultured organism
ASV_1016,Bacteria,Bacteroidota,Bacteroidia,Bacteroidales  ,Prevotellaceae  ,Prevotella 9  ,metagenome 
ASV_1017,Bacteria,Bacteroidota,Bacteroidia,Bacteroidales  ,Marinifilaceae  ,Butyricimonas   ,NA
ASV_1018,Bacteria,Firmicutes,Clostridia,Oscillospirales  ,Ruminococcaceae  ,Incertae Sedis  ,Carnobacterium sp.
ASV_1019,Bacteria,Cyanobacteria,Vampirivibrionia,Gastranaerophilales  ,Gastranaerophilales  ,Gastranaerophilales   ,uncultured bacterium
ASV_1020,Bacteria,Firmicutes,Negativicutes,Acidaminococcales  ,Acidaminococcaceae  ,Phascolarctobacterium   ,uncultured organism
ASV_1021,Bacteria,Firmicutes,Clostridia,Lachnospirales  ,Lachnospiraceae  ,Eubacterium ventriosum group ,uncultured organism
ASV_1022,Bacteria,Firmicutes,Clostridia,Lachnospirales  ,Lachnospiraceae  ,NA,NA
ASV_1023,Bacteria,Bacteroidota,Bacteroidia,Bacteroidales  ,Prevotellaceae  ,Prevotella 9  ,NA
ASV_1024,Bacteria,Bacteroidota,Bacteroidia,Bacteroidales  ,Prevotellaceae  ,Paraprevotella   ,Paraprevotella xylaniphila
ASV_1025,Bacteria,Firmicutes,Clostridia,Oscillospirales  ,Oscillospiraceae  ,UCG-002   ,uncultured organism
ASV_1026,Bacteria,Verrucomicrobiota,Verrucomicrobiae,Verrucomicrobiales  ,Akkermansiaceae  ,Akkermansia   ,NA
ASV_1027,Bacteria,Bacteroidota,Bacteroidia,Bacteroidales  ,Tannerellaceae  ,Parabacteroides   ,Parabacteroides distasonis
ASV_1028,Bacteria,Bacteroidota,Bacteroidia,Bacteroidales  ,Bacteroidaceae  ,Bacteroides   ,Bacteroides ovatus
ASV_1029,Bacteria,Firmicutes,Bacilli,Lactobacillales  ,Streptococcaceae  ,Lactococcus   ,Lactococcus lactis
ASV_1030,Bacteria,Firmicutes,Clostridia,Oscillospirales  ,Ruminococcaceae  ,Negativibacillus   ,Ruminococcus sp.
ASV_1031,Bacteria,Firmicutes,Clostridia,Monoglobales  ,Monoglobaceae  ,Monoglobus   ,uncultured Clostridiales
ASV_1032,Bacteria,Bacteroidota,Bacteroidia,Bacteroidales  ,Rikenellaceae  ,Alistipes   ,Alistipes indistinctus
ASV_1033,Bacteria,Firmicutes,Bacilli,Lactobacillales  ,Streptococcaceae  ,Streptococcus   ,Streptococcus oralis
ASV_1034,Bacteria,Bacteroidota,Bacteroidia,Bacteroidales  ,Tannerellaceae  ,Parabacteroides   ,Parabacteroides merdae
ASV_1035,Bacteria,Firmicutes,Clostridia,Clostridiales  ,Clostridiaceae  ,Clostridium sensu stricto 1,metagenome 
ASV_1036,Bacteria,Bacteroidota,Bacteroidia,Bacteroidales  ,Marinifilaceae  ,Butyricimonas   ,uncultured organism
ASV_1037,Bacteria,Firmicutes,Clostridia,Oscillospirales  ,Oscillospiraceae  ,UCG-005   ,uncultured organism
ASV_1038,Bacteria,Firmicutes,Clostridia,Oscillospirales  ,Ruminococcaceae  ,Faecalibacterium   ,NA
ASV_1039,Bacteria,Firmicutes,Clostridia,Lachnospirales  ,Lachnospiraceae  ,Eubacterium eligens group ,uncultured organism
ASV_1040,Bacteria,Bacteroidota,Bacteroidia,Bacteroidales  ,Bacteroidaceae  ,Bacteroides   ,Bacteroides uniformis
ASV_1041,Bacteria,Verrucomicrobiota,Verrucomicrobiae,Verrucomicrobiales  ,Akkermansiaceae  ,Akkermansia   ,NA
ASV_1042,Bacteria,Firmicutes,Clostridia,Oscillospirales  ,Ruminococcaceae  ,Faecalibacterium   ,NA
ASV_1043,Bacteria,Firmicutes,Clostridia,Lachnospirales  ,Lachnospiraceae  ,Eubacterium hallii group ,uncultured organism
ASV_1044,Bacteria,Firmicutes,Clostridia,Oscillospirales  ,Oscillospiraceae  ,UCG-003   ,uncultured bacterium
ASV_1045,Bacteria,Firmicutes,Clostridia,Lachnospirales  ,Lachnospiraceae  ,Agathobacter   ,uncultured bacterium
ASV_1046,Bacteria,Bacteroidota,Bacteroidia,Bacteroidales  ,Bacteroidaceae  ,Bacteroides   ,Bacteroides plebeius
ASV_1047,Bacteria,Bacteroidota,Bacteroidia,Bacteroidales  ,Marinifilaceae  ,Odoribacter   ,Odoribacter splanchnicus
ASV_1048,Bacteria,Firmicutes,Clostridia,Lachnospirales  ,Lachnospiraceae  ,GCA-900066575   ,uncultured bacterium
ASV_1049,Bacteria,Firmicutes,Clostridia,Oscillospirales  ,Ruminococcaceae  ,Eubacterium siraeum group ,Eubacterium siraeum
ASV_1050,Bacteria,Firmicutes,Bacilli,Erysipelotrichales  ,Erysipelatoclostridiaceae  ,Erysipelatoclostridium   ,Erysipelatoclostridium ramosum
ASV_1051,Bacteria,Firmicutes,Clostridia,Oscillospirales  ,Eubacterium coprostanoligenes group,Eubacterium coprostanoligenes group ,metagenome 
ASV_1052,Bacteria,Firmicutes,Clostridia,Lachnospirales  ,Lachnospiraceae  ,Blautia   ,Blautia sp.
ASV_1053,Bacteria,Firmicutes,Clostridia,Clostridia UCG-014 ,Clostridia UCG-014 ,Clostridia UCG-014  ,gut metagenome
ASV_1054,Bacteria,Bacteroidota,Bacteroidia,Bacteroidales  ,Prevotellaceae  ,Prevotella   ,Prevotella stercorea
ASV_1055,Bacteria,Firmicutes,Clostridia,Lachnospirales  ,Lachnospiraceae  ,Ruminococcus gauvreauii group ,uncultured Clostridiales
ASV_1056,Bacteria,Firmicutes,Clostridia,Oscillospirales  ,Ruminococcaceae  ,CAG-352   ,uncultured bacterium
ASV_1057,Bacteria,Firmicutes,Negativicutes,Veillonellales-Selenomonadales  ,Veillonellaceae  ,Dialister   ,NA
ASV_1058,Bacteria,Firmicutes,Clostridia,Oscillospirales  ,Eubacterium coprostanoligenes group,Eubacterium coprostanoligenes group ,gut metagenome
ASV_1059,Bacteria,Firmicutes,Clostridia,Oscillospirales  ,Eubacterium coprostanoligenes group,Eubacterium coprostanoligenes group ,gut metagenome
ASV_1060,Bacteria,Firmicutes,Negativicutes,Acidaminococcales  ,Acidaminococcaceae  ,Phascolarctobacterium   ,uncultured organism
ASV_1061,Bacteria,Firmicutes,Clostridia,Lachnospirales  ,Lachnospiraceae  ,uncultured   ,human gut
ASV_1062,Bacteria,Firmicutes,Clostridia,Oscillospirales  ,Ruminococcaceae  ,Ruminococcus   ,uncultured Ruminococcus
ASV_1063,Bacteria,Firmicutes,Clostridia,Lachnospirales  ,Lachnospiraceae  ,uncultured   ,metagenome 
ASV_1064,Bacteria,Bacteroidota,Bacteroidia,Bacteroidales  ,Rikenellaceae  ,Alistipes   ,NA
ASV_1065,Bacteria,Firmicutes,Clostridia,Lachnospirales  ,Lachnospiraceae  ,GCA-900066575   ,NA
ASV_1066,Bacteria,Firmicutes,Clostridia,Lachnospirales  ,Lachnospiraceae  ,uncultured   ,human gut
ASV_1067,Bacteria,Firmicutes,Clostridia,Lachnospirales  ,Lachnospiraceae  ,uncultured   ,human gut
ASV_1068,Bacteria,Firmicutes,Clostridia,Lachnospirales  ,Lachnospiraceae  ,Dorea   ,uncultured Dorea
ASV_1069,Bacteria,Bacteroidota,Bacteroidia,Bacteroidales  ,Marinifilaceae  ,Butyricimonas   ,uncultured organism
ASV_1070,Bacteria,Firmicutes,Clostridia,Oscillospirales  ,Butyricicoccaceae  ,Butyricicoccus   ,NA
ASV_1071,Bacteria,Firmicutes,Clostridia,Lachnospirales  ,Lachnospiraceae  ,Eubacterium ventriosum group ,uncultured bacterium
ASV_1072,Bacteria,Firmicutes,Clostridia,Oscillospirales  ,Oscillospiraceae  ,Oscillibacter   ,uncultured organism
ASV_1073,Bacteria,Bacteroidota,Bacteroidia,Bacteroidales  ,Bacteroidaceae  ,Bacteroides   ,Bacteroides vulgatus
ASV_1074,Bacteria,Firmicutes,Clostridia,Lachnospirales  ,Lachnospiraceae  ,Eubacterium ventriosum group ,uncultured Lachnospiraceae
ASV_1075,Bacteria,Bacteroidota,Bacteroidia,Bacteroidales  ,Bacteroidaceae  ,Bacteroides   ,Bacteroides vulgatus
ASV_1076,Bacteria,Actinobacteriota,Coriobacteriia,Coriobacteriales  ,Coriobacteriaceae  ,Collinsella   ,Collinsella aerofaciens
ASV_1077,Bacteria,Firmicutes,Clostridia,Lachnospirales  ,Lachnospiraceae  ,CAG-56   ,uncultured bacterium
ASV_1078,Bacteria,Bacteroidota,Bacteroidia,Bacteroidales  ,Bacteroidaceae  ,Bacteroides   ,Bacteroides massiliensis
ASV_1079,Bacteria,Firmicutes,Clostridia,Lachnospirales  ,Lachnospiraceae  ,Coprococcus   ,NA
ASV_1080,Bacteria,Firmicutes,Clostridia,Lachnospirales  ,Lachnospiraceae  ,NA,NA
ASV_1081,Bacteria,Bacteroidota,Bacteroidia,Bacteroidales  ,Barnesiellaceae  ,Barnesiella   ,uncultured organism
ASV_1082,Bacteria,Firmicutes,Clostridia,Christensenellales  ,Christensenellaceae  ,Christensenellaceae R-7 group ,Clostridiales bacterium
ASV_1083,Bacteria,Firmicutes,Clostridia,Lachnospirales  ,Lachnospiraceae  ,Ruminococcus torques group ,Ruminococcus lactaris
ASV_1084,Bacteria,Bacteroidota,Bacteroidia,Bacteroidales  ,Prevotellaceae  ,Prevotella 7  ,Massiliprevotella massiliensis
ASV_1085,Bacteria,Firmicutes,Clostridia,Oscillospirales  ,Ruminococcaceae  ,Subdoligranulum   ,metagenome 
ASV_1086,Bacteria,Firmicutes,Clostridia,Lachnospirales  ,Lachnospiraceae  ,Lachnospiraceae UCG-001  ,metagenome 
ASV_1087,Bacteria,Proteobacteria,Gammaproteobacteria,Burkholderiales  ,Oxalobacteraceae  ,Oxalobacter   ,Oxalobacter formigenes
ASV_1088,Bacteria,Bacteroidota,Bacteroidia,Bacteroidales  ,Bacteroidaceae  ,Bacteroides   ,Bacteroides plebeius
ASV_1089,Bacteria,Firmicutes,Clostridia,Peptostreptococcales-Tissierellales  ,Anaerovoracaceae  ,Family XIII AD3011 group,uncultured organism
ASV_1090,Bacteria,Firmicutes,Clostridia,Lachnospirales  ,Lachnospiraceae  ,Coprococcus   ,metagenome 
ASV_1091,Bacteria,Firmicutes,Clostridia,Lachnospirales  ,Lachnospiraceae  ,Blautia   ,uncultured Blautia
ASV_1092,Bacteria,Bacteroidota,Bacteroidia,Bacteroidales  ,NA,NA,NA
ASV_1093,Bacteria,Bacteroidota,Bacteroidia,Bacteroidales  ,Tannerellaceae  ,Parabacteroides   ,Parabacteroides distasonis
ASV_1094,Bacteria,Bacteroidota,Bacteroidia,Bacteroidales  ,Bacteroidaceae  ,Bacteroides   ,Bacteroides massiliensis
ASV_1095,Bacteria,Firmicutes,Clostridia,Oscillospirales  ,Ruminococcaceae  ,Faecalibacterium   ,NA
ASV_1096,Bacteria,Firmicutes,Clostridia,Oscillospirales  ,Oscillospiraceae  ,uncultured   ,Clostridium sp.
ASV_1097,Bacteria,Bacteroidota,Bacteroidia,Bacteroidales  ,Rikenellaceae  ,Alistipes   ,Alistipes sp.
ASV_1098,Bacteria,Firmicutes,Clostridia,Lachnospirales  ,Lachnospiraceae  ,Lachnospira   ,gut metagenome
ASV_1099,Bacteria,Bacteroidota,Bacteroidia,Bacteroidales  ,Bacteroidaceae  ,Bacteroides   ,Bacteroides coprocola
ASV_1100,Bacteria,Bacteroidota,Bacteroidia,Bacteroidales  ,Barnesiellaceae  ,Barnesiella   ,uncultured organism
ASV_1101,Bacteria,Firmicutes,Bacilli,Erysipelotrichales  ,Erysipelotrichaceae  ,Faecalitalea   ,uncultured organism
ASV_1102,Bacteria,Firmicutes,Clostridia,Lachnospirales  ,Lachnospiraceae  ,Hungatella   ,uncultured bacterium
ASV_1103,Bacteria,Firmicutes,Clostridia,Oscillospirales  ,Ruminococcaceae  ,Angelakisella   ,uncultured bacterium
ASV_1104,Bacteria,Firmicutes,Clostridia,Peptococcales  ,Peptococcaceae  ,Peptococcus   ,uncultured organism
ASV_1105,Bacteria,Bacteroidota,Bacteroidia,Bacteroidales  ,Prevotellaceae  ,Paraprevotella   ,uncultured bacterium
ASV_1106,Bacteria,Firmicutes,Clostridia,Lachnospirales  ,Lachnospiraceae  ,Lachnospira   ,uncultured organism
ASV_1107,Bacteria,Bacteroidota,Bacteroidia,Bacteroidales  ,Barnesiellaceae  ,Barnesiella   ,uncultured organism
ASV_1108,Bacteria,Firmicutes,Clostridia,Lachnospirales  ,Lachnospiraceae  ,Lachnospiraceae UCG-004  ,uncultured organism
ASV_1109,Bacteria,Bacteroidota,Bacteroidia,Bacteroidales  ,Prevotellaceae  ,Paraprevotella   ,NA
ASV_1110,Bacteria,Firmicutes,Clostridia,Lachnospirales  ,Lachnospiraceae  ,Hungatella   ,uncultured bacterium
ASV_1111,Bacteria,Bacteroidota,Bacteroidia,Bacteroidales  ,Bacteroidaceae  ,Bacteroides   ,Bacteroides vulgatus
ASV_1112,Bacteria,Firmicutes,Clostridia,Christensenellales  ,Christensenellaceae  ,Christensenellaceae R-7 group ,Clostridiales bacterium
ASV_1113,Bacteria,Firmicutes,Clostridia,Oscillospirales  ,Oscillospiraceae  ,UCG-002   ,NA
ASV_1114,Bacteria,Bacteroidota,Bacteroidia,Bacteroidales  ,Bacteroidaceae  ,Bacteroides   ,Bacteroides massiliensis
ASV_1115,Bacteria,Bacteroidota,Bacteroidia,Bacteroidales  ,Rikenellaceae  ,Alistipes   ,Alistipes obesi
ASV_1116,Bacteria,Bacteroidota,Bacteroidia,Bacteroidales  ,Prevotellaceae  ,Prevotella 9  ,metagenome 
ASV_1117,Bacteria,Proteobacteria,Gammaproteobacteria,Burkholderiales  ,Sutterellaceae  ,Sutterella   ,Burkholderia sp.
ASV_1118,Bacteria,Desulfobacterota,Desulfovibrionia,Desulfovibrionales  ,Desulfovibrionaceae  ,Bilophila   ,Bilophila wadsworthia
ASV_1119,Bacteria,Bacteroidota,Bacteroidia,Bacteroidales  ,Bacteroidaceae  ,Bacteroides   ,Bacteroides vulgatus
ASV_1120,Bacteria,Proteobacteria,Gammaproteobacteria,Burkholderiales  ,Sutterellaceae  ,Sutterella   ,uncultured bacterium
ASV_1121,Bacteria,Firmicutes,Clostridia,Christensenellales  ,Christensenellaceae  ,Christensenellaceae R-7 group ,Clostridiales bacterium
ASV_1122,Archaea,Euryarchaeota,Methanobacteria,Methanobacteriales  ,Methanobacteriaceae  ,Methanobrevibacter   ,Methanobrevibacter smithii
ASV_1123,Bacteria,Proteobacteria,Alphaproteobacteria,Rhodospirillales  ,uncultured  ,uncultured   ,gut metagenome
ASV_1124,Bacteria,Firmicutes,Clostridia,Christensenellales  ,Christensenellaceae  ,Christensenellaceae R-7 group ,human gut
ASV_1125,Bacteria,Firmicutes,Clostridia,Lachnospirales  ,Lachnospiraceae  ,Eubacterium xylanophilum group ,uncultured organism
ASV_1126,Bacteria,Firmicutes,Clostridia,Oscillospirales  ,Oscillospiraceae  ,UCG-002   ,gut metagenome
ASV_1127,Bacteria,Bacteroidota,Bacteroidia,Bacteroidales  ,Bacteroidaceae  ,Bacteroides   ,unidentified 
ASV_1128,Bacteria,Firmicutes,Clostridia,Lachnospirales  ,Lachnospiraceae  ,Lachnoclostridium   ,Clostridium asparagiforme
ASV_1129,Bacteria,Firmicutes,Bacilli,Izemoplasmatales  ,Izemoplasmatales  ,Izemoplasmatales   ,gut metagenome
ASV_1130,Bacteria,Firmicutes,Clostridia,Oscillospirales  ,Ruminococcaceae  ,Faecalibacterium   ,NA
ASV_1131,Bacteria,Verrucomicrobiota,Lentisphaeria,Victivallales  ,Victivallaceae  ,Victivallis   ,uncultured bacterium
ASV_1132,Bacteria,Firmicutes,Clostridia,Oscillospirales  ,Oscillospiraceae  ,UCG-002   ,gut metagenome
ASV_1133,Bacteria,Firmicutes,Clostridia,Oscillospirales  ,Ruminococcaceae  ,uncultured   ,NA
ASV_1134,Bacteria,Firmicutes,Clostridia,Oscillospirales  ,Ruminococcaceae  ,uncultured   ,gut metagenome
ASV_1135,Bacteria,Firmicutes,Clostridia,Oscillospirales  ,UCG-010  ,UCG-010   ,gut metagenome
ASV_1136,Bacteria,Firmicutes,Clostridia,Lachnospirales  ,Lachnospiraceae  ,Agathobacter   ,uncultured bacterium
ASV_1137,Bacteria,Firmicutes,Negativicutes,Acidaminococcales  ,Acidaminococcaceae  ,Phascolarctobacterium   ,uncultured Veillonellaceae
ASV_1138,Bacteria,Firmicutes,Clostridia,Lachnospirales  ,Lachnospiraceae  ,Eubacterium ruminantium group ,gut metagenome
ASV_1139,Bacteria,Bacteroidota,Bacteroidia,Bacteroidales  ,Marinifilaceae  ,Butyricimonas   ,NA
ASV_1140,Bacteria,Firmicutes,Bacilli,Lactobacillales  ,Streptococcaceae  ,Streptococcus   ,Streptococcus salivarius
ASV_1141,Bacteria,Firmicutes,Clostridia,Oscillospirales  ,Oscillospiraceae  ,UCG-003   ,uncultured bacterium
ASV_1142,Bacteria,Firmicutes,Clostridia,Oscillospirales  ,Oscillospiraceae  ,UCG-005   ,uncultured organism
ASV_1143,Bacteria,Firmicutes,Clostridia,Oscillospirales  ,Ruminococcaceae  ,Faecalibacterium   ,NA
ASV_1144,Bacteria,Bacteroidota,Bacteroidia,Bacteroidales  ,Prevotellaceae  ,Prevotella   ,Prevotella stercorea
ASV_1145,Bacteria,Bacteroidota,Bacteroidia,Bacteroidales  ,Marinifilaceae  ,Odoribacter   ,Odoribacter splanchnicus
ASV_1146,Bacteria,Bacteroidota,Bacteroidia,Bacteroidales  ,NA,NA,NA
ASV_1147,Bacteria,Firmicutes,Negativicutes,Acidaminococcales  ,Acidaminococcaceae  ,Phascolarctobacterium   ,uncultured Firmicutes
ASV_1148,Bacteria,Bacteroidota,Bacteroidia,Bacteroidales  ,Tannerellaceae  ,Parabacteroides   ,Parabacteroides merdae
ASV_1149,Bacteria,Firmicutes,Bacilli,Lactobacillales  ,Streptococcaceae  ,Streptococcus   ,Streptococcus australis
ASV_1150,Bacteria,Firmicutes,Clostridia,NA,NA,NA,NA
ASV_1151,Bacteria,Proteobacteria,Alphaproteobacteria,Rhodospirillales  ,uncultured  ,uncultured   ,gut metagenome
ASV_1152,Bacteria,Bacteroidota,Bacteroidia,Bacteroidales  ,Bacteroidaceae  ,Bacteroides   ,NA
ASV_1153,Bacteria,Proteobacteria,Gammaproteobacteria,Burkholderiales  ,Sutterellaceae  ,Parasutterella   ,uncultured organism
ASV_1154,Bacteria,Proteobacteria,Gammaproteobacteria,Burkholderiales  ,Sutterellaceae  ,Parasutterella   ,uncultured organism
ASV_1155,Bacteria,Firmicutes,Clostridia,NA,NA,NA,NA
ASV_1156,Bacteria,Firmicutes,Clostridia,Oscillospirales  ,Oscillospiraceae  ,Colidextribacter   ,Anaerostipes hadrus
ASV_1157,Bacteria,Firmicutes,Clostridia,Lachnospirales  ,Lachnospiraceae  ,Lachnospiraceae UCG-004  ,uncultured organism
ASV_1158,Bacteria,Bacteroidota,Bacteroidia,Bacteroidales  ,NA,NA,NA
ASV_1159,Bacteria,Firmicutes,Clostridia,Oscillospirales  ,Oscillospiraceae  ,UCG-005   ,gut metagenome
ASV_1160,Bacteria,Bacteroidota,Bacteroidia,Bacteroidales  ,Bacteroidaceae  ,Bacteroides   ,Bacteroides vulgatus
ASV_1161,Bacteria,Firmicutes,Clostridia,Oscillospirales  ,Ruminococcaceae  ,Faecalibacterium   ,NA
ASV_1162,Bacteria,Firmicutes,Clostridia,Oscillospirales  ,Oscillospiraceae  ,Flavonifractor   ,uncultured bacterium
ASV_1163,Bacteria,Bacteroidota,Bacteroidia,Bacteroidales  ,Tannerellaceae  ,Parabacteroides   ,Parabacteroides johnsonii
ASV_1164,Bacteria,Bacteroidota,Bacteroidia,Bacteroidales  ,Bacteroidaceae  ,Bacteroides   ,Bacteroides vulgatus
ASV_1165,Bacteria,Bacteroidota,Bacteroidia,Bacteroidales  ,Marinifilaceae  ,Butyricimonas   ,uncultured organism
ASV_1166,Bacteria,Desulfobacterota,Desulfovibrionia,Desulfovibrionales  ,Desulfovibrionaceae  ,Bilophila   ,Bilophila wadsworthia
ASV_1167,Bacteria,Firmicutes,Clostridia,Oscillospirales  ,Eubacterium coprostanoligenes group,Eubacterium coprostanoligenes group ,human gut
ASV_1168,Bacteria,Firmicutes,Clostridia,Oscillospirales  ,Ruminococcaceae  ,Eubacterium siraeum group ,Eubacterium siraeum
ASV_1169,Bacteria,Firmicutes,Clostridia,Lachnospirales  ,Lachnospiraceae  ,Eubacterium eligens group ,uncultured organism
ASV_1170,Bacteria,Bacteroidota,Bacteroidia,Bacteroidales  ,Bacteroidaceae  ,Bacteroides   ,Bacteroides vulgatus
ASV_1171,Bacteria,Bacteroidota,Bacteroidia,Bacteroidales  ,Rikenellaceae  ,Alistipes   ,Alistipes indistinctus
ASV_1172,Bacteria,Cyanobacteria,Vampirivibrionia,Gastranaerophilales  ,Gastranaerophilales  ,Gastranaerophilales   ,uncultured bacterium
ASV_1173,Bacteria,Firmicutes,NA,NA,NA,NA,NA
ASV_1174,Bacteria,Firmicutes,Clostridia,Lachnospirales  ,Lachnospiraceae  ,uncultured   ,uncultured Eubacterium
ASV_1175,Bacteria,Bacteroidota,Bacteroidia,Bacteroidales  ,Barnesiellaceae  ,Barnesiella   ,uncultured organism
ASV_1176,Bacteria,Firmicutes,Clostridia,Christensenellales  ,Christensenellaceae  ,Christensenellaceae R-7 group ,Clostridiales bacterium
ASV_1177,Bacteria,Firmicutes,Clostridia,Lachnospirales  ,Lachnospiraceae  ,Lachnospira   ,uncultured organism
ASV_1178,Bacteria,Firmicutes,Clostridia,Lachnospirales  ,Lachnospiraceae  ,Roseburia   ,gut metagenome
ASV_1179,Bacteria,Bacteroidota,Bacteroidia,Bacteroidales  ,Tannerellaceae  ,Parabacteroides   ,Parabacteroides merdae
ASV_1180,Bacteria,Firmicutes,Clostridia,Lachnospirales  ,Lachnospiraceae  ,Dorea   ,uncultured Dorea
ASV_1181,Bacteria,Firmicutes,Bacilli,Erysipelotrichales  ,Erysipelotrichaceae  ,Holdemania   ,uncultured bacterium
ASV_1182,Bacteria,Firmicutes,Clostridia,Lachnospirales  ,Lachnospiraceae  ,Ruminococcus torques group ,Ruminococcus faecis
ASV_1183,Bacteria,Firmicutes,Clostridia,Oscillospirales  ,Butyricicoccaceae  ,Butyricicoccus   ,uncultured organism
ASV_1184,Bacteria,Firmicutes,Clostridia,Oscillospirales  ,Oscillospiraceae  ,Colidextribacter   ,gut metagenome
ASV_1185,Bacteria,Bacteroidota,Bacteroidia,Bacteroidales  ,Rikenellaceae  ,Alistipes   ,Bacteroides sp.
ASV_1186,Bacteria,Firmicutes,Clostridia,Oscillospirales  ,Oscillospiraceae  ,Flavonifractor   ,uncultured bacterium
ASV_1187,Bacteria,Firmicutes,Clostridia,Oscillospirales  ,Oscillospiraceae  ,Pseudoflavonifractor   ,uncultured bacterium
ASV_1188,Bacteria,Firmicutes,Clostridia,Oscillospirales  ,Ruminococcaceae  ,Ruminococcus   ,metagenome 
ASV_1189,Bacteria,Firmicutes,Clostridia,Oscillospirales  ,Ruminococcaceae  ,Negativibacillus   ,NA
ASV_1190,Bacteria,Firmicutes,Clostridia,Lachnospirales  ,Lachnospiraceae  ,Agathobacter   ,uncultured bacterium
ASV_1191,Bacteria,Firmicutes,Clostridia,Lachnospirales  ,Lachnospiraceae  ,Eubacterium hallii group ,uncultured organism
ASV_1192,Bacteria,Bacteroidota,Bacteroidia,Bacteroidales  ,Bacteroidaceae  ,Bacteroides   ,Bacteroides vulgatus
ASV_1193,Bacteria,Bacteroidota,Bacteroidia,Bacteroidales  ,Muribaculaceae  ,Muribaculaceae   ,uncultured bacterium
ASV_1194,Bacteria,Bacteroidota,Bacteroidia,Bacteroidales  ,Tannerellaceae  ,Parabacteroides   ,Parabacteroides johnsonii
ASV_1195,Bacteria,Firmicutes,Clostridia,Lachnospirales  ,Lachnospiraceae  ,uncultured   ,human gut
ASV_1196,Bacteria,Bacteroidota,Bacteroidia,Bacteroidales  ,Marinifilaceae  ,Butyricimonas   ,uncultured organism
ASV_1197,Bacteria,Firmicutes,Clostridia,Oscillospirales  ,Ruminococcaceae  ,Eubacterium siraeum group ,Eubacterium siraeum
ASV_1198,Bacteria,Proteobacteria,Alphaproteobacteria,Rhodospirillales  ,uncultured  ,uncultured   ,gut metagenome
ASV_1199,Bacteria,Desulfobacterota,Desulfovibrionia,Desulfovibrionales  ,Desulfovibrionaceae  ,Bilophila   ,Bilophila wadsworthia
ASV_1200,Bacteria,Bacteroidota,Bacteroidia,Bacteroidales  ,Bacteroidaceae  ,Bacteroides   ,Bacteroides eggerthii
ASV_1201,Bacteria,Bacteroidota,Bacteroidia,Bacteroidales  ,Bacteroidaceae  ,Bacteroides   ,Bacteroides fragilis
ASV_1202,Bacteria,Bacteroidota,Bacteroidia,Bacteroidales  ,Marinifilaceae  ,Butyricimonas   ,uncultured bacterium
ASV_1203,Bacteria,Firmicutes,Bacilli,Lactobacillales  ,Lactobacillaceae  ,Limosilactobacillus   ,Lactobacillus fermentum
ASV_1204,Bacteria,Firmicutes,Clostridia,Lachnospirales  ,Lachnospiraceae  ,Lachnospiraceae NK4A136 group ,gut metagenome
ASV_1205,Bacteria,Firmicutes,Negativicutes,Veillonellales-Selenomonadales  ,Veillonellaceae  ,Dialister   ,Dialister sp.
ASV_1206,Bacteria,Firmicutes,Clostridia,Clostridiales  ,Clostridiaceae  ,Clostridium sensu stricto 1,metagenome 
ASV_1207,Bacteria,Firmicutes,Clostridia,Oscillospirales  ,Oscillospiraceae  ,UCG-002   ,uncultured organism
ASV_1208,Bacteria,Bacteroidota,Bacteroidia,Bacteroidales  ,Marinifilaceae  ,Butyricimonas   ,uncultured organism
ASV_1209,Bacteria,Firmicutes,Clostridia,Clostridia vadinBB60 group,Clostridia vadinBB60 group,Clostridia vadinBB60 group ,gut metagenome
ASV_1210,Bacteria,Firmicutes,Clostridia,Lachnospirales  ,Lachnospiraceae  ,Lachnospiraceae NK4A136 group ,gut metagenome
ASV_1211,Bacteria,Bacteroidota,Bacteroidia,Bacteroidales  ,Bacteroidaceae  ,Bacteroides   ,Bacteroides uniformis
ASV_1212,Bacteria,Firmicutes,Clostridia,Clostridia UCG-014 ,Clostridia UCG-014 ,Clostridia UCG-014  ,gut metagenome
ASV_1213,Bacteria,Firmicutes,Clostridia,Lachnospirales  ,Lachnospiraceae  ,Roseburia   ,uncultured organism
ASV_1214,Bacteria,Firmicutes,Clostridia,Oscillospirales  ,Ruminococcaceae  ,uncultured   ,uncultured organism
ASV_1215,Bacteria,Firmicutes,Bacilli,Erysipelotrichales  ,Erysipelatoclostridiaceae  ,Erysipelotrichaceae UCG-003  ,uncultured bacterium
ASV_1216,Bacteria,Firmicutes,Clostridia,Oscillospirales  ,Ruminococcaceae  ,CAG-352   ,uncultured bacterium
ASV_1217,Bacteria,Firmicutes,Clostridia,Lachnospirales  ,Lachnospiraceae  ,Dorea   ,NA
ASV_1218,Bacteria,Firmicutes,Bacilli,Erysipelotrichales  ,Erysipelotrichaceae  ,Faecalitalea   ,uncultured organism
ASV_1219,Bacteria,Firmicutes,Clostridia,Lachnospirales  ,Lachnospiraceae  ,Anaerostipes   ,metagenome 
ASV_1220,Bacteria,Firmicutes,Clostridia,NA,NA,NA,NA
ASV_1221,Bacteria,Firmicutes,Clostridia,Peptostreptococcales-Tissierellales  ,Anaerovoracaceae  ,Family XIII AD3011 group,uncultured bacterium
ASV_1222,Bacteria,Proteobacteria,Gammaproteobacteria,Burkholderiales  ,Sutterellaceae  ,Sutterella   ,NA
ASV_1223,Bacteria,Firmicutes,Clostridia,Peptostreptococcales-Tissierellales  ,Peptostreptococcaceae  ,Romboutsia   ,uncultured bacterium
ASV_1224,Bacteria,Firmicutes,Clostridia,Oscillospirales  ,Ruminococcaceae  ,Phocea   ,uncultured bacterium
ASV_1225,Bacteria,Bacteroidota,Bacteroidia,Bacteroidales  ,Barnesiellaceae  ,Barnesiella   ,uncultured organism
ASV_1226,Bacteria,Firmicutes,Clostridia,Lachnospirales  ,Lachnospiraceae  ,Blautia   ,NA
ASV_1227,Bacteria,Bacteroidota,Bacteroidia,Bacteroidales  ,Rikenellaceae  ,Rikenellaceae RC9 gut group,uncultured bacterium
ASV_1228,Bacteria,Firmicutes,Clostridia,Oscillospirales  ,Ruminococcaceae  ,NA,NA
ASV_1229,Bacteria,Firmicutes,Clostridia,Lachnospirales  ,Lachnospiraceae  ,Lachnoclostridium   ,NA
ASV_1230,Bacteria,Bacteroidota,Bacteroidia,Bacteroidales  ,Bacteroidaceae  ,Bacteroides   ,Bacteroides plebeius
ASV_1231,Bacteria,Firmicutes,Clostridia,Oscillospirales  ,Ruminococcaceae  ,Subdoligranulum   ,metagenome 
ASV_1232,Bacteria,Firmicutes,Clostridia,Lachnospirales  ,Lachnospiraceae  ,Ruminococcus torques group ,uncultured organism
ASV_1233,Bacteria,Firmicutes,Clostridia,Oscillospirales  ,Ruminococcaceae  ,Eubacterium siraeum group ,uncultured bacterium
ASV_1234,Bacteria,Firmicutes,Clostridia,Lachnospirales  ,Lachnospiraceae  ,Roseburia   ,uncultured Roseburia
ASV_1235,Bacteria,Firmicutes,Clostridia,Christensenellales  ,Christensenellaceae  ,Christensenellaceae R-7 group ,Clostridiales bacterium
ASV_1236,Bacteria,Bacteroidota,Bacteroidia,Bacteroidales  ,Bacteroidaceae  ,Bacteroides   ,Bacteroides plebeius
ASV_1237,Bacteria,Firmicutes,Clostridia,Lachnospirales  ,Lachnospiraceae  ,Roseburia   ,Roseburia hominis
ASV_1238,Bacteria,Firmicutes,Clostridia,Lachnospirales  ,Lachnospiraceae  ,Lachnospira   ,uncultured organism
ASV_1239,Bacteria,Firmicutes,Clostridia,Lachnospirales  ,Lachnospiraceae  ,uncultured   ,human gut
ASV_1240,Bacteria,Firmicutes,Clostridia,Lachnospirales  ,Lachnospiraceae  ,Coprococcus   ,NA
ASV_1241,Bacteria,Verrucomicrobiota,Lentisphaeria,Victivallales  ,Victivallaceae  ,Victivallis   ,uncultured bacterium
ASV_1242,Bacteria,Firmicutes,Clostridia,Oscillospirales  ,Oscillospiraceae  ,UCG-005   ,uncultured organism
ASV_1243,Bacteria,Firmicutes,Clostridia,Oscillospirales  ,Oscillospiraceae  ,UCG-003   ,metagenome 
ASV_1244,Bacteria,Firmicutes,Clostridia,Oscillospirales  ,Oscillospiraceae  ,UCG-002   ,Trichuris trichiura
ASV_1245,Bacteria,Firmicutes,Clostridia,Oscillospirales  ,Ruminococcaceae  ,uncultured   ,human gut
ASV_1246,Bacteria,Bacteroidota,Bacteroidia,Bacteroidales  ,Bacteroidaceae  ,Bacteroides   ,Bacteroides fragilis
ASV_1247,Bacteria,Actinobacteriota,Actinobacteria,Bifidobacteriales  ,Bifidobacteriaceae  ,Bifidobacterium   ,NA
ASV_1248,Bacteria,Firmicutes,Clostridia,Lachnospirales  ,Lachnospiraceae  ,Eubacterium ventriosum group ,uncultured bacterium
ASV_1249,Bacteria,Bacteroidota,Bacteroidia,Bacteroidales  ,Bacteroidaceae  ,Bacteroides   ,Bacteroides vulgatus
ASV_1250,Bacteria,Firmicutes,Clostridia,Lachnospirales  ,Lachnospiraceae  ,uncultured   ,human gut
ASV_1251,Bacteria,Firmicutes,Clostridia,Lachnospirales  ,Lachnospiraceae  ,CAG-56   ,uncultured bacterium
ASV_1252,Bacteria,Firmicutes,Clostridia,Lachnospirales  ,Lachnospiraceae  ,Lachnospiraceae UCG-010  ,uncultured organism
ASV_1253,Bacteria,Firmicutes,Clostridia,Lachnospirales  ,Lachnospiraceae  ,Lachnospiraceae NK4A136 group ,gut metagenome
ASV_1254,Bacteria,Desulfobacterota,Desulfovibrionia,Desulfovibrionales  ,Desulfovibrionaceae  ,Bilophila   ,Bilophila wadsworthia
ASV_1255,Bacteria,Firmicutes,Clostridia,Lachnospirales  ,Lachnospiraceae  ,Blautia   ,NA
ASV_1256,Bacteria,Firmicutes,Clostridia,Lachnospirales  ,Lachnospiraceae  ,Eubacterium ruminantium group ,gut metagenome
ASV_1257,Bacteria,Bacteroidota,Bacteroidia,Bacteroidales  ,Bacteroidaceae  ,Bacteroides   ,Bacteroides uniformis
ASV_1258,Bacteria,Firmicutes,Bacilli,Erysipelotrichales  ,Erysipelatoclostridiaceae  ,Erysipelotrichaceae UCG-003  ,uncultured bacterium
ASV_1259,Bacteria,Firmicutes,Clostridia,Lachnospirales  ,Lachnospiraceae  ,Eubacterium eligens group ,uncultured organism
ASV_1260,Bacteria,Bacteroidota,Bacteroidia,Bacteroidales  ,Bacteroidaceae  ,Bacteroides   ,Bacteroides intestinalis
ASV_1261,Bacteria,Cyanobacteria,Vampirivibrionia,Gastranaerophilales  ,Gastranaerophilales  ,Gastranaerophilales   ,Acinetobacter sp.
ASV_1262,Bacteria,Firmicutes,Clostridia,Lachnospirales  ,Lachnospiraceae  ,Lachnoclostridium   ,NA
ASV_1263,Bacteria,Firmicutes,Clostridia,Lachnospirales  ,Lachnospiraceae  ,uncultured   ,human gut
ASV_1264,Bacteria,Firmicutes,Clostridia,Oscillospirales  ,Ruminococcaceae  ,uncultured   ,NA
ASV_1265,Bacteria,Bacteroidota,Bacteroidia,Bacteroidales  ,Bacteroidaceae  ,Bacteroides   ,unidentified 
ASV_1266,Bacteria,Bacteroidota,Bacteroidia,Bacteroidales  ,Prevotellaceae  ,Prevotella   ,Prevotella stercorea
ASV_1267,Bacteria,Firmicutes,Clostridia,Oscillospirales  ,Ruminococcaceae  ,Faecalibacterium   ,NA
ASV_1268,Bacteria,Firmicutes,Bacilli,Bacillales  ,Bacillaceae  ,Bacillus   ,NA
ASV_1269,Bacteria,Firmicutes,Clostridia,Lachnospirales  ,Lachnospiraceae  ,Lachnoclostridium   ,NA
ASV_1270,Bacteria,Proteobacteria,Gammaproteobacteria,Enterobacterales  ,Enterobacteriaceae  ,Escherichia-Shigella   ,Shigella flexneri
ASV_1271,Bacteria,Firmicutes,Clostridia,Lachnospirales  ,Lachnospiraceae  ,Anaerostipes   ,NA
ASV_1272,Bacteria,Firmicutes,Clostridia,Lachnospirales  ,Lachnospiraceae  ,Coprococcus   ,NA
ASV_1273,Bacteria,Firmicutes,Clostridia,Oscillospirales  ,Ruminococcaceae  ,Incertae Sedis  ,uncultured organism
ASV_1274,Bacteria,Firmicutes,Bacilli,Lactobacillales  ,Lactobacillaceae  ,Weissella   ,Weissella cibaria
ASV_1275,Bacteria,Desulfobacterota,Desulfovibrionia,Desulfovibrionales  ,Desulfovibrionaceae  ,Desulfovibrio   ,gut metagenome
ASV_1276,Bacteria,Firmicutes,Clostridia,Monoglobales  ,Monoglobaceae  ,Monoglobus   ,uncultured organism
ASV_1277,Bacteria,Firmicutes,Clostridia,Oscillospirales  ,Oscillospiraceae  ,uncultured   ,Clostridium sp.
ASV_1278,Bacteria,Bacteroidota,Bacteroidia,Bacteroidales  ,Barnesiellaceae  ,Barnesiella   ,uncultured organism
ASV_1279,Bacteria,Bacteroidota,Bacteroidia,Bacteroidales  ,Bacteroidaceae  ,Bacteroides   ,Bacteroides uniformis
ASV_1280,Bacteria,Bacteroidota,Bacteroidia,Bacteroidales  ,Bacteroidaceae  ,Bacteroides   ,unidentified 
ASV_1281,Bacteria,Firmicutes,Clostridia,Lachnospirales  ,Lachnospiraceae  ,Eubacterium hallii group ,uncultured bacterium
ASV_1282,Bacteria,Bacteroidota,Bacteroidia,Bacteroidales  ,Bacteroidaceae  ,Bacteroides   ,Bacteroides ovatus
ASV_1283,Bacteria,Bacteroidota,Bacteroidia,Bacteroidales  ,Prevotellaceae  ,Paraprevotella   ,NA
ASV_1284,Bacteria,Firmicutes,Clostridia,Oscillospirales  ,Oscillospiraceae  ,Intestinimonas   ,Intestinimonas butyriciproducens
ASV_1285,Bacteria,Bacteroidota,Bacteroidia,Bacteroidales  ,Barnesiellaceae  ,Barnesiella   ,uncultured organism
ASV_1286,Bacteria,Firmicutes,Clostridia,Oscillospirales  ,Eubacterium coprostanoligenes group,Eubacterium coprostanoligenes group ,human gut
ASV_1287,Bacteria,Bacteroidota,Bacteroidia,Bacteroidales  ,Tannerellaceae  ,Parabacteroides   ,Parabacteroides johnsonii
ASV_1288,Bacteria,Firmicutes,Clostridia,Oscillospirales  ,Oscillospiraceae  ,Pseudoflavonifractor   ,uncultured bacterium
ASV_1289,Bacteria,Firmicutes,Clostridia,Oscillospirales  ,Ruminococcaceae  ,Negativibacillus   ,NA
ASV_1290,Bacteria,Firmicutes,Clostridia,Oscillospirales  ,Oscillospiraceae  ,uncultured   ,uncultured organism
ASV_1291,Bacteria,Firmicutes,Clostridia,Lachnospirales  ,Lachnospiraceae  ,NA,NA
ASV_1292,Bacteria,Firmicutes,Clostridia,Lachnospirales  ,Lachnospiraceae  ,Tyzzerella   ,Anaerotignum lactatifermentans
ASV_1293,Bacteria,Bacteroidota,Bacteroidia,Bacteroidales  ,Bacteroidaceae  ,Bacteroides   ,Bacteroides uniformis
ASV_1294,Bacteria,Bacteroidota,Bacteroidia,Bacteroidales  ,Bacteroidaceae  ,Bacteroides   ,Bacteroides eggerthii
ASV_1295,Bacteria,Firmicutes,Clostridia,Lachnospirales  ,Lachnospiraceae  ,Anaerostipes   ,metagenome 
ASV_1296,Bacteria,Firmicutes,Clostridia,Peptostreptococcales-Tissierellales  ,Anaerovoracaceae  ,Family XIII AD3011 group,uncultured organism
ASV_1297,Bacteria,Firmicutes,Clostridia,Oscillospirales  ,Ruminococcaceae  ,Faecalibacterium   ,NA
ASV_1298,Bacteria,Firmicutes,Clostridia,Lachnospirales  ,Lachnospiraceae  ,Eubacterium eligens group ,uncultured organism
ASV_1299,Bacteria,Bacteroidota,Bacteroidia,Bacteroidales  ,Prevotellaceae  ,Paraprevotella   ,metagenome 
ASV_1300,Bacteria,Firmicutes,Negativicutes,Veillonellales-Selenomonadales  ,Veillonellaceae  ,Megasphaera   ,uncultured organism
ASV_1301,Bacteria,Firmicutes,Clostridia,Lachnospirales  ,Lachnospiraceae  ,Roseburia   ,uncultured organism
ASV_1302,Bacteria,Bacteroidota,Bacteroidia,Bacteroidales  ,Muribaculaceae  ,Muribaculaceae   ,uncultured bacterium
ASV_1303,Bacteria,Firmicutes,Clostridia,Christensenellales  ,Christensenellaceae  ,Christensenellaceae R-7 group ,gut metagenome
ASV_1304,Bacteria,Firmicutes,Clostridia,Oscillospirales  ,Oscillospiraceae  ,UCG-003   ,metagenome 
ASV_1305,Bacteria,Firmicutes,Clostridia,Oscillospirales  ,Oscillospiraceae  ,UCG-003   ,uncultured bacterium
ASV_1306,Bacteria,Bacteroidota,Bacteroidia,Bacteroidales  ,Bacteroidaceae  ,Bacteroides   ,Bacteroides thetaiotaomicron
ASV_1307,Bacteria,Firmicutes,Clostridia,Lachnospirales  ,Lachnospiraceae  ,Eubacterium ventriosum group ,uncultured Lachnospiraceae
ASV_1308,Bacteria,Firmicutes,NA,NA,NA,NA,NA
ASV_1309,Bacteria,Firmicutes,Clostridia,Oscillospirales  ,Ruminococcaceae  ,uncultured   ,human gut
ASV_1310,Bacteria,Firmicutes,Clostridia,Oscillospirales  ,Ruminococcaceae  ,Faecalibacterium   ,NA
ASV_1311,Bacteria,Firmicutes,Clostridia,Clostridia vadinBB60 group,Clostridia vadinBB60 group,Clostridia vadinBB60 group ,uncultured bacterium
ASV_1312,Bacteria,Bacteroidota,Bacteroidia,Bacteroidales  ,Bacteroidaceae  ,Bacteroides   ,Bacteroides uniformis
ASV_1313,Bacteria,Bacteroidota,Bacteroidia,Bacteroidales  ,Tannerellaceae  ,Parabacteroides   ,Parabacteroides johnsonii
ASV_1314,Bacteria,Bacteroidota,Bacteroidia,Bacteroidales  ,Bacteroidaceae  ,Bacteroides   ,Bacteroides ovatus
ASV_1315,Bacteria,Firmicutes,Bacilli,Erysipelotrichales  ,Erysipelotrichaceae  ,Clostridium innocuum group ,uncultured bacterium
ASV_1316,Bacteria,Firmicutes,Clostridia,Oscillospirales  ,Butyricicoccaceae  ,Butyricicoccus   ,NA
ASV_1317,Bacteria,Firmicutes,Clostridia,Lachnospirales  ,Lachnospiraceae  ,Tyzzerella   ,unidentified 
ASV_1318,Bacteria,Firmicutes,Clostridia,Lachnospirales  ,Lachnospiraceae  ,Lachnospiraceae UCG-004  ,uncultured organism
ASV_1319,Bacteria,Firmicutes,Clostridia,Peptostreptococcales-Tissierellales  ,Peptostreptococcaceae  ,Intestinibacter   ,uncultured bacterium
ASV_1320,Bacteria,Firmicutes,Clostridia,Oscillospirales  ,Oscillospiraceae  ,UCG-003   ,metagenome 
ASV_1321,Bacteria,Firmicutes,Clostridia,Oscillospirales  ,Butyricicoccaceae  ,Butyricicoccus   ,Butyricicoccus pullicaecorum
ASV_1322,Bacteria,Firmicutes,Clostridia,Lachnospirales  ,Lachnospiraceae  ,Sellimonas   ,uncultured bacterium
ASV_1323,Bacteria,Bacteroidota,Bacteroidia,Bacteroidales  ,Bacteroidaceae  ,Bacteroides   ,Bacteroides ovatus
ASV_1324,Bacteria,Firmicutes,Clostridia,Oscillospirales  ,Eubacterium coprostanoligenes group,Eubacterium coprostanoligenes group ,human gut
ASV_1325,Bacteria,Firmicutes,Clostridia,Lachnospirales  ,Lachnospiraceae  ,Eubacterium ventriosum group ,uncultured Lachnospiraceae
ASV_1326,Bacteria,Actinobacteriota,Actinobacteria,Bifidobacteriales  ,Bifidobacteriaceae  ,Bifidobacterium   ,Bifidobacterium longum
ASV_1327,Bacteria,Firmicutes,Bacilli,Erysipelotrichales  ,Erysipelatoclostridiaceae  ,Erysipelotrichaceae UCG-003  ,uncultured bacterium
ASV_1328,Bacteria,Firmicutes,Clostridia,Lachnospirales  ,Lachnospiraceae  ,Roseburia   ,Roseburia hominis
ASV_1329,Bacteria,Bacteroidota,Bacteroidia,Bacteroidales  ,Bacteroidaceae  ,Bacteroides   ,Bacteroides ovatus
ASV_1330,Bacteria,Firmicutes,Clostridia,Oscillospirales  ,Oscillospiraceae  ,Intestinimonas   ,Intestinimonas butyriciproducens
ASV_1331,Bacteria,Bacteroidota,Bacteroidia,Bacteroidales  ,Muribaculaceae  ,Muribaculaceae   ,uncultured bacterium
ASV_1332,Bacteria,Firmicutes,NA,NA,NA,NA,NA
ASV_1333,Bacteria,Firmicutes,Clostridia,Lachnospirales  ,Lachnospiraceae  ,Agathobacter   ,uncultured bacterium
ASV_1334,Bacteria,Bacteroidota,Bacteroidia,Bacteroidales  ,Prevotellaceae  ,Prevotella 9  ,uncultured organism
ASV_1335,Bacteria,Proteobacteria,Gammaproteobacteria,Burkholderiales  ,Sutterellaceae  ,Sutterella   ,gut metagenome
ASV_1336,Bacteria,Bacteroidota,Bacteroidia,Bacteroidales  ,Bacteroidaceae  ,Bacteroides   ,Bacteroides vulgatus
ASV_1337,Bacteria,Firmicutes,Clostridia,Lachnospirales  ,Lachnospiraceae  ,Lachnospiraceae FCS020 group ,uncultured organism
ASV_1338,Bacteria,Firmicutes,Bacilli,Erysipelotrichales  ,Erysipelotrichaceae  ,Holdemania   ,uncultured bacterium
ASV_1339,Bacteria,Firmicutes,Clostridia,Oscillospirales  ,Ruminococcaceae  ,Faecalibacterium   ,NA
ASV_1340,Bacteria,Firmicutes,Clostridia,Oscillospirales  ,Ruminococcaceae  ,Faecalibacterium   ,NA
ASV_1341,Bacteria,Actinobacteriota,Actinobacteria,Bifidobacteriales  ,Bifidobacteriaceae  ,Bifidobacterium   ,Bifidobacterium longum
ASV_1342,Bacteria,Firmicutes,Clostridia,Oscillospirales  ,Ruminococcaceae  ,Incertae Sedis  ,Clostridium leptum
ASV_1343,Bacteria,Firmicutes,Negativicutes,Acidaminococcales  ,Acidaminococcaceae  ,Acidaminococcus   ,Acidaminococcus sp.
ASV_1344,Bacteria,Firmicutes,Negativicutes,Acidaminococcales  ,Acidaminococcaceae  ,Phascolarctobacterium   ,uncultured Veillonellaceae
ASV_1345,Bacteria,Bacteroidota,Bacteroidia,Bacteroidales  ,Marinifilaceae  ,Butyricimonas   ,NA
ASV_1346,Bacteria,Firmicutes,Clostridia,Oscillospirales  ,Butyricicoccaceae  ,Butyricicoccus   ,uncultured organism
ASV_1347,Bacteria,Firmicutes,Clostridia,Lachnospirales  ,Lachnospiraceae  ,Coprococcus   ,Lachnospiraceae bacterium
ASV_1348,Bacteria,Firmicutes,Negativicutes,Veillonellales-Selenomonadales  ,Veillonellaceae  ,Dialister   ,Dialister sp.
ASV_1349,Bacteria,Firmicutes,Clostridia,Oscillospirales  ,Oscillospiraceae  ,Oscillospira   ,NA
ASV_1350,Bacteria,Firmicutes,Clostridia,Oscillospirales  ,Ruminococcaceae  ,Faecalibacterium   ,NA
ASV_1351,Bacteria,Firmicutes,Negativicutes,Acidaminococcales  ,Acidaminococcaceae  ,Phascolarctobacterium   ,uncultured Firmicutes
ASV_1352,Bacteria,Bacteroidota,Bacteroidia,Bacteroidales  ,Bacteroidaceae  ,Bacteroides   ,Bacteroides eggerthii
ASV_1353,Bacteria,Firmicutes,Clostridia,Lachnospirales  ,Lachnospiraceae  ,Tyzzerella   ,Tyzzerella sp.
ASV_1354,Bacteria,Bacteroidota,Bacteroidia,Bacteroidales  ,Bacteroidaceae  ,Bacteroides   ,Bacteroides vulgatus
ASV_1355,Bacteria,Firmicutes,Clostridia,Peptostreptococcales-Tissierellales  ,Peptostreptococcaceae  ,Romboutsia   ,uncultured bacterium
ASV_1356,Bacteria,Bacteroidota,Bacteroidia,Bacteroidales  ,Rikenellaceae  ,Alistipes   ,Alistipes obesi
ASV_1357,Bacteria,Firmicutes,Clostridia,Lachnospirales  ,Lachnospiraceae  ,Hungatella   ,uncultured bacterium
ASV_1358,Bacteria,Bacteroidota,Bacteroidia,Bacteroidales  ,Tannerellaceae  ,Parabacteroides   ,Parabacteroides merdae
ASV_1359,Bacteria,Firmicutes,Clostridia,Lachnospirales  ,Lachnospiraceae  ,Lachnospira   ,uncultured organism
ASV_1360,Bacteria,Firmicutes,Clostridia,Lachnospirales  ,Lachnospiraceae  ,Eubacterium ventriosum group ,uncultured Lachnospiraceae
ASV_1361,Bacteria,Bacteroidota,Bacteroidia,Bacteroidales  ,Barnesiellaceae  ,Barnesiella   ,uncultured organism
ASV_1362,Bacteria,Firmicutes,Clostridia,Oscillospirales  ,UCG-010  ,UCG-010   ,NA
ASV_1363,Bacteria,Bacteroidota,Bacteroidia,Bacteroidales  ,Rikenellaceae  ,Alistipes   ,Alistipes shahii
ASV_1364,Bacteria,Bacteroidota,Bacteroidia,Bacteroidales  ,Bacteroidaceae  ,Bacteroides   ,Bacteroides coprocola
ASV_1365,Bacteria,Firmicutes,Clostridia,Oscillospirales  ,Oscillospiraceae  ,NK4A214 group  ,uncultured organism
ASV_1366,Bacteria,Firmicutes,Clostridia,Oscillospirales  ,Oscillospiraceae  ,Colidextribacter   ,gut metagenome
ASV_1367,Bacteria,Bacteroidota,Bacteroidia,Bacteroidales  ,Prevotellaceae  ,Prevotella 7  ,Massiliprevotella massiliensis
ASV_1368,Bacteria,Proteobacteria,Gammaproteobacteria,Enterobacterales  ,Pasteurellaceae  ,Haemophilus   ,uncultured bacterium
ASV_1369,Bacteria,Bacteroidota,Bacteroidia,Bacteroidales  ,Bacteroidaceae  ,Bacteroides   ,Bacteroides vulgatus
ASV_1370,Bacteria,Proteobacteria,Gammaproteobacteria,Burkholderiales  ,Sutterellaceae  ,Sutterella   ,gut metagenome
ASV_1371,Bacteria,Bacteroidota,Bacteroidia,Bacteroidales  ,Tannerellaceae  ,Parabacteroides   ,Parabacteroides merdae
ASV_1372,Bacteria,Firmicutes,Clostridia,Oscillospirales  ,Ruminococcaceae  ,Subdoligranulum   ,metagenome 
ASV_1373,Bacteria,Firmicutes,Clostridia,Oscillospirales  ,Oscillospiraceae  ,UCG-002   ,uncultured Firmicutes
ASV_1374,Bacteria,Proteobacteria,Gammaproteobacteria,Burkholderiales  ,Sutterellaceae  ,Sutterella   ,Burkholderia sp.
ASV_1375,Bacteria,Firmicutes,Bacilli,Erysipelotrichales  ,Erysipelotrichaceae  ,Turicibacter   ,uncultured bacterium
ASV_1376,Bacteria,Actinobacteriota,Coriobacteriia,Coriobacteriales  ,Eggerthellaceae  ,Adlercreutzia   ,uncultured bacterium
ASV_1377,Bacteria,Firmicutes,Clostridia,Lachnospirales  ,Lachnospiraceae  ,CAG-56   ,uncultured bacterium
ASV_1378,Bacteria,Firmicutes,Clostridia,Oscillospirales  ,Oscillospiraceae  ,UCG-002   ,Trichuris trichiura
ASV_1379,Bacteria,Bacteroidota,Bacteroidia,Bacteroidales  ,NA,NA,NA
ASV_1380,Bacteria,Firmicutes,Clostridia,Lachnospirales  ,Lachnospiraceae  ,Lachnoclostridium   ,human gut
ASV_1381,Bacteria,Bacteroidota,Bacteroidia,Bacteroidales  ,Bacteroidaceae  ,Bacteroides   ,Bacteroides fragilis
ASV_1382,Bacteria,Bacteroidota,Bacteroidia,Bacteroidales  ,Bacteroidaceae  ,Bacteroides   ,unidentified 
ASV_1383,Bacteria,Firmicutes,Bacilli,Lactobacillales  ,Streptococcaceae  ,Streptococcus   ,uncultured rumen
ASV_1384,Bacteria,Firmicutes,Bacilli,Erysipelotrichales  ,Erysipelatoclostridiaceae  ,Erysipelotrichaceae UCG-003  ,uncultured bacterium
ASV_1385,Bacteria,Bacteroidota,Bacteroidia,Bacteroidales  ,Prevotellaceae  ,Prevotella 7  ,Massiliprevotella massiliensis
ASV_1386,Bacteria,Firmicutes,Clostridia,Oscillospirales  ,Oscillospiraceae  ,Intestinimonas   ,Intestinimonas butyriciproducens
ASV_1387,Bacteria,Proteobacteria,Gammaproteobacteria,Enterobacterales  ,Enterobacteriaceae  ,Klebsiella   ,Klebsiella variicola
ASV_1388,Bacteria,Firmicutes,Clostridia,Lachnospirales  ,Lachnospiraceae  ,Coprococcus   ,uncultured organism
ASV_1389,Bacteria,Firmicutes,Clostridia,Lachnospirales  ,Lachnospiraceae  ,Lachnospiraceae UCG-004  ,uncultured organism
ASV_1390,Bacteria,Cyanobacteria,Vampirivibrionia,Gastranaerophilales  ,Gastranaerophilales  ,Gastranaerophilales   ,Candidatus Gastranaerophilales
ASV_1391,Bacteria,Firmicutes,Clostridia,Oscillospirales  ,Ruminococcaceae  ,Faecalibacterium   ,NA
ASV_1392,Bacteria,Firmicutes,Clostridia,Lachnospirales  ,Lachnospiraceae  ,Agathobacter   ,NA
ASV_1393,Bacteria,Bacteroidota,Bacteroidia,Bacteroidales  ,Bacteroidaceae  ,Bacteroides   ,Bacteroides cellulosilyticus
ASV_1394,Bacteria,Firmicutes,Clostridia,Oscillospirales  ,Ruminococcaceae  ,Ruminococcus   ,metagenome 
ASV_1395,Bacteria,Firmicutes,Clostridia,Lachnospirales  ,Lachnospiraceae  ,Lachnospira   ,gut metagenome
ASV_1396,Bacteria,Bacteroidota,Bacteroidia,Bacteroidales  ,Bacteroidaceae  ,Bacteroides   ,Bacteroides ovatus
ASV_1397,Bacteria,Firmicutes,Clostridia,Oscillospirales  ,Ruminococcaceae  ,Incertae Sedis  ,Clostridium leptum
ASV_1398,Bacteria,Firmicutes,Clostridia,Lachnospirales  ,Lachnospiraceae  ,Ruminococcus gauvreauii group ,uncultured Clostridiales
ASV_1399,Bacteria,Bacteroidota,Bacteroidia,Bacteroidales  ,Bacteroidaceae  ,Bacteroides   ,Bacteroides coprocola
ASV_1400,Bacteria,Firmicutes,Clostridia,Lachnospirales  ,Lachnospiraceae  ,Ruminococcus torques group ,Ruminococcus lactaris
ASV_1401,Bacteria,Firmicutes,Clostridia,NA,NA,NA,NA
ASV_1402,Bacteria,Bacteroidota,Bacteroidia,Bacteroidales  ,Prevotellaceae  ,Prevotella 9  ,uncultured organism
ASV_1403,Bacteria,Firmicutes,Clostridia,Lachnospirales  ,Lachnospiraceae  ,Ruminococcus gnavus group ,uncultured bacterium
ASV_1404,Bacteria,Bacteroidota,Bacteroidia,Bacteroidales  ,Bacteroidaceae  ,Bacteroides   ,Bacteroides uniformis
ASV_1405,Bacteria,Firmicutes,Clostridia,Lachnospirales  ,Lachnospiraceae  ,Eubacterium xylanophilum group ,uncultured organism
ASV_1406,Bacteria,Firmicutes,Clostridia,Oscillospirales  ,Oscillospiraceae  ,Oscillibacter   ,uncultured organism
ASV_1407,Bacteria,Desulfobacterota,Desulfovibrionia,Desulfovibrionales  ,Desulfovibrionaceae  ,Bilophila   ,Bilophila wadsworthia
ASV_1408,Bacteria,Firmicutes,Clostridia,Lachnospirales  ,Lachnospiraceae  ,NA,NA
ASV_1409,Bacteria,Firmicutes,Clostridia,Oscillospirales  ,Butyricicoccaceae  ,Butyricicoccus   ,uncultured organism
ASV_1410,Bacteria,Firmicutes,Bacilli,Lactobacillales  ,Lactobacillaceae  ,Limosilactobacillus   ,Lactobacillus fermentum
ASV_1411,Bacteria,Bacteroidota,Bacteroidia,Bacteroidales  ,Prevotellaceae  ,Prevotella 9  ,uncultured organism
ASV_1412,Bacteria,Bacteroidota,Bacteroidia,Bacteroidales  ,Prevotellaceae  ,Prevotella 9  ,NA
ASV_1413,Bacteria,Firmicutes,Clostridia,Oscillospirales  ,Ruminococcaceae  ,Ruminococcus   ,Ruminococcus bicirculans
ASV_1414,Bacteria,Firmicutes,Clostridia,Oscillospirales  ,Oscillospiraceae  ,Intestinimonas   ,uncultured organism
ASV_1415,Bacteria,Firmicutes,Clostridia,Oscillospirales  ,Oscillospiraceae  ,Intestinimonas   ,uncultured organism
ASV_1416,Bacteria,Firmicutes,Clostridia,Oscillospirales  ,Ruminococcaceae  ,CAG-352   ,NA
ASV_1417,Bacteria,Firmicutes,Clostridia,Peptostreptococcales-Tissierellales  ,Peptostreptococcaceae  ,Romboutsia   ,uncultured bacterium
ASV_1418,Bacteria,Firmicutes,Clostridia,Oscillospirales  ,Ruminococcaceae  ,uncultured   ,NA
ASV_1419,Bacteria,Firmicutes,Clostridia,Oscillospirales  ,Oscillospiraceae  ,Oscillibacter   ,human gut
ASV_1420,Bacteria,Bacteroidota,Bacteroidia,Bacteroidales  ,Rikenellaceae  ,Alistipes   ,Alistipes inops
ASV_1421,Bacteria,Firmicutes,Clostridia,Lachnospirales  ,Lachnospiraceae  ,Lachnospiraceae FCS020 group ,uncultured Clostridium
ASV_1422,Bacteria,Proteobacteria,Gammaproteobacteria,Burkholderiales  ,Sutterellaceae  ,Sutterella   ,Burkholderia sp.
ASV_1423,Bacteria,Firmicutes,Clostridia,Oscillospirales  ,Ruminococcaceae  ,uncultured   ,gut metagenome
ASV_1424,Bacteria,Firmicutes,Clostridia,Peptostreptococcales-Tissierellales  ,Peptostreptococcaceae  ,Romboutsia   ,uncultured bacterium
ASV_1425,Bacteria,Bacteroidota,Bacteroidia,Bacteroidales  ,Bacteroidaceae  ,Bacteroides   ,Bacteroides thetaiotaomicron
ASV_1426,Bacteria,Firmicutes,Clostridia,Oscillospirales  ,Oscillospiraceae  ,UCG-002   ,uncultured organism
ASV_1427,Bacteria,Firmicutes,Clostridia,Lachnospirales  ,Lachnospiraceae  ,Blautia   ,Ruminococcus sp.
ASV_1428,Bacteria,Firmicutes,Clostridia,Clostridia vadinBB60 group,Clostridia vadinBB60 group,Clostridia vadinBB60 group ,gut metagenome
ASV_1429,Bacteria,Firmicutes,Clostridia,Oscillospirales  ,Oscillospiraceae  ,Colidextribacter   ,gut metagenome
ASV_1430,Bacteria,Bacteroidota,Bacteroidia,Bacteroidales  ,Bacteroidaceae  ,Bacteroides   ,Bacteroides uniformis
ASV_1431,Bacteria,Bacteroidota,Bacteroidia,Bacteroidales  ,Rikenellaceae  ,Rikenellaceae RC9 gut group,uncultured bacterium
ASV_1432,Bacteria,Firmicutes,Clostridia,Lachnospirales  ,Lachnospiraceae  ,Eubacterium ventriosum group ,uncultured Lachnospiraceae
ASV_1433,Bacteria,Bacteroidota,Bacteroidia,Bacteroidales  ,Bacteroidaceae  ,Bacteroides   ,Bacteroides vulgatus
ASV_1434,Bacteria,Proteobacteria,Gammaproteobacteria,Enterobacterales  ,Pasteurellaceae  ,Haemophilus   ,uncultured bacterium
ASV_1435,Bacteria,Firmicutes,Clostridia,Clostridia vadinBB60 group,Clostridia vadinBB60 group,Clostridia vadinBB60 group ,uncultured Thermoanaerobacterales
ASV_1436,Bacteria,Bacteroidota,Bacteroidia,Bacteroidales  ,Rikenellaceae  ,Alistipes   ,Bacteroides sp.
ASV_1437,Bacteria,Bacteroidota,Bacteroidia,Bacteroidales  ,Marinifilaceae  ,Butyricimonas   ,uncultured organism
ASV_1438,Bacteria,Firmicutes,Clostridia,Oscillospirales  ,Oscillospiraceae  ,Colidextribacter   ,gut metagenome
ASV_1439,Bacteria,Firmicutes,Bacilli,Erysipelotrichales  ,Erysipelotrichaceae  ,Holdemania   ,uncultured bacterium
ASV_1440,Bacteria,Firmicutes,Clostridia,Clostridia vadinBB60 group,Clostridia vadinBB60 group,Clostridia vadinBB60 group ,uncultured bacterium
ASV_1441,Bacteria,Firmicutes,Bacilli,Erysipelotrichales  ,Erysipelatoclostridiaceae  ,Erysipelatoclostridium   ,Erysipelatoclostridium ramosum
ASV_1442,Bacteria,Firmicutes,Clostridia,Oscillospirales  ,Oscillospiraceae  ,NK4A214 group  ,metagenome 
ASV_1443,Bacteria,Firmicutes,Clostridia,Oscillospirales  ,Oscillospiraceae  ,UCG-002   ,NA
ASV_1444,Bacteria,Bacteroidota,Bacteroidia,Bacteroidales  ,Tannerellaceae  ,Parabacteroides   ,Parabacteroides distasonis
ASV_1445,Bacteria,Firmicutes,Clostridia,Oscillospirales  ,Ruminococcaceae  ,Faecalibacterium   ,NA
ASV_1446,Bacteria,Bacteroidota,Bacteroidia,Bacteroidales  ,Prevotellaceae  ,Paraprevotella   ,metagenome 
ASV_1447,Bacteria,Bacteroidota,Bacteroidia,Bacteroidales  ,Bacteroidaceae  ,Bacteroides   ,Bacteroides uniformis
ASV_1448,Bacteria,Firmicutes,Clostridia,Lachnospirales  ,Lachnospiraceae  ,Eubacterium ruminantium group ,gut metagenome
ASV_1449,Bacteria,Bacteroidota,Bacteroidia,Bacteroidales  ,Tannerellaceae  ,Parabacteroides   ,Parabacteroides distasonis
ASV_1450,Bacteria,Firmicutes,Clostridia,Oscillospirales  ,Oscillospiraceae  ,Oscillibacter   ,uncultured organism
ASV_1451,Bacteria,Bacteroidota,Bacteroidia,Bacteroidales  ,Bacteroidaceae  ,Bacteroides   ,Bacteroides vulgatus
ASV_1452,Bacteria,Firmicutes,Clostridia,Lachnospirales  ,Lachnospiraceae  ,Lachnospira   ,uncultured organism
ASV_1453,Bacteria,Firmicutes,Clostridia,Clostridia UCG-014 ,Clostridia UCG-014 ,Clostridia UCG-014  ,uncultured bacterium
ASV_1454,Bacteria,Firmicutes,Clostridia,Clostridia vadinBB60 group,Clostridia vadinBB60 group,Clostridia vadinBB60 group ,gut metagenome
ASV_1455,Bacteria,Firmicutes,Clostridia,Lachnospirales  ,Lachnospiraceae  ,Blautia   ,Blautia stercoris
ASV_1456,Bacteria,Firmicutes,Clostridia,Clostridia vadinBB60 group,Clostridia vadinBB60 group,Clostridia vadinBB60 group ,uncultured bacterium
ASV_1457,Bacteria,Firmicutes,Clostridia,Lachnospirales  ,Lachnospiraceae  ,Eubacterium ventriosum group ,uncultured Lachnospiraceae
ASV_1458,Bacteria,Firmicutes,Clostridia,Lachnospirales  ,Lachnospiraceae  ,Lachnospiraceae UCG-004  ,uncultured organism
ASV_1459,Bacteria,Firmicutes,Clostridia,Lachnospirales  ,Lachnospiraceae  ,Lachnoclostridium   ,Clostridium glycyrrhizinilyticum
ASV_1460,Bacteria,Firmicutes,Clostridia,Lachnospirales  ,Lachnospiraceae  ,Lachnospiraceae NK4A136 group ,metagenome 
ASV_1461,Bacteria,Firmicutes,Bacilli,Lactobacillales  ,Enterococcaceae  ,Enterococcus   ,Enterococcus durans
ASV_1462,Bacteria,Bacteroidota,Bacteroidia,Bacteroidales  ,Rikenellaceae  ,Alistipes   ,Alistipes sp.
ASV_1463,Bacteria,Proteobacteria,Gammaproteobacteria,Enterobacterales  ,Enterobacteriaceae  ,Citrobacter   ,Citrobacter freundii
ASV_1464,Bacteria,Firmicutes,Clostridia,Lachnospirales  ,Lachnospiraceae  ,Blautia   ,Ruminococcus sp.
ASV_1465,Bacteria,Firmicutes,Clostridia,Oscillospirales  ,Ruminococcaceae  ,CAG-352   ,uncultured bacterium
ASV_1466,Bacteria,Bacteroidota,Bacteroidia,Bacteroidales  ,Rikenellaceae  ,Alistipes   ,Bacteroides sp.
ASV_1467,Bacteria,Bacteroidota,Bacteroidia,Bacteroidales  ,Bacteroidaceae  ,Bacteroides   ,Bacteroides vulgatus
ASV_1468,Bacteria,Firmicutes,Clostridia,Oscillospirales  ,Ruminococcaceae  ,Eubacterium siraeum group ,NA
ASV_1469,Bacteria,Firmicutes,Clostridia,Clostridia vadinBB60 group,Clostridia vadinBB60 group,Clostridia vadinBB60 group ,uncultured bacterium
ASV_1470,Bacteria,Bacteroidota,Bacteroidia,Bacteroidales  ,Prevotellaceae  ,Prevotella   ,NA
ASV_1471,Bacteria,Firmicutes,Clostridia,Oscillospirales  ,Ruminococcaceae  ,Anaerotruncus   ,uncultured organism
ASV_1472,Bacteria,Firmicutes,Clostridia,Oscillospirales  ,Ruminococcaceae  ,CAG-352   ,uncultured organism
ASV_1473,Bacteria,Firmicutes,Clostridia,Oscillospirales  ,Ruminococcaceae  ,Faecalibacterium   ,metagenome 
ASV_1474,Bacteria,Firmicutes,Clostridia,Oscillospirales  ,Ruminococcaceae  ,Ruminococcus   ,Ruminococcus bicirculans
ASV_1475,Bacteria,Bacteroidota,Bacteroidia,Bacteroidales  ,Bacteroidaceae  ,Bacteroides   ,Bacteroides vulgatus
ASV_1476,Bacteria,Bacteroidota,Bacteroidia,Bacteroidales  ,Rikenellaceae  ,Alistipes   ,Alistipes sp.
ASV_1477,Bacteria,Firmicutes,Bacilli,Erysipelotrichales  ,Erysipelotrichaceae  ,Turicibacter   ,NA
ASV_1478,Bacteria,Cyanobacteria,Vampirivibrionia,Gastranaerophilales  ,Gastranaerophilales  ,Gastranaerophilales   ,Acinetobacter sp.
ASV_1479,Bacteria,Firmicutes,Clostridia,Lachnospirales  ,Lachnospiraceae  ,Tyzzerella   ,unidentified 
ASV_1480,Bacteria,Bacteroidota,Bacteroidia,Bacteroidales  ,Bacteroidaceae  ,Bacteroides   ,Bacteroides vulgatus
ASV_1481,Bacteria,Firmicutes,Bacilli,Erysipelotrichales  ,Erysipelotrichaceae  ,Holdemania   ,uncultured bacterium
ASV_1482,Bacteria,Firmicutes,Clostridia,Lachnospirales  ,Lachnospiraceae  ,Eisenbergiella   ,uncultured organism
ASV_1483,Bacteria,Bacteroidota,Bacteroidia,Bacteroidales  ,Bacteroidaceae  ,Bacteroides   ,Bacteroides eggerthii
ASV_1484,Bacteria,Firmicutes,Clostridia,Lachnospirales  ,Lachnospiraceae  ,Eubacterium hallii group ,uncultured organism
ASV_1485,Bacteria,Firmicutes,Clostridia,Lachnospirales  ,Lachnospiraceae  ,Lachnospiraceae NK4A136 group ,metagenome 
ASV_1486,Bacteria,Firmicutes,Incertae Sedis,DTU014  ,DTU014  ,DTU014   ,unidentified 
ASV_1487,Bacteria,Firmicutes,Bacilli,Erysipelotrichales  ,Erysipelotrichaceae  ,Holdemania   ,uncultured bacterium
ASV_1488,Bacteria,Firmicutes,Clostridia,Lachnospirales  ,Lachnospiraceae  ,Coprococcus   ,Lachnospiraceae bacterium
ASV_1489,Bacteria,Firmicutes,Clostridia,Lachnospirales  ,Lachnospiraceae  ,Lachnospiraceae NK4A136 group ,gut metagenome
ASV_1490,Bacteria,Bacteroidota,Bacteroidia,Bacteroidales  ,Bacteroidaceae  ,Bacteroides   ,Bacteroides massiliensis
ASV_1491,Bacteria,Firmicutes,Clostridia,Lachnospirales  ,Lachnospiraceae  ,Lachnospiraceae UCG-010  ,uncultured organism
ASV_1492,Bacteria,Bacteroidota,Bacteroidia,Bacteroidales  ,Prevotellaceae  ,Prevotella   ,gut metagenome
ASV_1493,Bacteria,Firmicutes,Clostridia,Lachnospirales  ,Lachnospiraceae  ,Coprococcus   ,NA
ASV_1494,Bacteria,Firmicutes,Clostridia,NA,NA,NA,NA
ASV_1495,Bacteria,Firmicutes,Clostridia,Oscillospirales  ,Ruminococcaceae  ,CAG-352   ,NA
ASV_1496,Bacteria,Bacteroidota,Bacteroidia,Bacteroidales  ,Bacteroidaceae  ,Bacteroides   ,Bacteroides vulgatus
ASV_1497,Bacteria,Firmicutes,Clostridia,Oscillospirales  ,Ruminococcaceae  ,Subdoligranulum   ,metagenome 
ASV_1498,Bacteria,Actinobacteriota,Coriobacteriia,Coriobacteriales  ,Coriobacteriaceae  ,Collinsella   ,Collinsella aerofaciens
ASV_1499,Bacteria,Firmicutes,Bacilli,Lactobacillales  ,Streptococcaceae  ,Lactococcus   ,Lactococcus lactis
ASV_1500,Bacteria,Firmicutes,Negativicutes,Acidaminococcales  ,Acidaminococcaceae  ,Phascolarctobacterium   ,uncultured Firmicutes
ASV_1501,Bacteria,Firmicutes,Clostridia,Lachnospirales  ,Lachnospiraceae  ,Coprococcus   ,uncultured organism
ASV_1502,Bacteria,Firmicutes,Clostridia,Lachnospirales  ,Lachnospiraceae  ,Lachnospiraceae NK4A136 group ,NA
ASV_1503,Bacteria,Firmicutes,Clostridia,Lachnospirales  ,Lachnospiraceae  ,uncultured   ,metagenome 
ASV_1504,Bacteria,Firmicutes,Bacilli,Erysipelotrichales  ,Erysipelotrichaceae  ,Turicibacter   ,NA
ASV_1505,Bacteria,Firmicutes,Clostridia,Oscillospirales  ,Oscillospiraceae  ,NA,NA
ASV_1506,Bacteria,Firmicutes,Clostridia,Oscillospirales  ,Ruminococcaceae  ,Faecalibacterium   ,NA
ASV_1507,Bacteria,Verrucomicrobiota,Verrucomicrobiae,Verrucomicrobiales  ,Akkermansiaceae  ,Akkermansia   ,uncultured bacterium
ASV_1508,Bacteria,Firmicutes,Incertae Sedis,DTU014  ,DTU014  ,DTU014   ,unidentified 
ASV_1509,Bacteria,Bacteroidota,Bacteroidia,Bacteroidales  ,Bacteroidaceae  ,Bacteroides   ,Bacteroides plebeius
ASV_1510,Bacteria,Firmicutes,Clostridia,Lachnospirales  ,Lachnospiraceae  ,Lachnospiraceae NK4A136 group ,gut metagenome
ASV_1511,Bacteria,Firmicutes,Clostridia,Oscillospirales  ,Ruminococcaceae  ,Faecalibacterium   ,NA
ASV_1512,Bacteria,Firmicutes,Clostridia,Oscillospirales  ,Ruminococcaceae  ,Negativibacillus   ,NA
ASV_1513,Bacteria,Firmicutes,Clostridia,Lachnospirales  ,Lachnospiraceae  ,Lachnoclostridium   ,bacterium NLAE-zl-G121
ASV_1514,Bacteria,Firmicutes,Clostridia,Oscillospirales  ,Eubacterium coprostanoligenes group,Eubacterium coprostanoligenes group ,gut metagenome
ASV_1515,Bacteria,Firmicutes,Clostridia,Lachnospirales  ,Lachnospiraceae  ,Lachnoclostridium   ,Clostridium aldenense
ASV_1516,Bacteria,Bacteroidota,Bacteroidia,Bacteroidales  ,Muribaculaceae  ,Muribaculaceae   ,uncultured bacterium
ASV_1517,Bacteria,Firmicutes,Clostridia,Lachnospirales  ,Lachnospiraceae  ,Coprococcus   ,NA
ASV_1518,Bacteria,Actinobacteriota,Coriobacteriia,Coriobacteriales  ,Eggerthellaceae  ,Adlercreutzia   ,uncultured bacterium
ASV_1519,Bacteria,Proteobacteria,Gammaproteobacteria,Enterobacterales  ,Enterobacteriaceae  ,NA,NA
ASV_1520,Bacteria,Bacteroidota,Bacteroidia,Bacteroidales  ,Bacteroidaceae  ,Bacteroides   ,Bacteroides vulgatus
ASV_1521,Bacteria,Firmicutes,Clostridia,Oscillospirales  ,Ruminococcaceae  ,Anaerotruncus   ,uncultured organism
ASV_1522,Bacteria,Bacteroidota,Bacteroidia,Bacteroidales  ,Bacteroidaceae  ,Bacteroides   ,Bacteroides uniformis
ASV_1523,Bacteria,Firmicutes,Clostridia,Lachnospirales  ,Lachnospiraceae  ,Eubacterium eligens group ,uncultured organism
ASV_1524,Bacteria,Firmicutes,Clostridia,Oscillospirales  ,Oscillospiraceae  ,UCG-002   ,uncultured Firmicutes
ASV_1525,Bacteria,Firmicutes,Clostridia,Lachnospirales  ,Lachnospiraceae  ,NA,NA
ASV_1526,Bacteria,Firmicutes,Clostridia,Oscillospirales  ,Butyricicoccaceae  ,Butyricicoccus   ,uncultured organism
ASV_1527,Bacteria,Firmicutes,Clostridia,Lachnospirales  ,Lachnospiraceae  ,Tyzzerella   ,Anaerotignum lactatifermentans
ASV_1528,Bacteria,Firmicutes,NA,NA,NA,NA,NA
ASV_1529,Bacteria,Firmicutes,NA,NA,NA,NA,NA
ASV_1530,Bacteria,Firmicutes,Clostridia,Oscillospirales  ,Ruminococcaceae  ,Incertae Sedis  ,uncultured organism
ASV_1531,Archaea,Euryarchaeota,Methanobacteria,Methanobacteriales  ,Methanobacteriaceae  ,Methanobrevibacter   ,Methanobrevibacter smithii
ASV_1532,Bacteria,Proteobacteria,Gammaproteobacteria,Enterobacterales  ,Enterobacteriaceae  ,Escherichia-Shigella   ,Shigella flexneri
ASV_1533,Bacteria,Firmicutes,Clostridia,Lachnospirales  ,Lachnospiraceae  ,Blautia   ,NA
ASV_1534,Bacteria,Firmicutes,Clostridia,Oscillospirales  ,Oscillospiraceae  ,uncultured   ,uncultured organism
ASV_1535,Bacteria,Firmicutes,Clostridia,Lachnospirales  ,Lachnospiraceae  ,CAG-56   ,uncultured bacterium
ASV_1536,Bacteria,Firmicutes,Clostridia,Lachnospirales  ,Lachnospiraceae  ,Eubacterium eligens group ,uncultured organism
ASV_1537,Bacteria,Proteobacteria,Alphaproteobacteria,Rhodospirillales  ,uncultured  ,uncultured   ,Azospirillum sp.
ASV_1538,Bacteria,Bacteroidota,Bacteroidia,Bacteroidales  ,Bacteroidaceae  ,Bacteroides   ,Bacteroides vulgatus
ASV_1539,Bacteria,Firmicutes,Clostridia,Lachnospirales  ,Lachnospiraceae  ,Ruminococcus torques group ,Ruminococcus lactaris
ASV_1540,Bacteria,Firmicutes,Clostridia,Lachnospirales  ,Lachnospiraceae  ,Agathobacter   ,uncultured bacterium
ASV_1541,Bacteria,Firmicutes,Clostridia,Oscillospirales  ,Oscillospiraceae  ,NK4A214 group  ,metagenome 
ASV_1542,Bacteria,Bacteroidota,Bacteroidia,Bacteroidales  ,Rikenellaceae  ,Alistipes   ,Alistipes inops
ASV_1543,Bacteria,Firmicutes,Bacilli,Lactobacillales  ,Streptococcaceae  ,Streptococcus   ,Streptococcus salivarius
ASV_1544,Bacteria,Firmicutes,Bacilli,Erysipelotrichales  ,Erysipelatoclostridiaceae  ,Erysipelatoclostridium   ,Clostridium spiroforme
ASV_1545,Bacteria,Proteobacteria,Alphaproteobacteria,Rhodospirillales  ,uncultured  ,uncultured   ,NA
ASV_1546,Bacteria,Bacteroidota,Bacteroidia,Bacteroidales  ,Bacteroidaceae  ,Bacteroides   ,Bacteroides vulgatus
ASV_1547,Bacteria,Firmicutes,Clostridia,Oscillospirales  ,Oscillospiraceae  ,Intestinimonas   ,uncultured organism
ASV_1548,Bacteria,Bacteroidota,Bacteroidia,Bacteroidales  ,Bacteroidaceae  ,Bacteroides   ,Bacteroides plebeius
ASV_1549,Bacteria,Bacteroidota,Bacteroidia,Bacteroidales  ,Tannerellaceae  ,Parabacteroides   ,Parabacteroides distasonis
ASV_1550,Bacteria,Firmicutes,Clostridia,Oscillospirales  ,Oscillospiraceae  ,Colidextribacter   ,gut metagenome
ASV_1551,Bacteria,Bacteroidota,Bacteroidia,Bacteroidales  ,Bacteroidaceae  ,Bacteroides   ,Bacteroides ovatus
ASV_1552,Bacteria,Firmicutes,Bacilli,Lactobacillales  ,Streptococcaceae  ,Streptococcus   ,Streptococcus salivarius
ASV_1553,Bacteria,Firmicutes,Clostridia,Lachnospirales  ,Lachnospiraceae  ,Dorea   ,uncultured Dorea
ASV_1554,Bacteria,Verrucomicrobiota,Lentisphaeria,Victivallales  ,Victivallaceae  ,Victivallis   ,uncultured bacterium
ASV_1555,Bacteria,Proteobacteria,Gammaproteobacteria,Enterobacterales  ,Enterobacteriaceae  ,Escherichia-Shigella   ,Shigella flexneri
ASV_1556,Bacteria,Bacteroidota,Bacteroidia,Bacteroidales  ,Bacteroidaceae  ,Bacteroides   ,Bacteroides ovatus
ASV_1557,Bacteria,Firmicutes,Clostridia,Lachnospirales  ,Lachnospiraceae  ,CAG-56   ,uncultured bacterium
ASV_1558,Bacteria,Actinobacteriota,Actinobacteria,Bifidobacteriales  ,Bifidobacteriaceae  ,Bifidobacterium   ,Bifidobacterium longum
ASV_1559,Bacteria,Firmicutes,Clostridia,Lachnospirales  ,Lachnospiraceae  ,Lachnospira   ,NA
ASV_1560,Bacteria,Firmicutes,Clostridia,NA,NA,NA,NA
ASV_1561,Bacteria,Firmicutes,Clostridia,Oscillospirales  ,Eubacterium coprostanoligenes group,Eubacterium coprostanoligenes group ,gut metagenome
ASV_1562,Bacteria,Firmicutes,Clostridia,Lachnospirales  ,Lachnospiraceae  ,Lachnospiraceae UCG-001  ,metagenome 
ASV_1563,Bacteria,Bacteroidota,Bacteroidia,Bacteroidales  ,Barnesiellaceae  ,Barnesiella   ,uncultured organism
ASV_1564,Bacteria,Bacteroidota,Bacteroidia,Bacteroidales  ,Bacteroidaceae  ,Bacteroides   ,Bacteroides vulgatus
ASV_1565,Bacteria,Firmicutes,Clostridia,Lachnospirales  ,Lachnospiraceae  ,Tyzzerella   ,unidentified 
ASV_1566,Bacteria,Firmicutes,Clostridia,Oscillospirales  ,UCG-010  ,UCG-010   ,NA
ASV_1567,Bacteria,Firmicutes,Clostridia,Lachnospirales  ,Lachnospiraceae  ,Eubacterium ventriosum group ,uncultured organism
ASV_1568,Bacteria,Bacteroidota,Bacteroidia,Bacteroidales  ,Rikenellaceae  ,Alistipes   ,Alistipes sp.
ASV_1569,Bacteria,Bacteroidota,Bacteroidia,Bacteroidales  ,Marinifilaceae  ,Odoribacter   ,Odoribacter splanchnicus
ASV_1570,Bacteria,Bacteroidota,Bacteroidia,Bacteroidales  ,Tannerellaceae  ,Parabacteroides   ,Parabacteroides distasonis
ASV_1571,Bacteria,Firmicutes,Bacilli,Lactobacillales  ,Streptococcaceae  ,Lactococcus   ,Lactococcus lactis
ASV_1572,Bacteria,Proteobacteria,Gammaproteobacteria,Enterobacterales  ,Enterobacteriaceae  ,Escherichia-Shigella   ,Shigella flexneri
ASV_1573,Bacteria,Firmicutes,Clostridia,Peptostreptococcales-Tissierellales  ,Peptostreptococcaceae  ,Intestinibacter   ,uncultured bacterium
ASV_1574,Bacteria,Firmicutes,Bacilli,Erysipelotrichales  ,Erysipelotrichaceae  ,Clostridium innocuum group ,uncultured bacterium
ASV_1575,Bacteria,Bacteroidota,Bacteroidia,Bacteroidales  ,Bacteroidaceae  ,Bacteroides   ,Bacteroides ovatus
ASV_1576,Bacteria,Firmicutes,Clostridia,NA,NA,NA,NA
ASV_1577,Bacteria,Firmicutes,Bacilli,Lactobacillales  ,Streptococcaceae  ,Streptococcus   ,Streptococcus salivarius
ASV_1578,Bacteria,Bacteroidota,Bacteroidia,Bacteroidales  ,Bacteroidaceae  ,Bacteroides   ,Bacteroides ovatus
ASV_1579,Bacteria,Firmicutes,Clostridia,Lachnospirales  ,Lachnospiraceae  ,Lachnospiraceae UCG-008  ,uncultured organism
ASV_1580,Bacteria,Firmicutes,Clostridia,Lachnospirales  ,Lachnospiraceae  ,Lachnoclostridium   ,human gut
ASV_1581,Bacteria,Firmicutes,Clostridia,Oscillospirales  ,Butyricicoccaceae  ,Butyricicoccus   ,uncultured organism
ASV_1582,Bacteria,Firmicutes,Clostridia,Lachnospirales  ,Lachnospiraceae  ,Ruminococcus torques group ,Ruminococcus lactaris
ASV_1583,Bacteria,Firmicutes,Clostridia,Clostridia UCG-014 ,Clostridia UCG-014 ,Clostridia UCG-014  ,gut metagenome
ASV_1584,Bacteria,Bacteroidota,Bacteroidia,Bacteroidales  ,Prevotellaceae  ,Prevotella 9  ,metagenome 
ASV_1585,Bacteria,Firmicutes,Clostridia,Oscillospirales  ,Ruminococcaceae  ,Incertae Sedis  ,uncultured organism
ASV_1586,Bacteria,Bacteroidota,Bacteroidia,Bacteroidales  ,Tannerellaceae  ,Parabacteroides   ,Parabacteroides distasonis
ASV_1587,Bacteria,Firmicutes,Clostridia,Lachnospirales  ,Lachnospiraceae  ,Eisenbergiella   ,Lachnospiraceae bacterium
ASV_1588,Bacteria,Bacteroidota,Bacteroidia,Bacteroidales  ,Rikenellaceae  ,Alistipes   ,Alistipes shahii
ASV_1589,Bacteria,Firmicutes,Clostridia,Oscillospirales  ,Ruminococcaceae  ,Faecalibacterium   ,metagenome 
ASV_1590,Bacteria,Firmicutes,Clostridia,Lachnospirales  ,Lachnospiraceae  ,Lachnospira   ,NA
ASV_1591,Bacteria,Firmicutes,Clostridia,Oscillospirales  ,Ruminococcaceae  ,Faecalibacterium   ,NA
ASV_1592,Bacteria,Firmicutes,Clostridia,Clostridia UCG-014 ,Clostridia UCG-014 ,Clostridia UCG-014  ,NA
ASV_1593,Bacteria,Firmicutes,Clostridia,Lachnospirales  ,Lachnospiraceae  ,NA,NA
ASV_1594,Bacteria,Bacteroidota,Bacteroidia,Bacteroidales  ,Prevotellaceae  ,Paraprevotella   ,Paraprevotella xylaniphila
ASV_1595,Bacteria,Firmicutes,Clostridia,Oscillospirales  ,Oscillospiraceae  ,NK4A214 group  ,metagenome 
ASV_1596,Bacteria,Proteobacteria,Gammaproteobacteria,Enterobacterales  ,Pasteurellaceae  ,Haemophilus   ,uncultured bacterium
ASV_1597,Bacteria,Bacteroidota,Bacteroidia,Bacteroidales  ,Bacteroidaceae  ,Bacteroides   ,Bacteroides ovatus
ASV_1598,Bacteria,Firmicutes,Negativicutes,Veillonellales-Selenomonadales  ,Veillonellaceae  ,Veillonella   ,Veillonella parvula
ASV_1599,Bacteria,Firmicutes,Clostridia,Lachnospirales  ,Lachnospiraceae  ,Lachnospira   ,gut metagenome
ASV_1600,Bacteria,Proteobacteria,Gammaproteobacteria,Burkholderiales  ,Sutterellaceae  ,Sutterella   ,Burkholderia sp.
ASV_1601,Bacteria,Firmicutes,Clostridia,Clostridia UCG-014 ,Clostridia UCG-014 ,Clostridia UCG-014  ,gut metagenome
ASV_1602,Bacteria,Bacteroidota,Bacteroidia,Bacteroidales  ,Tannerellaceae  ,Parabacteroides   ,Parabacteroides distasonis
ASV_1603,Bacteria,Firmicutes,Clostridia,Lachnospirales  ,Lachnospiraceae  ,Lachnoclostridium   ,human gut
ASV_1604,Bacteria,Firmicutes,Clostridia,Oscillospirales  ,Ruminococcaceae  ,Faecalibacterium   ,NA
ASV_1605,Bacteria,Bacteroidota,Bacteroidia,Bacteroidales  ,Bacteroidaceae  ,Bacteroides   ,Bacteroides intestinalis
ASV_1606,Bacteria,Firmicutes,Clostridia,Oscillospirales  ,Oscillospiraceae  ,Oscillibacter   ,human gut
ASV_1607,Bacteria,Bacteroidota,Bacteroidia,Bacteroidales  ,Bacteroidaceae  ,Bacteroides   ,Bacteroides intestinalis
ASV_1608,Bacteria,Actinobacteriota,Coriobacteriia,Coriobacteriales  ,Coriobacteriaceae  ,Collinsella   ,Collinsella aerofaciens
ASV_1609,Bacteria,Firmicutes,Bacilli,Erysipelotrichales  ,Erysipelotrichaceae  ,Turicibacter   ,Turicibacter sanguinis
ASV_1610,Bacteria,Firmicutes,Negativicutes,Acidaminococcales  ,Acidaminococcaceae  ,Phascolarctobacterium   ,uncultured Firmicutes
ASV_1611,Bacteria,Cyanobacteria,Vampirivibrionia,Gastranaerophilales  ,Gastranaerophilales  ,Gastranaerophilales   ,uncultured bacterium
ASV_1612,Bacteria,Firmicutes,Clostridia,Oscillospirales  ,Ruminococcaceae  ,Subdoligranulum   ,uncultured organism
ASV_1613,Bacteria,Firmicutes,Clostridia,Lachnospirales  ,Lachnospiraceae  ,Ruminococcus torques group ,uncultured organism
ASV_1614,Bacteria,Bacteroidota,Bacteroidia,Bacteroidales  ,Bacteroidaceae  ,Bacteroides   ,Bacteroides fragilis
ASV_1615,Bacteria,Firmicutes,Clostridia,Clostridia vadinBB60 group,Clostridia vadinBB60 group,Clostridia vadinBB60 group ,uncultured bacterium
ASV_1616,Bacteria,Firmicutes,Clostridia,Oscillospirales  ,Oscillospiraceae  ,UCG-002   ,uncultured organism
ASV_1617,Bacteria,Proteobacteria,Gammaproteobacteria,Burkholderiales  ,Sutterellaceae  ,Sutterella   ,NA
ASV_1618,Bacteria,Actinobacteriota,Actinobacteria,Bifidobacteriales  ,Bifidobacteriaceae  ,Bifidobacterium   ,Bifidobacterium bifidum
ASV_1619,Bacteria,Firmicutes,Clostridia,Lachnospirales  ,Lachnospiraceae  ,Lachnoclostridium   ,Clostridium glycyrrhizinilyticum
ASV_1620,Bacteria,Firmicutes,Clostridia,Lachnospirales  ,Lachnospiraceae  ,Ruminococcus gnavus group ,uncultured bacterium
ASV_1621,Bacteria,Bacteroidota,Bacteroidia,Bacteroidales  ,Bacteroidaceae  ,Bacteroides   ,Bacteroides ovatus
ASV_1622,Bacteria,Bacteroidota,Bacteroidia,Bacteroidales  ,Barnesiellaceae  ,Barnesiella   ,uncultured organism
ASV_1623,Bacteria,Firmicutes,Clostridia,Lachnospirales  ,Lachnospiraceae  ,Eubacterium eligens group ,uncultured organism
ASV_1624,Bacteria,Bacteroidota,Bacteroidia,Bacteroidales  ,Bacteroidaceae  ,Bacteroides   ,Bacteroides massiliensis
ASV_1625,Bacteria,Firmicutes,Clostridia,Lachnospirales  ,Lachnospiraceae  ,Eubacterium eligens group ,uncultured organism
ASV_1626,Bacteria,Bacteroidota,Bacteroidia,Bacteroidales  ,Bacteroidaceae  ,Bacteroides   ,unidentified 
ASV_1627,Bacteria,Firmicutes,Clostridia,Peptostreptococcales-Tissierellales  ,Anaerovoracaceae  ,Family XIII AD3011 group,uncultured organism
ASV_1628,Bacteria,Actinobacteriota,Actinobacteria,Bifidobacteriales  ,Bifidobacteriaceae  ,Bifidobacterium   ,Bifidobacterium longum
ASV_1629,Bacteria,Bacteroidota,Bacteroidia,Bacteroidales  ,Prevotellaceae  ,Prevotella 9  ,uncultured organism
ASV_1630,Bacteria,Firmicutes,Clostridia,Oscillospirales  ,Oscillospiraceae  ,uncultured   ,uncultured bacterium
ASV_1631,Bacteria,Firmicutes,Clostridia,Oscillospirales  ,Oscillospiraceae  ,Colidextribacter   ,uncultured Flavonifractor
ASV_1632,Bacteria,Bacteroidota,Bacteroidia,Bacteroidales  ,Tannerellaceae  ,Parabacteroides   ,Parabacteroides johnsonii
ASV_1633,Bacteria,Firmicutes,Clostridia,Lachnospirales  ,Lachnospiraceae  ,Eubacterium ruminantium group ,gut metagenome
ASV_1634,Bacteria,Firmicutes,Clostridia,Lachnospirales  ,Lachnospiraceae  ,Lachnospiraceae NK4A136 group ,NA
ASV_1635,Bacteria,Firmicutes,Clostridia,Lachnospirales  ,Lachnospiraceae  ,Lachnospiraceae UCG-004  ,uncultured organism
ASV_1636,Bacteria,Bacteroidota,Bacteroidia,Bacteroidales  ,Prevotellaceae  ,Paraprevotella   ,Paraprevotella xylaniphila
ASV_1637,Bacteria,Firmicutes,Clostridia,Oscillospirales  ,Ruminococcaceae  ,DTU089   ,uncultured bacterium
ASV_1638,Bacteria,Firmicutes,Clostridia,Oscillospirales  ,Ruminococcaceae  ,Ruminococcus   ,metagenome 
ASV_1639,Bacteria,Bacteroidota,Bacteroidia,Bacteroidales  ,Barnesiellaceae  ,Barnesiella   ,uncultured organism
ASV_1640,Bacteria,Firmicutes,Clostridia,Lachnospirales  ,Lachnospiraceae  ,Lachnospiraceae FCS020 group ,uncultured organism
ASV_1641,Bacteria,Firmicutes,Negativicutes,Acidaminococcales  ,Acidaminococcaceae  ,Phascolarctobacterium   ,uncultured Firmicutes
ASV_1642,Bacteria,Firmicutes,Clostridia,Lachnospirales  ,Lachnospiraceae  ,Lachnospiraceae UCG-004  ,uncultured organism
ASV_1643,Bacteria,Firmicutes,Clostridia,Peptostreptococcales-Tissierellales  ,Peptostreptococcaceae  ,Intestinibacter   ,uncultured bacterium
ASV_1644,Bacteria,Cyanobacteria,Vampirivibrionia,Gastranaerophilales  ,Gastranaerophilales  ,Gastranaerophilales   ,Acinetobacter sp.
ASV_1645,Bacteria,Actinobacteriota,Coriobacteriia,Coriobacteriales  ,Coriobacteriaceae  ,Collinsella   ,Collinsella aerofaciens
ASV_1646,Bacteria,Firmicutes,Clostridia,Oscillospirales  ,Oscillospiraceae  ,UCG-005   ,uncultured organism
ASV_1647,Bacteria,Firmicutes,Clostridia,Oscillospirales  ,Eubacterium coprostanoligenes group,Eubacterium coprostanoligenes group ,unidentified 
ASV_1648,Bacteria,Firmicutes,Clostridia,Lachnospirales  ,Lachnospiraceae  ,Coprococcus   ,NA
ASV_1649,Bacteria,Firmicutes,Clostridia,Oscillospirales  ,Ruminococcaceae  ,CAG-352   ,NA
ASV_1650,Bacteria,Firmicutes,Clostridia,Lachnospirales  ,Lachnospiraceae  ,Lachnospiraceae UCG-001  ,metagenome 
ASV_1651,Bacteria,Bacteroidota,Bacteroidia,Bacteroidales  ,Barnesiellaceae  ,Barnesiella   ,uncultured organism
ASV_1652,Bacteria,Firmicutes,Bacilli,Lactobacillales  ,Streptococcaceae  ,Lactococcus   ,Lactococcus garvieae
ASV_1653,Bacteria,Firmicutes,Clostridia,Lachnospirales  ,Lachnospiraceae  ,GCA-900066575   ,uncultured organism
ASV_1654,Bacteria,Firmicutes,Clostridia,Lachnospirales  ,Lachnospiraceae  ,Eubacterium ruminantium group ,gut metagenome
ASV_1655,Bacteria,Firmicutes,Clostridia,Oscillospirales  ,Oscillospiraceae  ,Oscillibacter   ,uncultured organism
ASV_1656,Bacteria,Firmicutes,Clostridia,Clostridia vadinBB60 group,Clostridia vadinBB60 group,Clostridia vadinBB60 group ,uncultured Thermoanaerobacterales
ASV_1657,Bacteria,Bacteroidota,Bacteroidia,Bacteroidales  ,Bacteroidaceae  ,Bacteroides   ,Bacteroides vulgatus
ASV_1658,Bacteria,Bacteroidota,Bacteroidia,Bacteroidales  ,Tannerellaceae  ,Parabacteroides   ,Parabacteroides distasonis
ASV_1659,Bacteria,Firmicutes,Negativicutes,Acidaminococcales  ,Acidaminococcaceae  ,Acidaminococcus   ,uncultured organism
ASV_1660,Bacteria,Proteobacteria,Gammaproteobacteria,Burkholderiales  ,Sutterellaceae  ,Parasutterella   ,uncultured organism
ASV_1661,Bacteria,Firmicutes,Clostridia,Lachnospirales  ,Lachnospiraceae  ,Lachnospiraceae FCS020 group ,uncultured Clostridium
ASV_1662,Bacteria,Firmicutes,Clostridia,Lachnospirales  ,Lachnospiraceae  ,Dorea   ,uncultured bacterium
ASV_1663,Bacteria,Firmicutes,Bacilli,Lactobacillales  ,Streptococcaceae  ,Lactococcus   ,Lactococcus lactis
ASV_1664,Bacteria,Firmicutes,Clostridia,Oscillospirales  ,Ruminococcaceae  ,uncultured   ,human gut
ASV_1665,Bacteria,Bacteroidota,Bacteroidia,Bacteroidales  ,Bacteroidaceae  ,Bacteroides   ,Bacteroides vulgatus
ASV_1666,Bacteria,Firmicutes,Clostridia,Lachnospirales  ,Lachnospiraceae  ,Lachnospira   ,NA
ASV_1667,Bacteria,Firmicutes,Clostridia,Clostridia UCG-014 ,Clostridia UCG-014 ,Clostridia UCG-014  ,uncultured bacterium
ASV_1668,Bacteria,Bacteroidota,Bacteroidia,Bacteroidales  ,Bacteroidaceae  ,Bacteroides   ,Bacteroides massiliensis
ASV_1669,Bacteria,Firmicutes,Clostridia,Lachnospirales  ,Lachnospiraceae  ,Ruminococcus torques group ,Ruminococcus lactaris
ASV_1670,Bacteria,Bacteroidota,Bacteroidia,Bacteroidales  ,Barnesiellaceae  ,Barnesiella   ,uncultured organism
ASV_1671,Bacteria,Firmicutes,Clostridia,Oscillospirales  ,Ruminococcaceae  ,Faecalibacterium   ,NA
ASV_1672,Bacteria,Firmicutes,Clostridia,Oscillospirales  ,Eubacterium coprostanoligenes group,Eubacterium coprostanoligenes group ,Eubacterium coprostanoligenes
ASV_1673,Bacteria,Firmicutes,Clostridia,Lachnospirales  ,Lachnospiraceae  ,Lachnospiraceae UCG-004  ,uncultured organism
ASV_1674,Bacteria,Firmicutes,Clostridia,Lachnospirales  ,Lachnospiraceae  ,Dorea   ,uncultured Dorea
ASV_1675,Bacteria,Firmicutes,Clostridia,Lachnospirales  ,Lachnospiraceae  ,Blautia   ,NA
ASV_1676,Bacteria,Bacteroidota,Bacteroidia,Bacteroidales  ,Prevotellaceae  ,Paraprevotella   ,metagenome 
ASV_1677,Bacteria,Firmicutes,Clostridia,Oscillospirales  ,Oscillospiraceae  ,UCG-002   ,Trichuris trichiura
ASV_1678,Bacteria,Bacteroidota,Bacteroidia,Bacteroidales  ,Rikenellaceae  ,Rikenellaceae RC9 gut group,uncultured bacterium
ASV_1679,Bacteria,Firmicutes,Clostridia,Lachnospirales  ,Lachnospiraceae  ,Ruminococcus gnavus group ,uncultured bacterium
ASV_1680,Bacteria,Firmicutes,Clostridia,Lachnospirales  ,Lachnospiraceae  ,Agathobacter   ,Eubacterium ramulus
ASV_1681,Bacteria,Firmicutes,Clostridia,Christensenellales  ,Christensenellaceae  ,Christensenellaceae R-7 group ,gut metagenome
ASV_1682,Bacteria,Bacteroidota,Bacteroidia,Bacteroidales  ,Bacteroidaceae  ,Bacteroides   ,Bacteroides uniformis
ASV_1683,Bacteria,Firmicutes,Clostridia,Lachnospirales  ,Lachnospiraceae  ,Lachnoclostridium   ,NA
ASV_1684,Bacteria,Firmicutes,Clostridia,Oscillospirales  ,Oscillospiraceae  ,UCG-005   ,gut metagenome
ASV_1685,Bacteria,Bacteroidota,Bacteroidia,Bacteroidales  ,Tannerellaceae  ,Parabacteroides   ,Parabacteroides distasonis
ASV_1686,Bacteria,Firmicutes,Clostridia,Lachnospirales  ,Lachnospiraceae  ,GCA-900066575   ,NA
ASV_1687,Bacteria,Proteobacteria,Gammaproteobacteria,Burkholderiales  ,Sutterellaceae  ,Sutterella   ,NA
ASV_1688,Bacteria,Actinobacteriota,Coriobacteriia,Coriobacteriales  ,Eggerthellaceae  ,Adlercreutzia   ,uncultured bacterium
ASV_1689,Bacteria,Firmicutes,Clostridia,Lachnospirales  ,Lachnospiraceae  ,uncultured   ,uncultured organism
ASV_1690,Bacteria,Bacteroidota,Bacteroidia,Bacteroidales  ,NA,NA,NA
ASV_1691,Bacteria,Firmicutes,Clostridia,Oscillospirales  ,Oscillospiraceae  ,Pseudoflavonifractor   ,uncultured bacterium
ASV_1692,Bacteria,Firmicutes,Clostridia,Lachnospirales  ,Lachnospiraceae  ,Eubacterium ruminantium group ,gut metagenome
ASV_1693,Bacteria,Firmicutes,Clostridia,Oscillospirales  ,Ruminococcaceae  ,Faecalibacterium   ,NA
ASV_1694,Bacteria,Firmicutes,Clostridia,Lachnospirales  ,Lachnospiraceae  ,uncultured   ,human gut
ASV_1695,Bacteria,Bacteroidota,Bacteroidia,Bacteroidales  ,Rikenellaceae  ,Alistipes   ,NA
ASV_1696,Bacteria,Bacteroidota,Bacteroidia,Bacteroidales  ,Bacteroidaceae  ,Bacteroides   ,Bacteroides thetaiotaomicron
ASV_1697,Bacteria,Bacteroidota,Bacteroidia,Bacteroidales  ,Bacteroidaceae  ,Bacteroides   ,Bacteroides uniformis
ASV_1698,Bacteria,Bacteroidota,Bacteroidia,Bacteroidales  ,Dysgonomonadaceae  ,Dysgonomonas   ,Dysgonomonas capnocytophagoides
ASV_1699,Bacteria,Firmicutes,Bacilli,Erysipelotrichales  ,Erysipelatoclostridiaceae  ,Erysipelatoclostridium   ,Clostridium spiroforme
ASV_1700,Bacteria,Proteobacteria,Alphaproteobacteria,Rhodospirillales  ,uncultured  ,uncultured   ,gut metagenome
ASV_1701,Bacteria,Actinobacteriota,Coriobacteriia,Coriobacteriales  ,Eggerthellaceae  ,NA,NA
ASV_1702,Bacteria,Bacteroidota,Bacteroidia,Bacteroidales  ,Bacteroidaceae  ,Bacteroides   ,Bacteroides coprocola
ASV_1703,Bacteria,Bacteroidota,Bacteroidia,Bacteroidales  ,Marinifilaceae  ,Odoribacter   ,Odoribacter splanchnicus
ASV_1704,Bacteria,Bacteroidota,Bacteroidia,Bacteroidales  ,Tannerellaceae  ,Parabacteroides   ,Parabacteroides merdae
ASV_1705,Bacteria,Bacteroidota,Bacteroidia,Bacteroidales  ,Rikenellaceae  ,Alistipes   ,Alistipes sp.
ASV_1706,Bacteria,Firmicutes,Clostridia,Oscillospirales  ,Oscillospiraceae  ,Oscillibacter   ,uncultured organism
ASV_1707,Bacteria,Bacteroidota,Bacteroidia,Bacteroidales  ,Bacteroidaceae  ,Bacteroides   ,unidentified 
ASV_1708,Bacteria,Firmicutes,Bacilli,Lactobacillales  ,Lactobacillaceae  ,Limosilactobacillus   ,Lactobacillus fermentum
ASV_1709,Bacteria,Bacteroidota,Bacteroidia,Bacteroidales  ,NA,NA,NA
ASV_1710,Bacteria,Bacteroidota,Bacteroidia,Bacteroidales  ,Prevotellaceae  ,Prevotella   ,gut metagenome
ASV_1711,Bacteria,Firmicutes,Clostridia,Oscillospirales  ,Butyricicoccaceae  ,Butyricicoccus   ,uncultured organism
ASV_1712,Bacteria,Firmicutes,Clostridia,Oscillospirales  ,Oscillospiraceae  ,Colidextribacter   ,Anaerostipes hadrus
ASV_1713,Bacteria,Firmicutes,Clostridia,Lachnospirales  ,Lachnospiraceae  ,Eubacterium ruminantium group ,gut metagenome
ASV_1714,Bacteria,Firmicutes,Bacilli,Erysipelotrichales  ,Erysipelatoclostridiaceae  ,Erysipelotrichaceae UCG-003  ,uncultured bacterium
ASV_1715,Bacteria,Firmicutes,Clostridia,Lachnospirales  ,Lachnospiraceae  ,Lachnoclostridium   ,human gut
ASV_1716,Bacteria,Bacteroidota,Bacteroidia,Bacteroidales  ,Bacteroidaceae  ,Bacteroides   ,Bacteroides ovatus
ASV_1717,Bacteria,Bacteroidota,Bacteroidia,Bacteroidales  ,Prevotellaceae  ,Paraprevotella   ,NA
ASV_1718,Bacteria,Firmicutes,Clostridia,Oscillospirales  ,Oscillospiraceae  ,UCG-002   ,uncultured organism
ASV_1719,Bacteria,Firmicutes,Clostridia,Oscillospirales  ,Ruminococcaceae  ,UBA1819   ,uncultured organism
ASV_1720,Bacteria,Firmicutes,NA,NA,NA,NA,NA
ASV_1721,Bacteria,Firmicutes,Clostridia,Lachnospirales  ,Lachnospiraceae  ,Tyzzerella   ,unidentified 
ASV_1722,Bacteria,Bacteroidota,Bacteroidia,Bacteroidales  ,Prevotellaceae  ,Prevotella   ,gut metagenome
ASV_1723,Bacteria,Bacteroidota,Bacteroidia,Bacteroidales  ,Barnesiellaceae  ,Barnesiella   ,uncultured organism
ASV_1724,Bacteria,Firmicutes,Clostridia,Oscillospirales  ,Oscillospiraceae  ,UCG-003   ,uncultured bacterium
ASV_1725,Bacteria,Bacteroidota,Bacteroidia,Bacteroidales  ,Prevotellaceae  ,Paraprevotella   ,Paraprevotella clara
ASV_1726,Bacteria,Firmicutes,Clostridia,Lachnospirales  ,Lachnospiraceae  ,Ruminococcus gauvreauii group ,uncultured Clostridiales
ASV_1727,Bacteria,Proteobacteria,Gammaproteobacteria,Enterobacterales  ,Enterobacteriaceae  ,Klebsiella   ,Klebsiella variicola
ASV_1728,Bacteria,Firmicutes,Clostridia,Lachnospirales  ,Lachnospiraceae  ,Lachnospiraceae UCG-008  ,uncultured organism
ASV_1729,Bacteria,Proteobacteria,Gammaproteobacteria,Enterobacterales  ,Enterobacteriaceae  ,Escherichia-Shigella   ,Shigella flexneri
ASV_1730,Bacteria,Bacteroidota,Bacteroidia,Bacteroidales  ,Tannerellaceae  ,Parabacteroides   ,Parabacteroides distasonis
ASV_1731,Bacteria,Firmicutes,Clostridia,Lachnospirales  ,Lachnospiraceae  ,Eubacterium hallii group ,uncultured organism
ASV_1732,Bacteria,Firmicutes,Clostridia,Lachnospirales  ,Lachnospiraceae  ,uncultured   ,uncultured Eubacterium
ASV_1733,Bacteria,Firmicutes,Clostridia,Lachnospirales  ,Lachnospiraceae  ,Eisenbergiella   ,uncultured organism
ASV_1734,Bacteria,Bacteroidota,Bacteroidia,Bacteroidales  ,Rikenellaceae  ,Alistipes   ,Alistipes obesi
ASV_1735,Bacteria,Bacteroidota,Bacteroidia,Bacteroidales  ,Bacteroidaceae  ,Bacteroides   ,Bacteroides uniformis
ASV_1736,Bacteria,Firmicutes,Clostridia,Oscillospirales  ,Ruminococcaceae  ,Faecalibacterium   ,NA
ASV_1737,Bacteria,Firmicutes,Clostridia,Lachnospirales  ,Lachnospiraceae  ,Anaerostipes   ,NA
ASV_1738,Bacteria,Firmicutes,Clostridia,Lachnospirales  ,Lachnospiraceae  ,Lachnospiraceae UCG-004  ,uncultured organism
ASV_1739,Bacteria,Firmicutes,Clostridia,Lachnospirales  ,Lachnospiraceae  ,NA,NA
ASV_1740,Bacteria,Bacteroidota,Bacteroidia,Bacteroidales  ,Bacteroidaceae  ,Bacteroides   ,Bacteroides vulgatus
ASV_1741,Bacteria,Bacteroidota,Bacteroidia,Bacteroidales  ,Rikenellaceae  ,Alistipes   ,Alistipes finegoldii
ASV_1742,Bacteria,Firmicutes,Clostridia,Lachnospirales  ,Lachnospiraceae  ,Lachnospiraceae NK4A136 group ,gut metagenome
ASV_1743,Bacteria,Firmicutes,Clostridia,Oscillospirales  ,Ruminococcaceae  ,Incertae Sedis  ,Carnobacterium sp.
ASV_1744,Bacteria,Firmicutes,Clostridia,Lachnospirales  ,Lachnospiraceae  ,Ruminococcus torques group ,Ruminococcus faecis
ASV_1745,Bacteria,Firmicutes,Clostridia,Clostridia vadinBB60 group,Clostridia vadinBB60 group,Clostridia vadinBB60 group ,uncultured bacterium
ASV_1746,Bacteria,Firmicutes,Clostridia,Oscillospirales  ,Ruminococcaceae  ,uncultured   ,human gut
ASV_1747,Bacteria,Firmicutes,Clostridia,Lachnospirales  ,Lachnospiraceae  ,Agathobacter   ,Eubacterium ramulus
ASV_1748,Bacteria,Firmicutes,Clostridia,Lachnospirales  ,Lachnospiraceae  ,Lachnospira   ,uncultured organism
ASV_1749,Bacteria,Firmicutes,Bacilli,Erysipelotrichales  ,Erysipelatoclostridiaceae  ,Erysipelatoclostridium   ,Clostridium spiroforme
ASV_1750,Bacteria,Firmicutes,Clostridia,Lachnospirales  ,Lachnospiraceae  ,Ruminococcus torques group ,Ruminococcus faecis
ASV_1751,Bacteria,Firmicutes,Clostridia,Oscillospirales  ,Ruminococcaceae  ,Faecalibacterium   ,metagenome 
ASV_1752,Bacteria,Firmicutes,Clostridia,Lachnospirales  ,Lachnospiraceae  ,Eubacterium ruminantium group ,gut metagenome
ASV_1753,Bacteria,Firmicutes,Clostridia,Oscillospirales  ,Eubacterium coprostanoligenes group,Eubacterium coprostanoligenes group ,metagenome 
ASV_1754,Bacteria,Firmicutes,Clostridia,Lachnospirales  ,Lachnospiraceae  ,Anaerostipes   ,metagenome 
ASV_1755,Bacteria,Firmicutes,Clostridia,Lachnospirales  ,Lachnospiraceae  ,Lachnospiraceae FCS020 group ,uncultured Clostridium
ASV_1756,Bacteria,Actinobacteriota,Coriobacteriia,Coriobacteriales  ,Coriobacteriaceae  ,Collinsella   ,Collinsella aerofaciens
ASV_1757,Bacteria,Proteobacteria,Alphaproteobacteria,Rhodospirillales  ,uncultured  ,uncultured   ,gut metagenome
ASV_1758,Bacteria,Firmicutes,Clostridia,Lachnospirales  ,Lachnospiraceae  ,Lachnospiraceae UCG-004  ,NA
ASV_1759,Bacteria,Actinobacteriota,Coriobacteriia,Coriobacteriales  ,Coriobacteriaceae  ,Collinsella   ,Collinsella aerofaciens
ASV_1760,Bacteria,Firmicutes,Clostridia,Lachnospirales  ,Lachnospiraceae  ,uncultured   ,human gut
ASV_1761,Bacteria,Firmicutes,Clostridia,Lachnospirales  ,Defluviitaleaceae  ,Defluviitaleaceae UCG-011  ,uncultured bacterium
ASV_1762,Bacteria,Firmicutes,Clostridia,Monoglobales  ,Monoglobaceae  ,Monoglobus   ,Monoglobus pectinilyticus
ASV_1763,Bacteria,Firmicutes,Clostridia,Lachnospirales  ,Lachnospiraceae  ,Eubacterium xylanophilum group ,uncultured organism
ASV_1764,Bacteria,Firmicutes,Bacilli,Lactobacillales  ,Lactobacillaceae  ,Limosilactobacillus   ,Lactobacillus fermentum
ASV_1765,Bacteria,Firmicutes,Clostridia,Lachnospirales  ,Lachnospiraceae  ,Lachnospiraceae UCG-001  ,metagenome 
ASV_1766,Bacteria,Bacteroidota,Bacteroidia,Bacteroidales  ,Barnesiellaceae  ,Barnesiella   ,uncultured organism
ASV_1767,Bacteria,Desulfobacterota,Desulfovibrionia,Desulfovibrionales  ,Desulfovibrionaceae  ,Bilophila   ,Bilophila wadsworthia
ASV_1768,Bacteria,Bacteroidota,Bacteroidia,Bacteroidales  ,Rikenellaceae  ,Alistipes   ,NA
ASV_1769,Bacteria,Firmicutes,Clostridia,Lachnospirales  ,Lachnospiraceae  ,Lachnospiraceae UCG-010  ,uncultured organism
ASV_1770,Bacteria,Firmicutes,Clostridia,Lachnospirales  ,Lachnospiraceae  ,Coprococcus   ,NA
ASV_1771,Bacteria,Firmicutes,Clostridia,NA,NA,NA,NA
ASV_1772,Bacteria,Firmicutes,Clostridia,Lachnospirales  ,Lachnospiraceae  ,Lachnoclostridium   ,Clostridium glycyrrhizinilyticum
ASV_1773,Bacteria,Bacteroidota,Bacteroidia,Bacteroidales  ,Bacteroidaceae  ,Bacteroides   ,Bacteroides vulgatus
ASV_1774,Bacteria,Actinobacteriota,Coriobacteriia,Coriobacteriales  ,Coriobacteriales Incertae Sedis,uncultured   ,gut metagenome
ASV_1775,Bacteria,Firmicutes,Clostridia,Lachnospirales  ,Lachnospiraceae  ,Roseburia   ,uncultured organism
ASV_1776,Bacteria,Firmicutes,Clostridia,Clostridia vadinBB60 group,Clostridia vadinBB60 group,Clostridia vadinBB60 group ,gut metagenome
ASV_1777,Bacteria,Bacteroidota,Bacteroidia,Bacteroidales  ,Bacteroidaceae  ,Bacteroides   ,Bacteroides fragilis
ASV_1778,Bacteria,Firmicutes,Clostridia,Lachnospirales  ,Lachnospiraceae  ,Lachnoclostridium   ,uncultured organism
ASV_1779,Bacteria,Bacteroidota,Bacteroidia,Bacteroidales  ,Prevotellaceae  ,Paraprevotella   ,Paraprevotella clara
ASV_1780,Bacteria,Firmicutes,Clostridia,Christensenellales  ,Christensenellaceae  ,Christensenellaceae R-7 group ,Clostridiales bacterium
ASV_1781,Bacteria,Firmicutes,Clostridia,Oscillospirales  ,Oscillospiraceae  ,Colidextribacter   ,gut metagenome
ASV_1782,Bacteria,Firmicutes,Clostridia,Oscillospirales  ,Ruminococcaceae  ,NA,NA
ASV_1783,Bacteria,Firmicutes,Clostridia,Lachnospirales  ,Lachnospiraceae  ,Hungatella   ,uncultured bacterium
ASV_1784,Bacteria,Firmicutes,Clostridia,Oscillospirales  ,Ruminococcaceae  ,uncultured   ,gut metagenome
ASV_1785,Bacteria,Firmicutes,Clostridia,Lachnospirales  ,Lachnospiraceae  ,Ruminococcus gauvreauii group ,uncultured Clostridiales
ASV_1786,Bacteria,Firmicutes,Clostridia,Lachnospirales  ,Lachnospiraceae  ,Tyzzerella   ,unidentified 
ASV_1787,Bacteria,Firmicutes,Clostridia,Peptostreptococcales-Tissierellales  ,Peptostreptococcaceae  ,Intestinibacter   ,uncultured bacterium
ASV_1788,Bacteria,Firmicutes,Clostridia,Oscillospirales  ,Oscillospiraceae  ,UCG-005   ,uncultured prokaryote
ASV_1789,Bacteria,Firmicutes,Clostridia,Oscillospirales  ,Oscillospiraceae  ,UCG-003   ,uncultured bacterium
ASV_1790,Bacteria,Firmicutes,Clostridia,Oscillospirales  ,Oscillospiraceae  ,uncultured   ,NA
ASV_1791,Bacteria,Desulfobacterota,Desulfovibrionia,Desulfovibrionales  ,Desulfovibrionaceae  ,Bilophila   ,Bilophila wadsworthia
ASV_1792,Bacteria,Proteobacteria,Alphaproteobacteria,Rhodospirillales  ,uncultured  ,uncultured   ,Azospirillum sp.
ASV_1793,Bacteria,Firmicutes,Clostridia,Lachnospirales  ,Lachnospiraceae  ,Eubacterium eligens group ,uncultured organism
ASV_1794,Bacteria,Firmicutes,Clostridia,Oscillospirales  ,Ruminococcaceae  ,Faecalibacterium   ,NA
ASV_1795,Bacteria,Firmicutes,Clostridia,Oscillospirales  ,Oscillospiraceae  ,Flavonifractor   ,uncultured bacterium
ASV_1796,Bacteria,Firmicutes,Clostridia,Lachnospirales  ,Lachnospiraceae  ,CAG-56   ,uncultured bacterium
ASV_1797,Bacteria,Bacteroidota,Bacteroidia,Bacteroidales  ,Prevotellaceae  ,Prevotella   ,Prevotella stercorea
ASV_1798,Bacteria,Bacteroidota,Bacteroidia,Bacteroidales  ,Rikenellaceae  ,Alistipes   ,NA
ASV_1799,Bacteria,Bacteroidota,Bacteroidia,Bacteroidales  ,Tannerellaceae  ,Parabacteroides   ,Parabacteroides distasonis
ASV_1800,Bacteria,Firmicutes,Clostridia,Oscillospirales  ,Oscillospiraceae  ,Colidextribacter   ,Anaerostipes hadrus
ASV_1801,Bacteria,Firmicutes,Clostridia,Oscillospirales  ,Ruminococcaceae  ,Faecalibacterium   ,NA
ASV_1802,Bacteria,Firmicutes,Clostridia,Lachnospirales  ,Lachnospiraceae  ,Lachnospiraceae UCG-001  ,metagenome 
ASV_1803,Bacteria,Bacteroidota,Bacteroidia,Bacteroidales  ,Bacteroidaceae  ,Bacteroides   ,Bacteroides fragilis
ASV_1804,Bacteria,Proteobacteria,Gammaproteobacteria,Burkholderiales  ,Sutterellaceae  ,Sutterella   ,uncultured bacterium
ASV_1805,Bacteria,Firmicutes,Clostridia,Lachnospirales  ,Lachnospiraceae  ,Lachnospiraceae UCG-008  ,uncultured organism
ASV_1806,Bacteria,Bacteroidota,Bacteroidia,Bacteroidales  ,Bacteroidaceae  ,Bacteroides   ,Bacteroides intestinalis
ASV_1807,Bacteria,Bacteroidota,Bacteroidia,Bacteroidales  ,Prevotellaceae  ,Prevotella 9  ,uncultured organism
ASV_1808,Bacteria,Firmicutes,Clostridia,Lachnospirales  ,Lachnospiraceae  ,Agathobacter   ,NA
ASV_1809,Bacteria,Firmicutes,Clostridia,Lachnospirales  ,Lachnospiraceae  ,Roseburia   ,NA
ASV_1810,Bacteria,Firmicutes,Negativicutes,Acidaminococcales  ,Acidaminococcaceae  ,Acidaminococcus   ,uncultured organism
ASV_1811,Bacteria,Firmicutes,Clostridia,Oscillospirales  ,Butyricicoccaceae  ,Butyricicoccus   ,uncultured organism
ASV_1812,Bacteria,Firmicutes,Clostridia,Clostridia vadinBB60 group,Clostridia vadinBB60 group,Clostridia vadinBB60 group ,uncultured Thermoanaerobacterales
ASV_1813,Bacteria,Actinobacteriota,Coriobacteriia,Coriobacteriales  ,Coriobacteriales Incertae Sedis,uncultured   ,gut metagenome
ASV_1814,Bacteria,Firmicutes,Clostridia,Lachnospirales  ,Lachnospiraceae  ,Lachnospiraceae NK4A136 group ,gut metagenome
ASV_1815,Bacteria,Bacteroidota,Bacteroidia,Bacteroidales  ,Rikenellaceae  ,Alistipes   ,Bacteroides sp.
ASV_1816,Bacteria,Proteobacteria,Gammaproteobacteria,Burkholderiales  ,Sutterellaceae  ,Sutterella   ,Burkholderia sp.
ASV_1817,Bacteria,Firmicutes,Clostridia,Clostridia vadinBB60 group,Clostridia vadinBB60 group,Clostridia vadinBB60 group ,gut metagenome
ASV_1818,Bacteria,Firmicutes,Clostridia,Lachnospirales  ,Lachnospiraceae  ,Eubacterium ventriosum group ,uncultured Lachnospiraceae
ASV_1819,Bacteria,Firmicutes,Bacilli,Erysipelotrichales  ,Erysipelotrichaceae  ,Turicibacter   ,NA
ASV_1820,Bacteria,Firmicutes,Clostridia,Lachnospirales  ,Lachnospiraceae  ,Ruminococcus torques group ,Ruminococcus lactaris
ASV_1821,Bacteria,Firmicutes,Clostridia,Lachnospirales  ,Lachnospiraceae  ,Coprococcus   ,uncultured organism
ASV_1822,Bacteria,Bacteroidota,Bacteroidia,Bacteroidales  ,Tannerellaceae  ,Parabacteroides   ,Parabacteroides distasonis
ASV_1823,Bacteria,Proteobacteria,Gammaproteobacteria,Burkholderiales  ,Sutterellaceae  ,Sutterella   ,NA
ASV_1824,Bacteria,Firmicutes,Clostridia,Oscillospirales  ,Ruminococcaceae  ,CAG-352   ,uncultured bacterium
ASV_1825,Bacteria,Firmicutes,Clostridia,Lachnospirales  ,Lachnospiraceae  ,Lachnoclostridium   ,uncultured organism
ASV_1826,Bacteria,Firmicutes,Clostridia,Oscillospirales  ,Ruminococcaceae  ,Subdoligranulum   ,uncultured organism
ASV_1827,Bacteria,Firmicutes,Clostridia,Lachnospirales  ,Lachnospiraceae  ,Anaerostipes   ,metagenome 
ASV_1828,Bacteria,Firmicutes,Clostridia,Lachnospirales  ,Lachnospiraceae  ,uncultured   ,metagenome 
ASV_1829,Bacteria,Bacteroidota,Bacteroidia,Bacteroidales  ,Prevotellaceae  ,Prevotella   ,Prevotella stercorea
ASV_1830,Bacteria,Firmicutes,Clostridia,Oscillospirales  ,Ruminococcaceae  ,Negativibacillus   ,Ruminococcus sp.
ASV_1831,Bacteria,Firmicutes,Clostridia,Oscillospirales  ,Oscillospiraceae  ,uncultured   ,Clostridium sp.
ASV_1832,Bacteria,Proteobacteria,Alphaproteobacteria,Rhodospirillales  ,uncultured  ,uncultured   ,gut metagenome
ASV_1833,Bacteria,Bacteroidota,Bacteroidia,Bacteroidales  ,Bacteroidaceae  ,Bacteroides   ,Bacteroides uniformis
ASV_1834,Bacteria,Bacteroidota,Bacteroidia,Bacteroidales  ,Rikenellaceae  ,Alistipes   ,NA
ASV_1835,Bacteria,Firmicutes,Clostridia,Lachnospirales  ,Lachnospiraceae  ,Eubacterium eligens group ,uncultured organism
ASV_1836,Bacteria,Bacteroidota,Bacteroidia,Bacteroidales  ,Bacteroidaceae  ,Bacteroides   ,Bacteroides ovatus
ASV_1837,Bacteria,Firmicutes,Clostridia,Oscillospirales  ,Oscillospiraceae  ,UCG-002   ,gut metagenome
ASV_1838,Bacteria,Firmicutes,Clostridia,Lachnospirales  ,Lachnospiraceae  ,Lachnospiraceae ND3007 group ,metagenome 
ASV_1839,Bacteria,Firmicutes,Bacilli,Lactobacillales  ,Streptococcaceae  ,Streptococcus   ,Streptococcus salivarius
ASV_1840,Bacteria,Bacteroidota,Bacteroidia,Bacteroidales  ,Rikenellaceae  ,Alistipes   ,NA
ASV_1841,Bacteria,Firmicutes,Clostridia,Lachnospirales  ,Lachnospiraceae  ,Coprococcus   ,metagenome 
ASV_1842,Bacteria,Bacteroidota,Bacteroidia,Bacteroidales  ,Bacteroidaceae  ,Bacteroides   ,Bacteroides thetaiotaomicron
ASV_1843,Bacteria,Actinobacteriota,Coriobacteriia,Coriobacteriales  ,Coriobacteriales Incertae Sedis,uncultured   ,uncultured bacterium
ASV_1844,Bacteria,Proteobacteria,Gammaproteobacteria,Enterobacterales  ,Pasteurellaceae  ,Haemophilus   ,uncultured bacterium
ASV_1845,Bacteria,Firmicutes,Clostridia,Lachnospirales  ,Lachnospiraceae  ,Roseburia   ,uncultured Roseburia
ASV_1846,Bacteria,Firmicutes,Clostridia,Lachnospirales  ,Lachnospiraceae  ,Roseburia   ,NA
ASV_1847,Bacteria,Firmicutes,Clostridia,Lachnospirales  ,Lachnospiraceae  ,Lachnospiraceae UCG-010  ,uncultured organism
ASV_1848,Bacteria,Bacteroidota,Bacteroidia,Bacteroidales  ,Bacteroidaceae  ,Bacteroides   ,Bacteroides cellulosilyticus
ASV_1849,Bacteria,Bacteroidota,Bacteroidia,Bacteroidales  ,Prevotellaceae  ,Prevotella 9  ,metagenome 
ASV_1850,Bacteria,Firmicutes,Clostridia,Oscillospirales  ,Oscillospiraceae  ,UCG-002   ,Trichuris trichiura
ASV_1851,Bacteria,Firmicutes,Clostridia,Lachnospirales  ,Lachnospiraceae  ,Lachnospiraceae ND3007 group ,metagenome 
ASV_1852,Bacteria,Bacteroidota,Bacteroidia,Bacteroidales  ,Bacteroidaceae  ,Bacteroides   ,Bacteroides thetaiotaomicron
ASV_1853,Bacteria,Firmicutes,Clostridia,NA,NA,NA,NA
ASV_1854,Bacteria,Firmicutes,Clostridia,Oscillospirales  ,Oscillospiraceae  ,UCG-002   ,gut metagenome
ASV_1855,Bacteria,Firmicutes,Clostridia,Monoglobales  ,Monoglobaceae  ,Monoglobus   ,uncultured organism
ASV_1856,Bacteria,Firmicutes,Clostridia,Oscillospirales  ,Oscillospiraceae  ,UCG-002   ,uncultured organism
ASV_1857,Bacteria,Bacteroidota,Bacteroidia,Bacteroidales  ,Prevotellaceae  ,Prevotella 9  ,metagenome 
ASV_1858,Bacteria,Firmicutes,Clostridia,Lachnospirales  ,Lachnospiraceae  ,Lachnospiraceae UCG-001  ,metagenome 
ASV_1859,Bacteria,Firmicutes,Clostridia,Lachnospirales  ,Lachnospiraceae  ,Sellimonas   ,uncultured bacterium
ASV_1860,Bacteria,Firmicutes,Clostridia,Lachnospirales  ,Lachnospiraceae  ,Lachnospiraceae UCG-008  ,uncultured organism
ASV_1861,Bacteria,Bacteroidota,Bacteroidia,Bacteroidales  ,Prevotellaceae  ,Prevotella   ,gut metagenome
ASV_1862,Bacteria,Firmicutes,Clostridia,Oscillospirales  ,Oscillospiraceae  ,UCG-002   ,gut metagenome
ASV_1863,Bacteria,Firmicutes,Clostridia,Lachnospirales  ,Lachnospiraceae  ,uncultured   ,uncultured Eubacterium
ASV_1864,Bacteria,Firmicutes,Clostridia,Lachnospirales  ,Lachnospiraceae  ,uncultured   ,human gut
ASV_1865,Bacteria,Firmicutes,Negativicutes,Acidaminococcales  ,Acidaminococcaceae  ,Acidaminococcus   ,uncultured organism
ASV_1866,Bacteria,Bacteroidota,Bacteroidia,Bacteroidales  ,Prevotellaceae  ,Paraprevotella   ,Paraprevotella xylaniphila
ASV_1867,Bacteria,Proteobacteria,Gammaproteobacteria,Burkholderiales  ,Sutterellaceae  ,Parasutterella   ,uncultured organism
ASV_1868,Bacteria,Bacteroidota,Bacteroidia,Bacteroidales  ,NA,NA,NA
ASV_1869,Bacteria,Firmicutes,Clostridia,Lachnospirales  ,Lachnospiraceae  ,Eubacterium hallii group ,uncultured organism
ASV_1870,Bacteria,Firmicutes,Clostridia,Clostridia vadinBB60 group,Clostridia vadinBB60 group,Clostridia vadinBB60 group ,uncultured Thermoanaerobacterales
ASV_1871,Bacteria,Firmicutes,Clostridia,Lachnospirales  ,Lachnospiraceae  ,GCA-900066575   ,NA
ASV_1872,Bacteria,Bacteroidota,Bacteroidia,Bacteroidales  ,Bacteroidaceae  ,Bacteroides   ,Bacteroides vulgatus
ASV_1873,Bacteria,Bacteroidota,Bacteroidia,Bacteroidales  ,Prevotellaceae  ,Paraprevotella   ,Paraprevotella clara
ASV_1874,Bacteria,Firmicutes,Clostridia,Christensenellales  ,Christensenellaceae  ,Christensenellaceae R-7 group ,human gut
ASV_1875,Bacteria,Firmicutes,Clostridia,Oscillospirales  ,Oscillospiraceae  ,UCG-005   ,gut metagenome
ASV_1876,Bacteria,Firmicutes,Clostridia,Clostridia vadinBB60 group,Clostridia vadinBB60 group,Clostridia vadinBB60 group ,uncultured bacterium
ASV_1877,Bacteria,Bacteroidota,Bacteroidia,Bacteroidales  ,Rikenellaceae  ,Alistipes   ,Alistipes sp.
ASV_1878,Bacteria,Firmicutes,Clostridia,Oscillospirales  ,Butyricicoccaceae  ,Butyricicoccus   ,NA
ASV_1879,Bacteria,Firmicutes,Clostridia,Lachnospirales  ,Lachnospiraceae  ,Agathobacter   ,uncultured bacterium
ASV_1880,Bacteria,Firmicutes,Clostridia,Oscillospirales  ,Butyricicoccaceae  ,Butyricicoccus   ,uncultured organism
ASV_1881,Bacteria,Bacteroidota,Bacteroidia,Bacteroidales  ,Prevotellaceae  ,Paraprevotella   ,uncultured bacterium
ASV_1882,Bacteria,Actinobacteriota,Actinobacteria,Bifidobacteriales  ,Bifidobacteriaceae  ,Bifidobacterium   ,Bifidobacterium catenulatum
ASV_1883,Bacteria,Proteobacteria,Alphaproteobacteria,Rhodospirillales  ,uncultured  ,uncultured   ,gut metagenome
ASV_1884,Bacteria,Firmicutes,Clostridia,Oscillospirales  ,Ruminococcaceae  ,Ruminococcus   ,Ruminococcus bicirculans
ASV_1885,Bacteria,Firmicutes,Clostridia,Lachnospirales  ,Lachnospiraceae  ,Lachnoclostridium   ,human gut
ASV_1886,Bacteria,Firmicutes,Clostridia,Oscillospirales  ,Ruminococcaceae  ,Negativibacillus   ,NA
ASV_1887,Bacteria,Actinobacteriota,Coriobacteriia,Coriobacteriales  ,Eggerthellaceae  ,Eggerthella   ,uncultured bacterium
ASV_1888,Bacteria,Firmicutes,Bacilli,Staphylococcales  ,Gemellaceae  ,Gemella   ,uncultured organism
ASV_1889,Bacteria,Bacteroidota,Bacteroidia,Bacteroidales  ,Bacteroidaceae  ,Bacteroides   ,Bacteroides vulgatus
ASV_1890,Bacteria,Bacteroidota,Bacteroidia,Bacteroidales  ,Bacteroidaceae  ,Bacteroides   ,Bacteroides fragilis
ASV_1891,Bacteria,Bacteroidota,Bacteroidia,Bacteroidales  ,Barnesiellaceae  ,Coprobacter   ,uncultured organism
ASV_1892,Bacteria,Firmicutes,Clostridia,Lachnospirales  ,Lachnospiraceae  ,uncultured   ,human gut
ASV_1893,Bacteria,Firmicutes,Clostridia,Lachnospirales  ,Lachnospiraceae  ,Ruminococcus torques group ,uncultured organism
ASV_1894,Bacteria,Firmicutes,Clostridia,Lachnospirales  ,Lachnospiraceae  ,Lachnoclostridium   ,human gut
ASV_1895,Bacteria,Firmicutes,Clostridia,Christensenellales  ,Christensenellaceae  ,Christensenellaceae R-7 group ,uncultured prokaryote
ASV_1896,Bacteria,Bacteroidota,Bacteroidia,Bacteroidales  ,Prevotellaceae  ,Paraprevotella   ,Paraprevotella clara
ASV_1897,Bacteria,Firmicutes,Clostridia,Oscillospirales  ,Oscillospiraceae  ,Flavonifractor   ,uncultured bacterium
ASV_1898,Bacteria,Bacteroidota,Bacteroidia,Bacteroidales  ,Rikenellaceae  ,Alistipes   ,Bacteroides sp.
ASV_1899,Bacteria,Firmicutes,Clostridia,Clostridiales  ,Clostridiaceae  ,Clostridium sensu stricto 1,metagenome 
ASV_1900,Bacteria,Firmicutes,Clostridia,Lachnospirales  ,Lachnospiraceae  ,uncultured   ,uncultured Eubacterium
ASV_1901,Bacteria,Firmicutes,Clostridia,Oscillospirales  ,Ruminococcaceae  ,Angelakisella   ,uncultured bacterium
ASV_1902,Bacteria,Firmicutes,Bacilli,Erysipelotrichales  ,Erysipelotrichaceae  ,Clostridium innocuum group ,uncultured bacterium
ASV_1903,Bacteria,Bacteroidota,Bacteroidia,Bacteroidales  ,Bacteroidaceae  ,Bacteroides   ,Bacteroides massiliensis
ASV_1904,Bacteria,Firmicutes,Clostridia,Lachnospirales  ,Lachnospiraceae  ,Eubacterium hallii group ,uncultured organism
ASV_1905,Bacteria,Bacteroidota,Bacteroidia,Bacteroidales  ,Prevotellaceae  ,Prevotella 9  ,uncultured organism
ASV_1906,Bacteria,Firmicutes,Clostridia,Lachnospirales  ,Lachnospiraceae  ,Lachnoclostridium   ,human gut
ASV_1907,Bacteria,Bacteroidota,Bacteroidia,Bacteroidales  ,Tannerellaceae  ,Parabacteroides   ,Parabacteroides merdae
ASV_1908,Bacteria,Firmicutes,Clostridia,Lachnospirales  ,Lachnospiraceae  ,Hungatella   ,uncultured bacterium
ASV_1909,Bacteria,Bacteroidota,Bacteroidia,Bacteroidales  ,Rikenellaceae  ,Alistipes   ,Alistipes shahii
ASV_1910,Bacteria,Bacteroidota,Bacteroidia,Bacteroidales  ,Bacteroidaceae  ,Bacteroides   ,Bacteroides eggerthii
ASV_1911,Bacteria,Bacteroidota,Bacteroidia,Bacteroidales  ,Tannerellaceae  ,Parabacteroides   ,Parabacteroides distasonis
ASV_1912,Bacteria,Bacteroidota,Bacteroidia,Bacteroidales  ,Rikenellaceae  ,Alistipes   ,Bacteroides sp.
ASV_1913,Bacteria,Bacteroidota,Bacteroidia,Bacteroidales  ,Tannerellaceae  ,Parabacteroides   ,Parabacteroides distasonis
ASV_1914,Bacteria,Firmicutes,Negativicutes,Veillonellales-Selenomonadales  ,Veillonellaceae  ,Dialister   ,NA
ASV_1915,Bacteria,Firmicutes,Clostridia,Oscillospirales  ,Ruminococcaceae  ,NA,NA
ASV_1916,Bacteria,Bacteroidota,Bacteroidia,Bacteroidales  ,Rikenellaceae  ,Alistipes   ,Alistipes shahii
ASV_1917,Bacteria,Firmicutes,Clostridia,NA,NA,NA,NA
ASV_1918,Bacteria,Firmicutes,Clostridia,Lachnospirales  ,Lachnospiraceae  ,Lachnospiraceae UCG-004  ,uncultured organism
ASV_1919,Bacteria,Firmicutes,Bacilli,Izemoplasmatales  ,Izemoplasmatales  ,Izemoplasmatales   ,gut metagenome
ASV_1920,Bacteria,Firmicutes,Bacilli,Lactobacillales  ,Streptococcaceae  ,Streptococcus   ,Streptococcus salivarius
ASV_1921,Bacteria,Firmicutes,Clostridia,Oscillospirales  ,Eubacterium coprostanoligenes group,Eubacterium coprostanoligenes group ,gut metagenome
ASV_1922,Bacteria,Firmicutes,Clostridia,Lachnospirales  ,Lachnospiraceae  ,Blautia   ,uncultured Lachnospiraceae
ASV_1923,Bacteria,Firmicutes,Clostridia,Lachnospirales  ,Lachnospiraceae  ,Agathobacter   ,uncultured bacterium
ASV_1924,Bacteria,Firmicutes,Bacilli,Lactobacillales  ,Streptococcaceae  ,Streptococcus   ,Streptococcus australis
ASV_1925,Bacteria,Bacteroidota,Bacteroidia,Bacteroidales  ,Bacteroidaceae  ,Bacteroides   ,Bacteroides ovatus
ASV_1926,Bacteria,Firmicutes,Clostridia,Peptostreptococcales-Tissierellales  ,Peptostreptococcaceae  ,Romboutsia   ,uncultured bacterium
ASV_1927,Bacteria,Desulfobacterota,Desulfovibrionia,Desulfovibrionales  ,Desulfovibrionaceae  ,Desulfovibrio   ,gut metagenome
ASV_1928,Bacteria,Firmicutes,Clostridia,Lachnospirales  ,Lachnospiraceae  ,Eubacterium xylanophilum group ,uncultured organism
ASV_1929,Bacteria,Firmicutes,Clostridia,Lachnospirales  ,Lachnospiraceae  ,Agathobacter   ,Eubacterium ramulus
ASV_1930,Bacteria,Firmicutes,Clostridia,Oscillospirales  ,Eubacterium coprostanoligenes group,Eubacterium coprostanoligenes group ,gut metagenome
ASV_1931,Bacteria,Proteobacteria,Alphaproteobacteria,Rhodospirillales  ,uncultured  ,uncultured   ,Azospirillum sp.
ASV_1932,Bacteria,Firmicutes,Clostridia,Peptococcales  ,Peptococcaceae  ,Peptococcus   ,NA
ASV_1933,Bacteria,Firmicutes,Clostridia,Oscillospirales  ,Ruminococcaceae  ,Faecalibacterium   ,NA
ASV_1934,Bacteria,Firmicutes,Clostridia,Lachnospirales  ,Lachnospiraceae  ,Coprococcus   ,Lachnospiraceae bacterium
ASV_1935,Bacteria,Firmicutes,Clostridia,Oscillospirales  ,Oscillospiraceae  ,NA,NA
ASV_1936,Bacteria,Firmicutes,Clostridia,Oscillospirales  ,Oscillospiraceae  ,UCG-002   ,gut metagenome
ASV_1937,Bacteria,Bacteroidota,Bacteroidia,Bacteroidales  ,Bacteroidaceae  ,Bacteroides   ,Bacteroides clarus
ASV_1938,Bacteria,Bacteroidota,Bacteroidia,Bacteroidales  ,Tannerellaceae  ,Parabacteroides   ,Parabacteroides distasonis
ASV_1939,Bacteria,Bacteroidota,Bacteroidia,Bacteroidales  ,Bacteroidaceae  ,Bacteroides   ,Bacteroides cellulosilyticus
ASV_1940,Bacteria,Proteobacteria,Gammaproteobacteria,Burkholderiales  ,Sutterellaceae  ,Parasutterella   ,uncultured organism
ASV_1941,Bacteria,Firmicutes,Clostridia,Lachnospirales  ,Lachnospiraceae  ,Eubacterium hallii group ,uncultured organism
ASV_1942,Bacteria,Firmicutes,Clostridia,Lachnospirales  ,Lachnospiraceae  ,uncultured   ,metagenome 
ASV_1943,Bacteria,Firmicutes,Clostridia,Oscillospirales  ,Ruminococcaceae  ,CAG-352   ,uncultured bacterium
ASV_1944,Bacteria,Bacteroidota,Bacteroidia,Bacteroidales  ,Bacteroidaceae  ,Bacteroides   ,Bacteroides fragilis
ASV_1945,Bacteria,Firmicutes,Clostridia,NA,NA,NA,NA
ASV_1946,Bacteria,Firmicutes,Clostridia,Lachnospirales  ,Lachnospiraceae  ,Eubacterium hallii group ,uncultured organism
ASV_1947,Bacteria,Bacteroidota,Bacteroidia,Bacteroidales  ,Bacteroidaceae  ,Bacteroides   ,Bacteroides uniformis
ASV_1948,Bacteria,Firmicutes,Clostridia,Oscillospirales  ,Ruminococcaceae  ,uncultured   ,gut metagenome
ASV_1949,Bacteria,Bacteroidota,Bacteroidia,Bacteroidales  ,Rikenellaceae  ,Alistipes   ,Alistipes sp.
ASV_1950,Bacteria,Firmicutes,Clostridia,Oscillospirales  ,Oscillospiraceae  ,Flavonifractor   ,uncultured bacterium
ASV_1951,Archaea,Euryarchaeota,Methanobacteria,Methanobacteriales  ,Methanobacteriaceae  ,Methanobrevibacter   ,Methanobrevibacter smithii
ASV_1952,Bacteria,Firmicutes,Clostridia,Lachnospirales  ,Lachnospiraceae  ,Blautia   ,Blautia sp.
ASV_1953,Bacteria,Desulfobacterota,Desulfovibrionia,Desulfovibrionales  ,Desulfovibrionaceae  ,Bilophila   ,Bilophila wadsworthia
ASV_1954,Bacteria,Firmicutes,Clostridia,Lachnospirales  ,Lachnospiraceae  ,Lachnospiraceae UCG-004  ,uncultured organism
ASV_1955,Bacteria,Firmicutes,Negativicutes,Acidaminococcales  ,Acidaminococcaceae  ,Acidaminococcus   ,uncultured organism
ASV_1956,Bacteria,Actinobacteriota,Actinobacteria,Bifidobacteriales  ,Bifidobacteriaceae  ,Bifidobacterium   ,Bifidobacterium longum
ASV_1957,Bacteria,Cyanobacteria,Vampirivibrionia,Gastranaerophilales  ,Gastranaerophilales  ,Gastranaerophilales   ,uncultured bacterium
ASV_1958,Bacteria,Firmicutes,Clostridia,Lachnospirales  ,Lachnospiraceae  ,Eubacterium hallii group ,uncultured organism
ASV_1959,Bacteria,Bacteroidota,Bacteroidia,Bacteroidales  ,Tannerellaceae  ,Parabacteroides   ,Parabacteroides merdae
ASV_1960,Bacteria,Bacteroidota,Bacteroidia,Bacteroidales  ,Bacteroidaceae  ,Bacteroides   ,Bacteroides vulgatus
ASV_1961,Bacteria,Firmicutes,Clostridia,Oscillospirales  ,Ruminococcaceae  ,Eubacterium siraeum group ,Eubacterium siraeum
ASV_1962,Bacteria,Firmicutes,Clostridia,Lachnospirales  ,Lachnospiraceae  ,Lachnospiraceae UCG-008  ,uncultured organism
ASV_1963,Bacteria,Firmicutes,Clostridia,Lachnospirales  ,Lachnospiraceae  ,Lachnospiraceae UCG-001  ,metagenome 
ASV_1964,Bacteria,Proteobacteria,Alphaproteobacteria,Rhodospirillales  ,uncultured  ,uncultured   ,Azospirillum sp.
ASV_1965,Bacteria,Firmicutes,Clostridia,Christensenellales  ,Christensenellaceae  ,Christensenellaceae R-7 group ,uncultured Spirochaetales
ASV_1966,Bacteria,Firmicutes,Clostridia,Lachnospirales  ,Lachnospiraceae  ,Tyzzerella   ,Anaerotignum lactatifermentans
ASV_1967,Bacteria,Firmicutes,Clostridia,Oscillospirales  ,Ruminococcaceae  ,NA,NA
ASV_1968,Bacteria,Proteobacteria,Gammaproteobacteria,Burkholderiales  ,Sutterellaceae  ,Sutterella   ,NA
ASV_1969,Bacteria,Firmicutes,Clostridia,Oscillospirales  ,Oscillospiraceae  ,UCG-002   ,Trichuris trichiura
ASV_1970,Bacteria,Firmicutes,Clostridia,Lachnospirales  ,Lachnospiraceae  ,Agathobacter   ,uncultured bacterium
ASV_1971,Bacteria,Firmicutes,Negativicutes,Veillonellales-Selenomonadales  ,Veillonellaceae  ,Dialister   ,Dialister sp.
ASV_1972,Bacteria,Firmicutes,Clostridia,Monoglobales  ,Monoglobaceae  ,Monoglobus   ,uncultured organism
ASV_1973,Bacteria,Firmicutes,Clostridia,Lachnospirales  ,Lachnospiraceae  ,Anaerostipes   ,NA
ASV_1974,Bacteria,Firmicutes,Clostridia,Clostridia UCG-014 ,Clostridia UCG-014 ,Clostridia UCG-014  ,gut metagenome
ASV_1975,Bacteria,Firmicutes,Clostridia,Lachnospirales  ,Lachnospiraceae  ,Lachnoclostridium   ,Clostridium asparagiforme
ASV_1976,Bacteria,Firmicutes,Clostridia,Oscillospirales  ,Ruminococcaceae  ,uncultured   ,human gut
ASV_1977,Bacteria,Firmicutes,Clostridia,Lachnospirales  ,Lachnospiraceae  ,Lachnoclostridium   ,Clostridium glycyrrhizinilyticum
ASV_1978,Bacteria,Firmicutes,Negativicutes,Acidaminococcales  ,Acidaminococcaceae  ,Phascolarctobacterium   ,uncultured organism
ASV_1979,Bacteria,Actinobacteriota,Actinobacteria,Bifidobacteriales  ,Bifidobacteriaceae  ,Bifidobacterium   ,NA
ASV_1980,Bacteria,Bacteroidota,Bacteroidia,Bacteroidales  ,Rikenellaceae  ,Alistipes   ,Alistipes sp.
ASV_1981,Bacteria,Firmicutes,Clostridia,Oscillospirales  ,Oscillospiraceae  ,NK4A214 group  ,metagenome 
ASV_1982,Bacteria,Firmicutes,Clostridia,Lachnospirales  ,Lachnospiraceae  ,uncultured   ,metagenome 
ASV_1983,Bacteria,Firmicutes,Clostridia,Oscillospirales  ,Oscillospiraceae  ,UCG-005   ,uncultured organism
ASV_1984,Bacteria,Firmicutes,Clostridia,Lachnospirales  ,Lachnospiraceae  ,NA,NA
ASV_1985,Bacteria,Firmicutes,Bacilli,Erysipelotrichales  ,Erysipelatoclostridiaceae  ,Erysipelatoclostridium   ,Erysipelatoclostridium ramosum
ASV_1986,Bacteria,Firmicutes,Clostridia,Lachnospirales  ,Lachnospiraceae  ,Lachnoclostridium   ,human gut
ASV_1987,Bacteria,Firmicutes,Clostridia,Lachnospirales  ,Lachnospiraceae  ,Lachnospiraceae UCG-010  ,uncultured organism
ASV_1988,Bacteria,Bacteroidota,Bacteroidia,Bacteroidales  ,Bacteroidaceae  ,Bacteroides   ,Bacteroides uniformis
ASV_1989,Bacteria,Bacteroidota,Bacteroidia,Bacteroidales  ,Bacteroidaceae  ,Bacteroides   ,NA
ASV_1990,Bacteria,Firmicutes,Clostridia,Oscillospirales  ,Ruminococcaceae  ,Faecalibacterium   ,NA
ASV_1991,Bacteria,Bacteroidota,Bacteroidia,Bacteroidales  ,Tannerellaceae  ,Parabacteroides   ,Parabacteroides distasonis
ASV_1992,Bacteria,Bacteroidota,Bacteroidia,Bacteroidales  ,Rikenellaceae  ,Alistipes   ,Alistipes obesi
ASV_1993,Bacteria,Bacteroidota,Bacteroidia,Bacteroidales  ,Tannerellaceae  ,Parabacteroides   ,Parabacteroides merdae
ASV_1994,Bacteria,Firmicutes,Clostridia,Clostridia vadinBB60 group,Clostridia vadinBB60 group,Clostridia vadinBB60 group ,uncultured bacterium
ASV_1995,Bacteria,Firmicutes,Clostridia,Oscillospirales  ,Eubacterium coprostanoligenes group,Eubacterium coprostanoligenes group ,gut metagenome
ASV_1996,Bacteria,Firmicutes,Clostridia,Lachnospirales  ,Lachnospiraceae  ,Lachnospira   ,NA
ASV_1997,Bacteria,Bacteroidota,Bacteroidia,Bacteroidales  ,Rikenellaceae  ,Alistipes   ,NA
ASV_1998,Bacteria,Proteobacteria,Gammaproteobacteria,Burkholderiales  ,Sutterellaceae  ,Sutterella   ,Burkholderia sp.
ASV_1999,Bacteria,Firmicutes,Clostridia,Lachnospirales  ,Lachnospiraceae  ,Eubacterium eligens group ,uncultured organism
ASV_2000,Bacteria,Firmicutes,Negativicutes,Veillonellales-Selenomonadales  ,Veillonellaceae  ,Dialister   ,Dialister sp.
ASV_2001,Bacteria,Proteobacteria,Gammaproteobacteria,Burkholderiales  ,Sutterellaceae  ,Sutterella   ,gut metagenome
ASV_2002,Bacteria,Verrucomicrobiota,Lentisphaeria,Victivallales  ,Victivallaceae  ,Victivallis   ,uncultured bacterium
ASV_2003,Bacteria,Verrucomicrobiota,Lentisphaeria,Victivallales  ,Victivallaceae  ,Victivallis   ,uncultured bacterium
ASV_2004,Bacteria,Firmicutes,Clostridia,Lachnospirales  ,Lachnospiraceae  ,Tyzzerella   ,Anaerotignum lactatifermentans
ASV_2005,Bacteria,Proteobacteria,Alphaproteobacteria,Rhodospirillales  ,uncultured  ,uncultured   ,Azospirillum sp.
ASV_2006,Bacteria,Firmicutes,Clostridia,Oscillospirales  ,Oscillospiraceae  ,uncultured   ,uncultured bacterium
ASV_2007,Bacteria,Firmicutes,Clostridia,Oscillospirales  ,Ruminococcaceae  ,Subdoligranulum   ,uncultured organism
ASV_2008,Bacteria,Bacteroidota,Bacteroidia,Bacteroidales  ,Bacteroidaceae  ,Bacteroides   ,Bacteroides uniformis
ASV_2009,Bacteria,Firmicutes,Clostridia,Oscillospirales  ,Oscillospiraceae  ,UCG-002   ,gut metagenome
ASV_2010,Bacteria,Firmicutes,Clostridia,Oscillospirales  ,Ruminococcaceae  ,Eubacterium siraeum group ,uncultured bacterium
ASV_2011,Bacteria,Bacteroidota,Bacteroidia,Bacteroidales  ,Prevotellaceae  ,Paraprevotella   ,NA
ASV_2012,Bacteria,Firmicutes,Clostridia,Lachnospirales  ,Lachnospiraceae  ,Roseburia   ,uncultured organism
ASV_2013,Bacteria,Proteobacteria,Gammaproteobacteria,Burkholderiales  ,Sutterellaceae  ,Sutterella   ,Burkholderia sp.
ASV_2014,Bacteria,Bacteroidota,Bacteroidia,Bacteroidales  ,Barnesiellaceae  ,Barnesiella   ,uncultured organism
ASV_2015,Bacteria,Bacteroidota,Bacteroidia,Bacteroidales  ,Prevotellaceae  ,Prevotella   ,Prevotella stercorea
ASV_2016,Bacteria,Firmicutes,Clostridia,Oscillospirales  ,Ruminococcaceae  ,Faecalibacterium   ,metagenome 
ASV_2017,Bacteria,Firmicutes,Clostridia,Lachnospirales  ,Lachnospiraceae  ,Ruminococcus torques group ,Ruminococcus lactaris
ASV_2018,Bacteria,Firmicutes,Clostridia,Lachnospirales  ,Lachnospiraceae  ,Blautia   ,Blautia caecimuris
ASV_2019,Bacteria,Firmicutes,Clostridia,Lachnospirales  ,Lachnospiraceae  ,Agathobacter   ,uncultured bacterium
ASV_2020,Bacteria,Firmicutes,Clostridia,Lachnospirales  ,Lachnospiraceae  ,Roseburia   ,uncultured organism
ASV_2021,Bacteria,Firmicutes,Clostridia,Oscillospirales  ,Ruminococcaceae  ,Ruminococcus   ,Ruminococcus bicirculans
ASV_2022,Bacteria,Firmicutes,Clostridia,Lachnospirales  ,Lachnospiraceae  ,uncultured   ,human gut
ASV_2023,Bacteria,Proteobacteria,Gammaproteobacteria,Burkholderiales  ,Sutterellaceae  ,Sutterella   ,Sutterellaceae bacterium
ASV_2024,Bacteria,Actinobacteriota,Coriobacteriia,Coriobacteriales  ,Eggerthellaceae  ,Eggerthella   ,uncultured bacterium
ASV_2025,Bacteria,Bacteroidota,Bacteroidia,Bacteroidales  ,Tannerellaceae  ,Parabacteroides   ,Parabacteroides distasonis
ASV_2026,Bacteria,Bacteroidota,Bacteroidia,Bacteroidales  ,Prevotellaceae  ,Prevotella 7  ,Massiliprevotella massiliensis
ASV_2027,Bacteria,Firmicutes,Clostridia,Oscillospirales  ,Ruminococcaceae  ,Subdoligranulum   ,metagenome 
ASV_2028,Bacteria,Firmicutes,Clostridia,Lachnospirales  ,Lachnospiraceae  ,Lachnospiraceae ND3007 group ,metagenome 
ASV_2029,Bacteria,Firmicutes,Negativicutes,Veillonellales-Selenomonadales  ,Veillonellaceae  ,Veillonella   ,Veillonella parvula
ASV_2030,Bacteria,Firmicutes,Clostridia,Lachnospirales  ,Lachnospiraceae  ,Lachnospiraceae UCG-008  ,uncultured organism
ASV_2031,Bacteria,Bacteroidota,Bacteroidia,Bacteroidales  ,Prevotellaceae  ,Prevotella 9  ,uncultured organism
ASV_2032,Bacteria,Firmicutes,Clostridia,Lachnospirales  ,Lachnospiraceae  ,Dorea   ,uncultured bacterium
ASV_2033,Bacteria,Firmicutes,Clostridia,Clostridia UCG-014 ,Clostridia UCG-014 ,Clostridia UCG-014  ,gut metagenome
ASV_2034,Bacteria,Firmicutes,Clostridia,Lachnospirales  ,Lachnospiraceae  ,Lachnoclostridium   ,Clostridium glycyrrhizinilyticum
ASV_2035,Bacteria,Proteobacteria,Gammaproteobacteria,Enterobacterales  ,Pasteurellaceae  ,Haemophilus   ,uncultured bacterium
ASV_2036,Bacteria,Firmicutes,Clostridia,Oscillospirales  ,Oscillospiraceae  ,Colidextribacter   ,Anaerostipes hadrus
ASV_2037,Bacteria,Bacteroidota,Bacteroidia,Bacteroidales  ,Prevotellaceae  ,Paraprevotella   ,Paraprevotella clara
ASV_2038,Bacteria,Firmicutes,Clostridia,Lachnospirales  ,Lachnospiraceae  ,Hungatella   ,uncultured bacterium
ASV_2039,Bacteria,Firmicutes,Clostridia,Lachnospirales  ,Lachnospiraceae  ,Ruminococcus torques group ,NA
ASV_2040,Bacteria,Firmicutes,Clostridia,Oscillospirales  ,Ruminococcaceae  ,CAG-352   ,NA
ASV_2041,Bacteria,Proteobacteria,Gammaproteobacteria,Burkholderiales  ,Sutterellaceae  ,Sutterella   ,Burkholderia sp.
ASV_2042,Bacteria,Firmicutes,Clostridia,Lachnospirales  ,Lachnospiraceae  ,Blautia   ,uncultured Blautia
ASV_2043,Bacteria,Firmicutes,Clostridia,Oscillospirales  ,Oscillospiraceae  ,uncultured   ,uncultured organism
ASV_2044,Bacteria,Firmicutes,Clostridia,Lachnospirales  ,Lachnospiraceae  ,Eubacterium xylanophilum group ,uncultured organism
ASV_2045,Bacteria,Firmicutes,Clostridia,Oscillospirales  ,Ruminococcaceae  ,Faecalibacterium   ,NA
ASV_2046,Bacteria,Firmicutes,Clostridia,Oscillospirales  ,Ruminococcaceae  ,Faecalibacterium   ,NA
ASV_2047,Bacteria,Firmicutes,Clostridia,Lachnospirales  ,Lachnospiraceae  ,Lachnospiraceae UCG-004  ,uncultured organism
ASV_2048,Bacteria,Firmicutes,Clostridia,Oscillospirales  ,Ruminococcaceae  ,Incertae Sedis  ,Carnobacterium sp.
ASV_2049,Bacteria,Bacteroidota,Bacteroidia,Bacteroidales  ,Tannerellaceae  ,Parabacteroides   ,Parabacteroides distasonis
ASV_2050,Bacteria,Firmicutes,Clostridia,Lachnospirales  ,Lachnospiraceae  ,Eubacterium xylanophilum group ,metagenome 
ASV_2051,Bacteria,Bacteroidota,Bacteroidia,Bacteroidales  ,Bacteroidaceae  ,Bacteroides   ,Bacteroides vulgatus
ASV_2052,Bacteria,Firmicutes,Clostridia,Lachnospirales  ,Lachnospiraceae  ,Dorea   ,uncultured Dorea
ASV_2053,Bacteria,Firmicutes,Clostridia,Oscillospirales  ,Butyricicoccaceae  ,Butyricicoccus   ,uncultured organism
ASV_2054,Bacteria,Firmicutes,Clostridia,Lachnospirales  ,Lachnospiraceae  ,Blautia   ,Blautia caecimuris
ASV_2055,Bacteria,Actinobacteriota,Actinobacteria,Bifidobacteriales  ,Bifidobacteriaceae  ,Bifidobacterium   ,NA
ASV_2056,Bacteria,Firmicutes,Clostridia,Lachnospirales  ,Lachnospiraceae  ,Ruminococcus torques group ,Ruminococcus lactaris
ASV_2057,Bacteria,Bacteroidota,Bacteroidia,Bacteroidales  ,Bacteroidaceae  ,Bacteroides   ,Bacteroides thetaiotaomicron
ASV_2058,Bacteria,Firmicutes,Clostridia,Oscillospirales  ,Ruminococcaceae  ,Incertae Sedis  ,uncultured organism
ASV_2059,Bacteria,Bacteroidota,Bacteroidia,Bacteroidales  ,Bacteroidaceae  ,Bacteroides   ,Bacteroides intestinalis
ASV_2060,Bacteria,Bacteroidota,Bacteroidia,Bacteroidales  ,Bacteroidaceae  ,Bacteroides   ,Bacteroides ovatus
ASV_2061,Bacteria,Firmicutes,Clostridia,Oscillospirales  ,Oscillospiraceae  ,UCG-003   ,uncultured bacterium
ASV_2062,Bacteria,Firmicutes,Clostridia,Lachnospirales  ,Lachnospiraceae  ,Ruminococcus torques group ,Ruminococcus faecis
ASV_2063,Bacteria,Firmicutes,Clostridia,Oscillospirales  ,Ruminococcaceae  ,Faecalibacterium   ,NA
ASV_2064,Bacteria,Bacteroidota,Bacteroidia,Bacteroidales  ,Muribaculaceae  ,Muribaculaceae   ,uncultured bacterium
ASV_2065,Bacteria,Firmicutes,Clostridia,Oscillospirales  ,Ruminococcaceae  ,Subdoligranulum   ,uncultured organism
ASV_2066,Bacteria,Bacteroidota,Bacteroidia,Bacteroidales  ,Bacteroidaceae  ,Bacteroides   ,Bacteroides uniformis
ASV_2067,Bacteria,Bacteroidota,Bacteroidia,Bacteroidales  ,Bacteroidaceae  ,Bacteroides   ,Bacteroides vulgatus
ASV_2068,Bacteria,Bacteroidota,Bacteroidia,Bacteroidales  ,Bacteroidaceae  ,Bacteroides   ,Bacteroides vulgatus
ASV_2069,Bacteria,Bacteroidota,Bacteroidia,Bacteroidales  ,Tannerellaceae  ,Parabacteroides   ,Parabacteroides distasonis
ASV_2070,Bacteria,Firmicutes,Clostridia,Oscillospirales  ,Ruminococcaceae  ,Incertae Sedis  ,Carnobacterium sp.
ASV_2071,Bacteria,Firmicutes,Clostridia,Lachnospirales  ,Lachnospiraceae  ,Dorea   ,uncultured bacterium
ASV_2072,Bacteria,Firmicutes,Clostridia,Oscillospirales  ,Oscillospiraceae  ,Flavonifractor   ,uncultured bacterium
ASV_2073,Bacteria,Firmicutes,Clostridia,Oscillospirales  ,Oscillospiraceae  ,uncultured   ,Clostridium sp.
ASV_2074,Bacteria,Bacteroidota,Bacteroidia,Bacteroidales  ,Prevotellaceae  ,Prevotella   ,Prevotella timonensis
ASV_2075,Bacteria,Bacteroidota,Bacteroidia,Bacteroidales  ,Bacteroidaceae  ,Bacteroides   ,Bacteroides uniformis
ASV_2076,Bacteria,Firmicutes,Clostridia,Oscillospirales  ,Oscillospiraceae  ,UCG-002   ,uncultured Firmicutes
ASV_2077,Bacteria,Firmicutes,Clostridia,Lachnospirales  ,Lachnospiraceae  ,Ruminococcus torques group ,uncultured organism
ASV_2078,Bacteria,Firmicutes,Clostridia,Lachnospirales  ,Lachnospiraceae  ,uncultured   ,uncultured organism
ASV_2079,Bacteria,Firmicutes,Clostridia,Christensenellales  ,Christensenellaceae  ,Christensenellaceae R-7 group ,human gut
ASV_2080,Bacteria,Firmicutes,Clostridia,Peptostreptococcales-Tissierellales  ,Peptostreptococcaceae  ,Romboutsia   ,uncultured bacterium
ASV_2081,Bacteria,Firmicutes,Clostridia,Lachnospirales  ,Lachnospiraceae  ,Roseburia   ,uncultured Roseburia
ASV_2082,Bacteria,Firmicutes,Bacilli,Lactobacillales  ,Streptococcaceae  ,Streptococcus   ,Streptococcus salivarius
ASV_2083,Bacteria,Bacteroidota,Bacteroidia,Bacteroidales  ,Bacteroidaceae  ,Bacteroides   ,Bacteroides vulgatus
ASV_2084,Bacteria,Firmicutes,Clostridia,Oscillospirales  ,Oscillospiraceae  ,Oscillibacter   ,human gut
ASV_2085,Bacteria,Bacteroidota,Bacteroidia,Bacteroidales  ,Bacteroidaceae  ,Bacteroides   ,Bacteroides clarus
ASV_2086,Bacteria,Firmicutes,Clostridia,Lachnospirales  ,Lachnospiraceae  ,Lachnospiraceae ND3007 group ,metagenome 
ASV_2087,Bacteria,Bacteroidota,Bacteroidia,Bacteroidales  ,Bacteroidaceae  ,Bacteroides   ,Bacteroides coprocola
ASV_2088,Bacteria,Firmicutes,Clostridia,Oscillospirales  ,Butyricicoccaceae  ,UCG-009   ,uncultured organism
ASV_2089,Bacteria,Firmicutes,Negativicutes,Veillonellales-Selenomonadales  ,Veillonellaceae  ,Veillonella   ,Veillonella parvula
ASV_2090,Bacteria,Actinobacteriota,Actinobacteria,Bifidobacteriales  ,Bifidobacteriaceae  ,Bifidobacterium   ,Bifidobacterium catenulatum
ASV_2091,Bacteria,Firmicutes,Clostridia,Oscillospirales  ,Eubacterium coprostanoligenes group,Eubacterium coprostanoligenes group ,human gut
ASV_2092,Bacteria,Firmicutes,Clostridia,Oscillospirales  ,Oscillospiraceae  ,UCG-002   ,uncultured Firmicutes
ASV_2093,Bacteria,Proteobacteria,Alphaproteobacteria,Rhodospirillales  ,uncultured  ,uncultured   ,uncultured organism
ASV_2094,Bacteria,Bacteroidota,Bacteroidia,Bacteroidales  ,Bacteroidaceae  ,Bacteroides   ,NA
ASV_2095,Bacteria,Firmicutes,Clostridia,Lachnospirales  ,Lachnospiraceae  ,Ruminococcus torques group ,Ruminococcus faecis
ASV_2096,Bacteria,Firmicutes,Clostridia,Lachnospirales  ,Lachnospiraceae  ,Tyzzerella   ,unidentified 
ASV_2097,Bacteria,Firmicutes,Clostridia,Oscillospirales  ,Ruminococcaceae  ,Ruminococcus   ,NA
ASV_2098,Bacteria,Bacteroidota,Bacteroidia,Bacteroidales  ,Dysgonomonadaceae  ,Dysgonomonas   ,Dysgonomonas capnocytophagoides
ASV_2099,Bacteria,Bacteroidota,Bacteroidia,Bacteroidales  ,Prevotellaceae  ,Paraprevotella   ,uncultured bacterium
ASV_2100,Bacteria,Firmicutes,Clostridia,Oscillospirales  ,Butyricicoccaceae  ,Butyricicoccus   ,uncultured organism
ASV_2101,Bacteria,Firmicutes,Clostridia,Lachnospirales  ,Lachnospiraceae  ,Blautia   ,Blautia coccoides
ASV_2102,Bacteria,Firmicutes,Clostridia,Lachnospirales  ,Lachnospiraceae  ,Eubacterium xylanophilum group ,uncultured organism
ASV_2103,Bacteria,Firmicutes,Clostridia,Lachnospirales  ,Lachnospiraceae  ,Lachnospiraceae UCG-004  ,uncultured organism
ASV_2104,Bacteria,Bacteroidota,Bacteroidia,Bacteroidales  ,Prevotellaceae  ,Paraprevotella   ,Paraprevotella xylaniphila
ASV_2105,Bacteria,Firmicutes,Clostridia,Oscillospirales  ,Ruminococcaceae  ,Faecalibacterium   ,NA
ASV_2106,Bacteria,Bacteroidota,Bacteroidia,Bacteroidales  ,Bacteroidaceae  ,Bacteroides   ,Bacteroides coprocola
ASV_2107,Bacteria,Bacteroidota,Bacteroidia,Bacteroidales  ,Tannerellaceae  ,Parabacteroides   ,Parabacteroides distasonis
ASV_2108,Bacteria,Bacteroidota,Bacteroidia,Bacteroidales  ,Prevotellaceae  ,Prevotella 9  ,uncultured organism
ASV_2109,Bacteria,Bacteroidota,Bacteroidia,Bacteroidales  ,Tannerellaceae  ,Parabacteroides   ,Parabacteroides distasonis
ASV_2110,Bacteria,Firmicutes,Clostridia,Oscillospirales  ,Ruminococcaceae  ,Anaerotruncus   ,uncultured organism
ASV_2111,Bacteria,Bacteroidota,Bacteroidia,Bacteroidales  ,Bacteroidaceae  ,Bacteroides   ,NA
ASV_2112,Bacteria,Firmicutes,Clostridia,Lachnospirales  ,Lachnospiraceae  ,Lachnospira   ,gut metagenome
ASV_2113,Bacteria,Bacteroidota,Bacteroidia,Bacteroidales  ,Bacteroidaceae  ,Bacteroides   ,Bacteroides ovatus
ASV_2114,Bacteria,Proteobacteria,Gammaproteobacteria,Burkholderiales  ,Sutterellaceae  ,Sutterella   ,Sutterellaceae bacterium
ASV_2115,Bacteria,Firmicutes,Clostridia,Lachnospirales  ,Lachnospiraceae  ,Lachnoclostridium   ,NA
ASV_2116,Bacteria,Actinobacteriota,Actinobacteria,Bifidobacteriales  ,Bifidobacteriaceae  ,Bifidobacterium   ,Bifidobacterium longum
ASV_2117,Bacteria,Firmicutes,Clostridia,Lachnospirales  ,Lachnospiraceae  ,Lachnospira   ,uncultured organism
ASV_2118,Bacteria,Firmicutes,Clostridia,Oscillospirales  ,Ruminococcaceae  ,uncultured   ,gut metagenome
ASV_2119,Bacteria,Proteobacteria,Gammaproteobacteria,Burkholderiales  ,Sutterellaceae  ,Parasutterella   ,uncultured organism
ASV_2120,Bacteria,Firmicutes,Clostridia,Oscillospirales  ,Oscillospiraceae  ,Oscillibacter   ,human gut
ASV_2121,Bacteria,Bacteroidota,Bacteroidia,Bacteroidales  ,Bacteroidaceae  ,Bacteroides   ,Bacteroides ovatus
ASV_2122,Bacteria,Firmicutes,Clostridia,Oscillospirales  ,Oscillospiraceae  ,Intestinimonas   ,NA
ASV_2123,Bacteria,Firmicutes,Clostridia,Lachnospirales  ,Lachnospiraceae  ,Eubacterium xylanophilum group ,uncultured organism
ASV_2124,Bacteria,Firmicutes,Clostridia,Lachnospirales  ,Lachnospiraceae  ,Blautia   ,Blautia caecimuris
ASV_2125,Bacteria,Bacteroidota,Bacteroidia,Bacteroidales  ,Tannerellaceae  ,Parabacteroides   ,Parabacteroides distasonis
ASV_2126,Bacteria,Firmicutes,Clostridia,Lachnospirales  ,Lachnospiraceae  ,Blautia   ,Blautia stercoris
ASV_2127,Bacteria,Firmicutes,Clostridia,Oscillospirales  ,UCG-010  ,UCG-010   ,uncultured bacterium
ASV_2128,Bacteria,Firmicutes,NA,NA,NA,NA,NA
ASV_2129,Bacteria,Bacteroidota,Bacteroidia,Bacteroidales  ,Bacteroidaceae  ,Bacteroides   ,Bacteroides ovatus
ASV_2130,Bacteria,Firmicutes,NA,NA,NA,NA,NA
ASV_2131,Bacteria,Firmicutes,NA,NA,NA,NA,NA
ASV_2132,Bacteria,Firmicutes,Clostridia,Oscillospirales  ,Butyricicoccaceae  ,Butyricicoccus   ,uncultured organism
ASV_2133,Bacteria,Firmicutes,Clostridia,NA,NA,NA,NA
ASV_2134,Bacteria,Firmicutes,Clostridia,Oscillospirales  ,Ruminococcaceae  ,CAG-352   ,NA
ASV_2135,Bacteria,Firmicutes,Clostridia,Lachnospirales  ,Lachnospiraceae  ,Dorea   ,uncultured bacterium
ASV_2136,Bacteria,Actinobacteriota,Actinobacteria,Bifidobacteriales  ,Bifidobacteriaceae  ,Bifidobacterium   ,NA
ASV_2137,Bacteria,Firmicutes,Clostridia,Lachnospirales  ,Lachnospiraceae  ,Lachnospiraceae UCG-004  ,uncultured organism
ASV_2138,Bacteria,Bacteroidota,Bacteroidia,Bacteroidales  ,Bacteroidaceae  ,Bacteroides   ,Bacteroides salyersiae
ASV_2139,Bacteria,Firmicutes,Clostridia,Lachnospirales  ,Lachnospiraceae  ,Agathobacter   ,Eubacterium ramulus
ASV_2140,Bacteria,Bacteroidota,Bacteroidia,Bacteroidales  ,Bacteroidaceae  ,Bacteroides   ,Bacteroides uniformis
ASV_2141,Bacteria,Firmicutes,Clostridia,NA,NA,NA,NA
ASV_2142,Bacteria,Firmicutes,Clostridia,Lachnospirales  ,Lachnospiraceae  ,Frisingicoccus   ,uncultured organism
ASV_2143,Bacteria,Firmicutes,Bacilli,Izemoplasmatales  ,Izemoplasmatales  ,Izemoplasmatales   ,gut metagenome
ASV_2144,Bacteria,Firmicutes,Bacilli,Lactobacillales  ,Streptococcaceae  ,Lactococcus   ,Lactococcus lactis
ASV_2145,Bacteria,Bacteroidota,Bacteroidia,Bacteroidales  ,Rikenellaceae  ,Alistipes   ,Bacteroides sp.
ASV_2146,Bacteria,Firmicutes,Clostridia,Christensenellales  ,Christensenellaceae  ,Christensenellaceae R-7 group ,uncultured Spirochaetales
ASV_2147,Bacteria,Firmicutes,Clostridia,Oscillospirales  ,Oscillospiraceae  ,Oscillibacter   ,human gut
ASV_2148,Bacteria,Bacteroidota,Bacteroidia,Bacteroidales  ,Tannerellaceae  ,Parabacteroides   ,Parabacteroides merdae
ASV_2149,Bacteria,Firmicutes,Clostridia,Oscillospirales  ,Oscillospiraceae  ,UCG-005   ,uncultured prokaryote
ASV_2150,Bacteria,Firmicutes,Bacilli,Erysipelotrichales  ,Erysipelotrichaceae  ,Holdemania   ,uncultured bacterium
ASV_2151,Bacteria,Bacteroidota,Bacteroidia,Bacteroidales  ,Rikenellaceae  ,Alistipes   ,NA
ASV_2152,Bacteria,Bacteroidota,Bacteroidia,Bacteroidales  ,Barnesiellaceae  ,Coprobacter   ,uncultured organism
ASV_2153,Bacteria,Proteobacteria,Gammaproteobacteria,Burkholderiales  ,Sutterellaceae  ,Sutterella   ,gut metagenome
ASV_2154,Bacteria,Proteobacteria,Gammaproteobacteria,Enterobacterales  ,Pasteurellaceae  ,Haemophilus   ,uncultured bacterium
ASV_2155,Bacteria,Firmicutes,Negativicutes,Acidaminococcales  ,Acidaminococcaceae  ,Phascolarctobacterium   ,uncultured organism
ASV_2156,Bacteria,Proteobacteria,Alphaproteobacteria,Rhodospirillales  ,uncultured  ,uncultured   ,uncultured organism
ASV_2157,Bacteria,Firmicutes,Clostridia,Peptostreptococcales-Tissierellales  ,Peptostreptococcaceae  ,Intestinibacter   ,uncultured bacterium
ASV_2158,Bacteria,Firmicutes,Negativicutes,Acidaminococcales  ,Acidaminococcaceae  ,Phascolarctobacterium   ,uncultured Firmicutes
ASV_2159,Bacteria,Firmicutes,Clostridia,Oscillospirales  ,Ruminococcaceae  ,Subdoligranulum   ,uncultured organism
ASV_2160,Bacteria,Actinobacteriota,Coriobacteriia,Coriobacteriales  ,Coriobacteriales Incertae Sedis,uncultured   ,gut metagenome
ASV_2161,Bacteria,Firmicutes,Clostridia,Lachnospirales  ,Lachnospiraceae  ,Eubacterium ventriosum group ,uncultured organism
ASV_2162,Bacteria,Firmicutes,Clostridia,Oscillospirales  ,Oscillospiraceae  ,Colidextribacter   ,uncultured Flavonifractor
ASV_2163,Bacteria,Firmicutes,Clostridia,Lachnospirales  ,Lachnospiraceae  ,Lachnospiraceae NK4A136 group ,NA
ASV_2164,Bacteria,Bacteroidota,Bacteroidia,Bacteroidales  ,Prevotellaceae  ,Prevotella 9  ,uncultured organism
ASV_2165,Bacteria,Bacteroidota,Bacteroidia,Bacteroidales  ,Bacteroidaceae  ,Bacteroides   ,Bacteroides thetaiotaomicron
ASV_2166,Bacteria,Bacteroidota,Bacteroidia,Bacteroidales  ,Marinifilaceae  ,Butyricimonas   ,uncultured bacterium
ASV_2167,Bacteria,Bacteroidota,Bacteroidia,Bacteroidales  ,Bacteroidaceae  ,Bacteroides   ,unidentified 
ASV_2168,Bacteria,Firmicutes,Clostridia,Lachnospirales  ,Lachnospiraceae  ,Lachnospira   ,NA
ASV_2169,Bacteria,Bacteroidota,Bacteroidia,Bacteroidales  ,Bacteroidaceae  ,Bacteroides   ,NA
ASV_2170,Bacteria,Firmicutes,Clostridia,Oscillospirales  ,Oscillospiraceae  ,Flavonifractor   ,uncultured bacterium
ASV_2171,Bacteria,Firmicutes,Bacilli,Erysipelotrichales  ,Erysipelatoclostridiaceae  ,Erysipelotrichaceae UCG-003  ,uncultured bacterium
ASV_2172,Bacteria,Bacteroidota,Bacteroidia,Bacteroidales  ,Bacteroidaceae  ,Bacteroides   ,Bacteroides eggerthii
ASV_2173,Bacteria,Firmicutes,Clostridia,Clostridiales  ,Clostridiaceae  ,Clostridium sensu stricto 1,uncultured Firmicutes
ASV_2174,Bacteria,Firmicutes,Clostridia,Lachnospirales  ,Lachnospiraceae  ,Dorea   ,uncultured Dorea
ASV_2175,Bacteria,Bacteroidota,Bacteroidia,Bacteroidales  ,Prevotellaceae  ,Paraprevotella   ,Paraprevotella clara
ASV_2176,Bacteria,Firmicutes,Clostridia,Lachnospirales  ,Lachnospiraceae  ,Eubacterium hallii group ,uncultured organism
ASV_2177,Bacteria,Firmicutes,Clostridia,Lachnospirales  ,Lachnospiraceae  ,NA,NA
ASV_2178,Bacteria,Firmicutes,Clostridia,Lachnospirales  ,Lachnospiraceae  ,Coprococcus   ,uncultured organism
ASV_2179,Bacteria,Bacteroidota,Bacteroidia,Bacteroidales  ,Bacteroidaceae  ,Bacteroides   ,Bacteroides vulgatus
ASV_2180,Bacteria,Bacteroidota,Bacteroidia,Bacteroidales  ,Tannerellaceae  ,Parabacteroides   ,Parabacteroides distasonis
ASV_2181,Bacteria,Firmicutes,Clostridia,Peptostreptococcales-Tissierellales  ,Peptostreptococcaceae  ,Romboutsia   ,uncultured bacterium
ASV_2182,Bacteria,Proteobacteria,Gammaproteobacteria,Enterobacterales  ,Pasteurellaceae  ,Haemophilus   ,Haemophilus pittmaniae
ASV_2183,Bacteria,Proteobacteria,Gammaproteobacteria,Burkholderiales  ,Sutterellaceae  ,Sutterella   ,uncultured bacterium
ASV_2184,Bacteria,Firmicutes,Negativicutes,Veillonellales-Selenomonadales  ,Veillonellaceae  ,Megasphaera   ,uncultured organism
ASV_2185,Bacteria,Firmicutes,Clostridia,Oscillospirales  ,Oscillospiraceae  ,Intestinimonas   ,Intestinimonas butyriciproducens
ASV_2186,Bacteria,Firmicutes,Clostridia,Lachnospirales  ,Lachnospiraceae  ,Roseburia   ,NA
ASV_2187,Bacteria,Firmicutes,Clostridia,Oscillospirales  ,Ruminococcaceae  ,Ruminococcus   ,uncultured Ruminococcus
ASV_2188,Bacteria,Proteobacteria,Gammaproteobacteria,Enterobacterales  ,Pasteurellaceae  ,Haemophilus   ,uncultured bacterium
ASV_2189,Bacteria,Firmicutes,Clostridia,Lachnospirales  ,Lachnospiraceae  ,Lachnospiraceae UCG-004  ,uncultured organism
ASV_2190,Bacteria,Bacteroidota,Bacteroidia,Bacteroidales  ,Bacteroidaceae  ,Bacteroides   ,Bacteroides intestinalis
ASV_2191,Bacteria,Firmicutes,Clostridia,Lachnospirales  ,Lachnospiraceae  ,Lachnospiraceae UCG-001  ,Lachnospiraceae bacterium
ASV_2192,Bacteria,Firmicutes,Bacilli,Lactobacillales  ,Streptococcaceae  ,Lactococcus   ,Lactococcus lactis
ASV_2193,Bacteria,Firmicutes,Clostridia,Lachnospirales  ,Lachnospiraceae  ,Agathobacter   ,Eubacterium ramulus
ASV_2194,Bacteria,Firmicutes,Clostridia,Lachnospirales  ,Lachnospiraceae  ,Lachnospiraceae NK4A136 group ,gut metagenome
ASV_2195,Bacteria,Firmicutes,Clostridia,Oscillospirales  ,Ruminococcaceae  ,Ruminococcus   ,Ruminococcus bicirculans
ASV_2196,Archaea,Euryarchaeota,Methanobacteria,Methanobacteriales  ,Methanobacteriaceae  ,Methanobrevibacter   ,Methanobrevibacter smithii
ASV_2197,Bacteria,Bacteroidota,Bacteroidia,Bacteroidales  ,Bacteroidaceae  ,Bacteroides   ,Bacteroides plebeius
ASV_2198,Bacteria,Firmicutes,Clostridia,Lachnospirales  ,Lachnospiraceae  ,Anaerostipes   ,metagenome 
ASV_2199,Bacteria,Bacteroidota,Bacteroidia,Bacteroidales  ,Bacteroidaceae  ,Bacteroides   ,Bacteroides uniformis
ASV_2200,Bacteria,Firmicutes,Clostridia,NA,NA,NA,NA
ASV_2201,Bacteria,Firmicutes,Clostridia,Oscillospirales  ,Eubacterium coprostanoligenes group,Eubacterium coprostanoligenes group ,gut metagenome
ASV_2202,Bacteria,Bacteroidota,Bacteroidia,Bacteroidales  ,Bacteroidaceae  ,Bacteroides   ,Bacteroides vulgatus
ASV_2203,Bacteria,Firmicutes,Clostridia,Lachnospirales  ,Lachnospiraceae  ,Dorea   ,NA
ASV_2204,Bacteria,Firmicutes,Negativicutes,Veillonellales-Selenomonadales  ,Veillonellaceae  ,Megasphaera   ,NA
ASV_2205,Bacteria,Bacteroidota,Bacteroidia,Bacteroidales  ,Bacteroidaceae  ,Bacteroides   ,Bacteroides finegoldii
ASV_2206,Bacteria,Proteobacteria,Alphaproteobacteria,Rhodospirillales  ,uncultured  ,uncultured   ,gut metagenome
ASV_2207,Bacteria,Firmicutes,NA,NA,NA,NA,NA
ASV_2208,Bacteria,Firmicutes,Clostridia,Peptostreptococcales-Tissierellales  ,Peptostreptococcaceae  ,Intestinibacter   ,uncultured bacterium
ASV_2209,Bacteria,Firmicutes,Clostridia,Oscillospirales  ,Oscillospiraceae  ,Oscillibacter   ,human gut
ASV_2210,Bacteria,Firmicutes,Clostridia,Oscillospirales  ,Ruminococcaceae  ,Eubacterium siraeum group ,NA
ASV_2211,Bacteria,Firmicutes,Bacilli,Erysipelotrichales  ,Erysipelatoclostridiaceae  ,Erysipelatoclostridium   ,Erysipelatoclostridium ramosum
ASV_2212,Bacteria,Firmicutes,Clostridia,Oscillospirales  ,Oscillospiraceae  ,UCG-002   ,Trichuris trichiura
ASV_2213,Bacteria,Firmicutes,Clostridia,Clostridia UCG-014 ,Clostridia UCG-014 ,Clostridia UCG-014  ,uncultured bacterium
ASV_2214,Bacteria,Firmicutes,Bacilli,Erysipelotrichales  ,Erysipelatoclostridiaceae  ,Candidatus Stoquefichus  ,Longibaculum muris
ASV_2215,Bacteria,Actinobacteriota,Coriobacteriia,Coriobacteriales  ,Eggerthellaceae  ,Eggerthella   ,uncultured bacterium
ASV_2216,Bacteria,Firmicutes,Clostridia,Oscillospirales  ,Oscillospiraceae  ,UCG-005   ,uncultured organism
ASV_2217,Bacteria,Firmicutes,Clostridia,NA,NA,NA,NA
ASV_2218,Bacteria,Firmicutes,Clostridia,Lachnospirales  ,Lachnospiraceae  ,Eubacterium ventriosum group ,uncultured Lachnospiraceae
ASV_2219,Bacteria,Bacteroidota,Bacteroidia,Bacteroidales  ,Rikenellaceae  ,Alistipes   ,Alistipes finegoldii
ASV_2220,Bacteria,Firmicutes,Clostridia,Lachnospirales  ,Lachnospiraceae  ,Eubacterium hallii group ,uncultured organism
ASV_2221,Bacteria,Firmicutes,Clostridia,Lachnospirales  ,Lachnospiraceae  ,Lachnospiraceae UCG-008  ,uncultured organism
ASV_2222,Bacteria,Bacteroidota,Bacteroidia,Bacteroidales  ,Barnesiellaceae  ,Barnesiella   ,uncultured organism
ASV_2223,Bacteria,Firmicutes,Clostridia,Clostridia UCG-014 ,Clostridia UCG-014 ,Clostridia UCG-014  ,gut metagenome
ASV_2224,Bacteria,Firmicutes,Clostridia,Oscillospirales  ,Ruminococcaceae  ,uncultured   ,human gut
ASV_2225,Bacteria,Firmicutes,Clostridia,Lachnospirales  ,Lachnospiraceae  ,Agathobacter   ,uncultured bacterium
ASV_2226,Bacteria,Firmicutes,Clostridia,Lachnospirales  ,Lachnospiraceae  ,Lachnospiraceae UCG-010  ,uncultured bacterium
ASV_2227,Bacteria,Firmicutes,Clostridia,Oscillospirales  ,Oscillospiraceae  ,Colidextribacter   ,gut metagenome
ASV_2228,Bacteria,Firmicutes,Clostridia,Clostridia vadinBB60 group,Clostridia vadinBB60 group,Clostridia vadinBB60 group ,uncultured bacterium
ASV_2229,Bacteria,Firmicutes,Clostridia,Lachnospirales  ,Lachnospiraceae  ,NA,NA
ASV_2230,Bacteria,Firmicutes,Bacilli,Erysipelotrichales  ,Erysipelatoclostridiaceae  ,Erysipelatoclostridium   ,Clostridium spiroforme
ASV_2231,Bacteria,Firmicutes,Clostridia,Oscillospirales  ,Ruminococcaceae  ,Incertae Sedis  ,uncultured organism
ASV_2232,Bacteria,Firmicutes,NA,NA,NA,NA,NA
ASV_2233,Bacteria,Bacteroidota,Bacteroidia,Bacteroidales  ,Prevotellaceae  ,Prevotella 9  ,metagenome 
ASV_2234,Bacteria,Firmicutes,Clostridia,Lachnospirales  ,Lachnospiraceae  ,Moryella   ,uncultured organism
ASV_2235,Bacteria,Firmicutes,Clostridia,Lachnospirales  ,Lachnospiraceae  ,Ruminococcus torques group ,Ruminococcus faecis
ASV_2236,Bacteria,Firmicutes,Clostridia,Oscillospirales  ,Oscillospiraceae  ,UCG-002   ,uncultured rumen
ASV_2237,Bacteria,Firmicutes,Clostridia,Oscillospirales  ,Ruminococcaceae  ,Faecalibacterium   ,NA
ASV_2238,Bacteria,Firmicutes,Clostridia,Oscillospirales  ,Oscillospiraceae  ,Colidextribacter   ,uncultured Flavonifractor
ASV_2239,Bacteria,Firmicutes,Clostridia,Lachnospirales  ,Lachnospiraceae  ,Frisingicoccus   ,NA
ASV_2240,Bacteria,Firmicutes,Negativicutes,Veillonellales-Selenomonadales  ,Veillonellaceae  ,Megasphaera   ,uncultured organism
ASV_2241,Bacteria,Firmicutes,Bacilli,Lactobacillales  ,Streptococcaceae  ,Lactococcus   ,Lactococcus lactis
ASV_2242,Bacteria,Firmicutes,Clostridia,Oscillospirales  ,Oscillospiraceae  ,UCG-005   ,uncultured organism
ASV_2243,Bacteria,Firmicutes,Clostridia,Lachnospirales  ,Lachnospiraceae  ,Lachnoclostridium   ,NA
ASV_2244,Archaea,Euryarchaeota,Methanobacteria,Methanobacteriales  ,Methanobacteriaceae  ,Methanobrevibacter   ,Methanobrevibacter smithii
ASV_2245,Bacteria,Firmicutes,Clostridia,Oscillospirales  ,Eubacterium coprostanoligenes group,Eubacterium coprostanoligenes group ,gut metagenome
ASV_2246,Bacteria,Bacteroidota,Bacteroidia,Bacteroidales  ,Prevotellaceae  ,Prevotella 9  ,uncultured organism
ASV_2247,Bacteria,Proteobacteria,Gammaproteobacteria,Burkholderiales  ,Oxalobacteraceae  ,Oxalobacter   ,Oxalobacter formigenes
ASV_2248,Bacteria,Firmicutes,Clostridia,Oscillospirales  ,Ruminococcaceae  ,NA,NA
ASV_2249,Bacteria,Bacteroidota,Bacteroidia,Bacteroidales  ,Rikenellaceae  ,Alistipes   ,Alistipes sp.
ASV_2250,Bacteria,Bacteroidota,Bacteroidia,Bacteroidales  ,Rikenellaceae  ,Alistipes   ,NA
ASV_2251,Bacteria,Firmicutes,Bacilli,Lactobacillales  ,Streptococcaceae  ,Lactococcus   ,Lactococcus lactis
ASV_2252,Bacteria,Firmicutes,Clostridia,Christensenellales  ,Christensenellaceae  ,Christensenellaceae R-7 group ,gut metagenome
ASV_2253,Bacteria,Firmicutes,NA,NA,NA,NA,NA
ASV_2254,Bacteria,Proteobacteria,Alphaproteobacteria,Rhodospirillales  ,uncultured  ,uncultured   ,NA
ASV_2255,Bacteria,Firmicutes,Clostridia,Oscillospirales  ,Eubacterium coprostanoligenes group,Eubacterium coprostanoligenes group ,metagenome 
ASV_2256,Bacteria,Actinobacteriota,Coriobacteriia,Coriobacteriales  ,Coriobacteriales Incertae Sedis,uncultured   ,gut metagenome
ASV_2257,Bacteria,Actinobacteriota,Actinobacteria,Bifidobacteriales  ,Bifidobacteriaceae  ,Bifidobacterium   ,Bifidobacterium longum
ASV_2258,Bacteria,Firmicutes,Clostridia,Oscillospirales  ,Butyricicoccaceae  ,Butyricicoccus   ,uncultured organism
ASV_2259,Bacteria,Firmicutes,Clostridia,Oscillospirales  ,Oscillospiraceae  ,UCG-002   ,gut metagenome
ASV_2260,Bacteria,Firmicutes,Clostridia,Lachnospirales  ,Lachnospiraceae  ,Agathobacter   ,Eubacterium ramulus
ASV_2261,Bacteria,Firmicutes,Clostridia,Lachnospirales  ,Lachnospiraceae  ,uncultured   ,human gut
ASV_2262,Bacteria,Bacteroidota,Bacteroidia,Bacteroidales  ,Marinifilaceae  ,Odoribacter   ,Odoribacter splanchnicus
ASV_2263,Bacteria,Bacteroidota,Bacteroidia,Bacteroidales  ,NA,NA,NA
ASV_2264,Bacteria,Firmicutes,Clostridia,Oscillospirales  ,Ruminococcaceae  ,Faecalibacterium   ,NA
ASV_2265,Bacteria,Firmicutes,Negativicutes,Acidaminococcales  ,Acidaminococcaceae  ,Acidaminococcus   ,uncultured organism
ASV_2266,Bacteria,Bacteroidota,Bacteroidia,Bacteroidales  ,Barnesiellaceae  ,Barnesiella   ,uncultured organism
ASV_2267,Bacteria,Firmicutes,Clostridia,NA,NA,NA,NA
ASV_2268,Bacteria,Firmicutes,Clostridia,Lachnospirales  ,Lachnospiraceae  ,Ruminococcus torques group ,Ruminococcus lactaris
ASV_2269,Bacteria,Firmicutes,Clostridia,Lachnospirales  ,Lachnospiraceae  ,Eubacterium hallii group ,uncultured organism
ASV_2270,Bacteria,Firmicutes,Clostridia,Lachnospirales  ,Lachnospiraceae  ,Ruminococcus torques group ,Ruminococcus faecis
ASV_2271,Bacteria,Bacteroidota,Bacteroidia,Bacteroidales  ,Bacteroidaceae  ,Bacteroides   ,Bacteroides uniformis
ASV_2272,Bacteria,Firmicutes,Clostridia,Lachnospirales  ,Lachnospiraceae  ,Blautia   ,NA
ASV_2273,Bacteria,Proteobacteria,Alphaproteobacteria,Rhodospirillales  ,uncultured  ,uncultured   ,uncultured organism
ASV_2274,Bacteria,Firmicutes,Clostridia,Lachnospirales  ,Lachnospiraceae  ,Roseburia   ,uncultured organism
ASV_2275,Bacteria,Bacteroidota,Bacteroidia,Bacteroidales  ,Prevotellaceae  ,Paraprevotella   ,Paraprevotella xylaniphila
ASV_2276,Bacteria,Bacteroidota,Bacteroidia,Bacteroidales  ,Bacteroidaceae  ,Bacteroides   ,unidentified 
ASV_2277,Bacteria,Bacteroidota,Bacteroidia,Bacteroidales  ,Bacteroidaceae  ,Bacteroides   ,Bacteroides ovatus
ASV_2278,Bacteria,Firmicutes,Clostridia,Oscillospirales  ,Oscillospiraceae  ,UCG-002   ,NA
ASV_2279,Bacteria,Firmicutes,Negativicutes,Acidaminococcales  ,Acidaminococcaceae  ,Phascolarctobacterium   ,uncultured organism
ASV_2280,Bacteria,Firmicutes,Clostridia,Lachnospirales  ,Lachnospiraceae  ,Ruminococcus torques group ,Ruminococcus lactaris
ASV_2281,Bacteria,Firmicutes,Clostridia,Oscillospirales  ,Ruminococcaceae  ,Faecalibacterium   ,NA
ASV_2282,Bacteria,Bacteroidota,Bacteroidia,Bacteroidales  ,Tannerellaceae  ,Parabacteroides   ,Parabacteroides distasonis
ASV_2283,Bacteria,Firmicutes,Clostridia,Lachnospirales  ,Lachnospiraceae  ,NA,NA
ASV_2284,Bacteria,Firmicutes,Clostridia,Lachnospirales  ,Lachnospiraceae  ,Roseburia   ,uncultured organism
ASV_2285,Bacteria,Firmicutes,Clostridia,Clostridia vadinBB60 group,Clostridia vadinBB60 group,Clostridia vadinBB60 group ,gut metagenome
ASV_2286,Bacteria,Firmicutes,Clostridia,Lachnospirales  ,Lachnospiraceae  ,Lachnoclostridium   ,human gut
ASV_2287,Bacteria,Proteobacteria,Gammaproteobacteria,Burkholderiales  ,Sutterellaceae  ,Sutterella   ,Burkholderia sp.
ASV_2288,Bacteria,Firmicutes,Clostridia,Monoglobales  ,Monoglobaceae  ,Monoglobus   ,uncultured organism
ASV_2289,Bacteria,Proteobacteria,Alphaproteobacteria,Rhodospirillales  ,uncultured  ,uncultured   ,gut metagenome
ASV_2290,Bacteria,Bacteroidota,Bacteroidia,Bacteroidales  ,Tannerellaceae  ,Parabacteroides   ,Parabacteroides distasonis
ASV_2291,Bacteria,Firmicutes,Clostridia,Clostridia UCG-014 ,Clostridia UCG-014 ,Clostridia UCG-014  ,gut metagenome
ASV_2292,Bacteria,Firmicutes,Clostridia,Oscillospirales  ,Oscillospiraceae  ,uncultured   ,NA
ASV_2293,Bacteria,Bacteroidota,Bacteroidia,Bacteroidales  ,Barnesiellaceae  ,Barnesiella   ,uncultured organism
ASV_2294,Bacteria,Bacteroidota,Bacteroidia,Bacteroidales  ,Muribaculaceae  ,Muribaculaceae   ,uncultured bacterium
ASV_2295,Bacteria,Bacteroidota,Bacteroidia,Bacteroidales  ,Prevotellaceae  ,Paraprevotella   ,Paraprevotella xylaniphila
ASV_2296,Bacteria,Firmicutes,Clostridia,Oscillospirales  ,Oscillospiraceae  ,UCG-002   ,uncultured organism
ASV_2297,Bacteria,Bacteroidota,Bacteroidia,Bacteroidales  ,Bacteroidaceae  ,Bacteroides   ,Bacteroides ovatus
ASV_2298,Bacteria,Bacteroidota,Bacteroidia,Bacteroidales  ,Prevotellaceae  ,Prevotella 9  ,uncultured organism
ASV_2299,Bacteria,Bacteroidota,Bacteroidia,Bacteroidales  ,Bacteroidaceae  ,Bacteroides   ,Bacteroides uniformis
ASV_2300,Bacteria,Firmicutes,Clostridia,Lachnospirales  ,Lachnospiraceae  ,Dorea   ,uncultured bacterium
ASV_2301,Bacteria,Firmicutes,Clostridia,Clostridia UCG-014 ,Clostridia UCG-014 ,Clostridia UCG-014  ,gut metagenome
ASV_2302,Bacteria,Bacteroidota,Bacteroidia,Bacteroidales  ,Rikenellaceae  ,Alistipes   ,uncultured organism
ASV_2303,Bacteria,Firmicutes,Clostridia,Clostridia vadinBB60 group,Clostridia vadinBB60 group,Clostridia vadinBB60 group ,uncultured bacterium
ASV_2304,Bacteria,Bacteroidota,Bacteroidia,Bacteroidales  ,Barnesiellaceae  ,Barnesiella   ,uncultured bacterium
ASV_2305,Bacteria,Firmicutes,Bacilli,Lactobacillales  ,Streptococcaceae  ,Streptococcus   ,Streptococcus agalactiae
ASV_2306,Bacteria,Proteobacteria,Gammaproteobacteria,Enterobacterales  ,Enterobacteriaceae  ,Escherichia-Shigella   ,Shigella flexneri
ASV_2307,Bacteria,Firmicutes,Bacilli,Erysipelotrichales  ,Erysipelotrichaceae  ,Holdemanella   ,uncultured bacterium
ASV_2308,Bacteria,Bacteroidota,Bacteroidia,Bacteroidales  ,Bacteroidaceae  ,Bacteroides   ,Bacteroides ovatus
ASV_2309,Bacteria,Firmicutes,Clostridia,Lachnospirales  ,Lachnospiraceae  ,Ruminococcus torques group ,uncultured organism
ASV_2310,Bacteria,Firmicutes,Clostridia,Oscillospirales  ,Ruminococcaceae  ,uncultured   ,uncultured organism
ASV_2311,Bacteria,Firmicutes,Clostridia,Oscillospirales  ,Oscillospiraceae  ,UCG-003   ,metagenome 
ASV_2312,Bacteria,Firmicutes,Clostridia,Oscillospirales  ,Oscillospiraceae  ,UCG-002   ,Trichuris trichiura
ASV_2313,Bacteria,Bacteroidota,Bacteroidia,Bacteroidales  ,Prevotellaceae  ,Prevotella   ,gut metagenome
ASV_2314,Bacteria,Firmicutes,Clostridia,Lachnospirales  ,Lachnospiraceae  ,Coprococcus   ,Lachnospiraceae bacterium
ASV_2315,Bacteria,Bacteroidota,Bacteroidia,Bacteroidales  ,Bacteroidaceae  ,Bacteroides   ,Bacteroides uniformis
ASV_2316,Bacteria,Bacteroidota,Bacteroidia,Bacteroidales  ,Tannerellaceae  ,Parabacteroides   ,Parabacteroides distasonis
ASV_2317,Bacteria,Firmicutes,Negativicutes,Acidaminococcales  ,Acidaminococcaceae  ,Acidaminococcus   ,uncultured organism
ASV_2318,Bacteria,Firmicutes,Clostridia,Lachnospirales  ,Lachnospiraceae  ,Ruminococcus gauvreauii group ,uncultured Clostridiales
ASV_2319,Bacteria,Proteobacteria,Alphaproteobacteria,Rhodospirillales  ,uncultured  ,uncultured   ,Azospirillum sp.
ASV_2320,Bacteria,Bacteroidota,Bacteroidia,Bacteroidales  ,Bacteroidaceae  ,Bacteroides   ,Bacteroides thetaiotaomicron
ASV_2321,Bacteria,Firmicutes,Clostridia,Oscillospirales  ,Ruminococcaceae  ,Eubacterium siraeum group ,Eubacterium siraeum
ASV_2322,Bacteria,Bacteroidota,Bacteroidia,Bacteroidales  ,Marinifilaceae  ,Butyricimonas   ,NA
ASV_2323,Bacteria,Firmicutes,Clostridia,Oscillospirales  ,Butyricicoccaceae  ,Butyricicoccus   ,uncultured organism
ASV_2324,Bacteria,Firmicutes,Clostridia,Lachnospirales  ,Lachnospiraceae  ,Lachnospira   ,NA
ASV_2325,Bacteria,Firmicutes,Bacilli,Lactobacillales  ,Streptococcaceae  ,Lactococcus   ,Lactococcus lactis
ASV_2326,Bacteria,Firmicutes,Clostridia,Lachnospirales  ,Lachnospiraceae  ,Coprococcus   ,unidentified 
ASV_2327,Bacteria,Bacteroidota,Bacteroidia,Bacteroidales  ,Rikenellaceae  ,Alistipes   ,Bacteroides sp.
ASV_2328,Bacteria,Firmicutes,Clostridia,Oscillospirales  ,Oscillospiraceae  ,NA,NA
ASV_2329,Bacteria,Firmicutes,Clostridia,Oscillospirales  ,Oscillospiraceae  ,UCG-002   ,uncultured organism
ASV_2330,Bacteria,Firmicutes,Clostridia,Lachnospirales  ,Lachnospiraceae  ,Lachnospiraceae NK4A136 group ,NA
ASV_2331,Bacteria,Bacteroidota,Bacteroidia,Bacteroidales  ,Marinifilaceae  ,Butyricimonas   ,NA
ASV_2332,Bacteria,Firmicutes,Clostridia,Lachnospirales  ,Lachnospiraceae  ,Tyzzerella   ,unidentified 
ASV_2333,Bacteria,Bacteroidota,Bacteroidia,Bacteroidales  ,Bacteroidaceae  ,Bacteroides   ,Bacteroides vulgatus
ASV_2334,Bacteria,Bacteroidota,Bacteroidia,Bacteroidales  ,Bacteroidaceae  ,Bacteroides   ,Bacteroides intestinalis
ASV_2335,Bacteria,Bacteroidota,Bacteroidia,Bacteroidales  ,Rikenellaceae  ,Alistipes   ,NA
ASV_2336,Bacteria,Proteobacteria,Gammaproteobacteria,Enterobacterales  ,Pasteurellaceae  ,Haemophilus   ,uncultured bacterium
ASV_2337,Bacteria,Firmicutes,Clostridia,Lachnospirales  ,Lachnospiraceae  ,Eubacterium eligens group ,uncultured organism
ASV_2338,Bacteria,Bacteroidota,Bacteroidia,Bacteroidales  ,Bacteroidaceae  ,Bacteroides   ,Bacteroides cellulosilyticus
ASV_2339,Bacteria,Firmicutes,Clostridia,Lachnospirales  ,Lachnospiraceae  ,Lachnospiraceae NK4A136 group ,gut metagenome
ASV_2340,Bacteria,Firmicutes,Clostridia,Lachnospirales  ,Lachnospiraceae  ,Lachnoclostridium   ,Clostridium aldenense
ASV_2341,Bacteria,Bacteroidota,Bacteroidia,Bacteroidales  ,Bacteroidaceae  ,Bacteroides   ,Bacteroides vulgatus
ASV_2342,Bacteria,Proteobacteria,Gammaproteobacteria,Burkholderiales  ,Sutterellaceae  ,Sutterella   ,Sutterellaceae bacterium
ASV_2343,Bacteria,Firmicutes,Clostridia,Oscillospirales  ,Oscillospiraceae  ,uncultured   ,Pseudoflavonifractor sp.
ASV_2344,Bacteria,Bacteroidota,Bacteroidia,Bacteroidales  ,Bacteroidaceae  ,Bacteroides   ,Bacteroides plebeius
ASV_2345,Bacteria,Firmicutes,Clostridia,Lachnospirales  ,Lachnospiraceae  ,uncultured   ,uncultured organism
ASV_2346,Bacteria,Firmicutes,Clostridia,Lachnospirales  ,Lachnospiraceae  ,Roseburia   ,gut metagenome
ASV_2347,Bacteria,Firmicutes,Clostridia,Lachnospirales  ,Lachnospiraceae  ,Roseburia   ,Roseburia hominis
ASV_2348,Bacteria,Firmicutes,Clostridia,Lachnospirales  ,Lachnospiraceae  ,Lachnoclostridium   ,human gut
ASV_2349,Bacteria,Bacteroidota,Bacteroidia,Bacteroidales  ,Bacteroidaceae  ,Bacteroides   ,Bacteroides ovatus
ASV_2350,Bacteria,Firmicutes,Clostridia,Lachnospirales  ,Lachnospiraceae  ,Blautia   ,uncultured Blautia
ASV_2351,Bacteria,Firmicutes,Clostridia,Oscillospirales  ,Oscillospiraceae  ,UCG-002   ,uncultured rumen
ASV_2352,Bacteria,Actinobacteriota,Actinobacteria,Bifidobacteriales  ,Bifidobacteriaceae  ,Bifidobacterium   ,NA
ASV_2353,Bacteria,Firmicutes,NA,NA,NA,NA,NA
ASV_2354,Bacteria,Firmicutes,Clostridia,Lachnospirales  ,Lachnospiraceae  ,Lachnospiraceae ND3007 group ,metagenome 
ASV_2355,Bacteria,Firmicutes,Clostridia,Oscillospirales  ,Ruminococcaceae  ,Incertae Sedis  ,Carnobacterium sp.
ASV_2356,Bacteria,Firmicutes,Negativicutes,Veillonellales-Selenomonadales  ,Veillonellaceae  ,Veillonella   ,Veillonella parvula
ASV_2357,Bacteria,Bacteroidota,Bacteroidia,Bacteroidales  ,Bacteroidaceae  ,Bacteroides   ,Bacteroides plebeius
ASV_2358,Bacteria,Proteobacteria,Alphaproteobacteria,Rhodospirillales  ,uncultured  ,uncultured   ,gut metagenome
ASV_2359,Bacteria,Firmicutes,Clostridia,Oscillospirales  ,Eubacterium coprostanoligenes group,Eubacterium coprostanoligenes group ,unidentified 
ASV_2360,Bacteria,Firmicutes,Clostridia,Lachnospirales  ,Lachnospiraceae  ,Eubacterium eligens group ,uncultured organism
ASV_2361,Bacteria,Firmicutes,Clostridia,Lachnospirales  ,Lachnospiraceae  ,Lachnospira   ,uncultured organism
ASV_2362,Bacteria,Proteobacteria,Gammaproteobacteria,Burkholderiales  ,Sutterellaceae  ,Sutterella   ,Burkholderia sp.
ASV_2363,Bacteria,Bacteroidota,Bacteroidia,Bacteroidales  ,Rikenellaceae  ,Alistipes   ,Alistipes obesi
ASV_2364,Bacteria,Firmicutes,Clostridia,Lachnospirales  ,Lachnospiraceae  ,Tyzzerella   ,Tyzzerella sp.
ASV_2365,Bacteria,Firmicutes,Clostridia,Lachnospirales  ,Lachnospiraceae  ,Dorea   ,uncultured bacterium
ASV_2366,Bacteria,Bacteroidota,Bacteroidia,Bacteroidales  ,Prevotellaceae  ,Prevotella 7  ,Massiliprevotella massiliensis
ASV_2367,Bacteria,Cyanobacteria,Vampirivibrionia,Gastranaerophilales  ,Gastranaerophilales  ,Gastranaerophilales   ,Clostridium sp.
ASV_2368,Bacteria,Firmicutes,Clostridia,Lachnospirales  ,Lachnospiraceae  ,Blautia   ,Blautia stercoris
ASV_2369,Bacteria,Firmicutes,Negativicutes,Acidaminococcales  ,Acidaminococcaceae  ,Phascolarctobacterium   ,uncultured organism
ASV_2370,Bacteria,Bacteroidota,Bacteroidia,Bacteroidales  ,Prevotellaceae  ,Prevotella   ,NA
ASV_2371,Bacteria,Bacteroidota,Bacteroidia,Bacteroidales  ,Bacteroidaceae  ,Bacteroides   ,Bacteroides cellulosilyticus
ASV_2372,Bacteria,Firmicutes,Bacilli,Lactobacillales  ,Streptococcaceae  ,Streptococcus   ,Streptococcus salivarius
ASV_2373,Bacteria,Firmicutes,Negativicutes,Veillonellales-Selenomonadales  ,Veillonellaceae  ,Dialister   ,Dialister sp.
ASV_2374,Bacteria,Firmicutes,Clostridia,Lachnospirales  ,Lachnospiraceae  ,Lachnospiraceae ND3007 group ,metagenome 
ASV_2375,Bacteria,Bacteroidota,Bacteroidia,Bacteroidales  ,Barnesiellaceae  ,Barnesiella   ,uncultured organism
ASV_2376,Bacteria,Firmicutes,Clostridia,Lachnospirales  ,Lachnospiraceae  ,Sellimonas   ,uncultured bacterium
ASV_2377,Bacteria,Bacteroidota,Bacteroidia,Bacteroidales  ,Bacteroidaceae  ,Bacteroides   ,Bacteroides ovatus
ASV_2378,Bacteria,Firmicutes,Clostridia,Oscillospirales  ,Oscillospiraceae  ,UCG-005   ,uncultured organism
ASV_2379,Bacteria,Verrucomicrobiota,Lentisphaeria,Victivallales  ,Victivallaceae  ,Victivallis   ,uncultured bacterium
ASV_2380,Bacteria,Firmicutes,Clostridia,Christensenellales  ,Christensenellaceae  ,Christensenellaceae R-7 group ,uncultured prokaryote
ASV_2381,Bacteria,Bacteroidota,Bacteroidia,Bacteroidales  ,Tannerellaceae  ,Parabacteroides   ,Parabacteroides goldsteinii
ASV_2382,Bacteria,Firmicutes,Clostridia,Oscillospirales  ,Ruminococcaceae  ,CAG-352   ,uncultured bacterium
ASV_2383,Bacteria,Firmicutes,Clostridia,Clostridia UCG-014 ,Clostridia UCG-014 ,Clostridia UCG-014  ,uncultured bacterium
ASV_2384,Bacteria,Firmicutes,Clostridia,Lachnospirales  ,Lachnospiraceae  ,Blautia   ,NA
ASV_2385,Bacteria,Firmicutes,Negativicutes,Veillonellales-Selenomonadales  ,Veillonellaceae  ,Veillonella   ,Veillonella parvula
ASV_2386,Bacteria,Bacteroidota,Bacteroidia,Bacteroidales  ,Tannerellaceae  ,Parabacteroides   ,Parabacteroides distasonis
ASV_2387,Bacteria,Actinobacteriota,Actinobacteria,Bifidobacteriales  ,Bifidobacteriaceae  ,Bifidobacterium   ,Bifidobacterium longum
ASV_2388,Bacteria,Bacteroidota,Bacteroidia,Bacteroidales  ,Marinifilaceae  ,Odoribacter   ,Odoribacter splanchnicus
ASV_2389,Bacteria,Firmicutes,Clostridia,Christensenellales  ,Christensenellaceae  ,Christensenellaceae R-7 group ,gut metagenome
ASV_2390,Bacteria,Proteobacteria,Gammaproteobacteria,Burkholderiales  ,Sutterellaceae  ,Sutterella   ,Sutterellaceae bacterium
ASV_2391,Bacteria,Firmicutes,Clostridia,Oscillospirales  ,Oscillospiraceae  ,Oscillibacter   ,human gut
ASV_2392,Bacteria,Firmicutes,Clostridia,Lachnospirales  ,Lachnospiraceae  ,Lachnospiraceae UCG-004  ,uncultured organism
ASV_2393,Bacteria,Bacteroidota,Bacteroidia,Bacteroidales  ,Muribaculaceae  ,Muribaculaceae   ,uncultured bacterium
ASV_2394,Bacteria,Firmicutes,Clostridia,Oscillospirales  ,Butyricicoccaceae  ,Butyricicoccus   ,uncultured organism
ASV_2395,Bacteria,Firmicutes,Clostridia,Lachnospirales  ,Lachnospiraceae  ,Coprococcus   ,metagenome 
ASV_2396,Bacteria,Firmicutes,Clostridia,Lachnospirales  ,Lachnospiraceae  ,Lachnospiraceae NK4A136 group ,NA
ASV_2397,Bacteria,Firmicutes,Clostridia,Oscillospirales  ,Oscillospiraceae  ,Colidextribacter   ,gut metagenome
ASV_2398,Bacteria,Bacteroidota,Bacteroidia,Bacteroidales  ,Rikenellaceae  ,Alistipes   ,Alistipes finegoldii
ASV_2399,Bacteria,Actinobacteriota,Actinobacteria,Bifidobacteriales  ,Bifidobacteriaceae  ,Bifidobacterium   ,Bifidobacterium longum
ASV_2400,Bacteria,Firmicutes,Clostridia,Lachnospirales  ,Lachnospiraceae  ,Dorea   ,uncultured Dorea
ASV_2401,Bacteria,Firmicutes,Bacilli,Lactobacillales  ,Listeriaceae  ,Listeria   ,Listeria innocua
ASV_2402,Bacteria,Firmicutes,Clostridia,Lachnospirales  ,Lachnospiraceae  ,Eubacterium ruminantium group ,gut metagenome
ASV_2403,Bacteria,Firmicutes,Clostridia,Oscillospirales  ,Oscillospiraceae  ,UCG-005   ,gut metagenome
ASV_2404,Bacteria,Firmicutes,Negativicutes,Veillonellales-Selenomonadales  ,Veillonellaceae  ,Dialister   ,NA
ASV_2405,Bacteria,Proteobacteria,Gammaproteobacteria,Burkholderiales  ,Sutterellaceae  ,Sutterella   ,gut metagenome
ASV_2406,Bacteria,Firmicutes,Clostridia,Lachnospirales  ,Lachnospiraceae  ,Lachnoclostridium   ,Clostridium asparagiforme
ASV_2407,Bacteria,Firmicutes,Clostridia,Lachnospirales  ,Lachnospiraceae  ,Ruminococcus gnavus group ,uncultured bacterium
ASV_2408,Bacteria,Firmicutes,Clostridia,Lachnospirales  ,Lachnospiraceae  ,uncultured   ,uncultured organism
ASV_2409,Bacteria,Proteobacteria,Gammaproteobacteria,Enterobacterales  ,Pasteurellaceae  ,Haemophilus   ,uncultured bacterium
ASV_2410,Bacteria,Firmicutes,Clostridia,Oscillospirales  ,Oscillospiraceae  ,Colidextribacter   ,gut metagenome
ASV_2411,Bacteria,Actinobacteriota,Actinobacteria,Bifidobacteriales  ,Bifidobacteriaceae  ,Bifidobacterium   ,Bifidobacterium longum
ASV_2412,Bacteria,Proteobacteria,Gammaproteobacteria,Burkholderiales  ,Sutterellaceae  ,Sutterella   ,gut metagenome
ASV_2413,Bacteria,Firmicutes,Clostridia,Oscillospirales  ,Oscillospiraceae  ,uncultured   ,Clostridium sp.
ASV_2414,Bacteria,Verrucomicrobiota,Verrucomicrobiae,Verrucomicrobiales  ,Akkermansiaceae  ,Akkermansia   ,uncultured bacterium
ASV_2415,Bacteria,Proteobacteria,Gammaproteobacteria,Enterobacterales  ,Enterobacteriaceae  ,Escherichia-Shigella   ,Shigella flexneri
ASV_2416,Bacteria,Firmicutes,NA,NA,NA,NA,NA
ASV_2417,Bacteria,Bacteroidota,Bacteroidia,Bacteroidales  ,Barnesiellaceae  ,Barnesiella   ,uncultured organism
ASV_2418,Bacteria,Firmicutes,Bacilli,Bacillales  ,Bacillaceae  ,Bacillus   ,NA
ASV_2419,Bacteria,Firmicutes,Bacilli,Lactobacillales  ,Streptococcaceae  ,Streptococcus   ,Streptococcus oralis
ASV_2420,Bacteria,Firmicutes,Clostridia,Oscillospirales  ,Oscillospiraceae  ,Colidextribacter   ,gut metagenome
ASV_2421,Bacteria,Firmicutes,Clostridia,Oscillospirales  ,Ruminococcaceae  ,Incertae Sedis  ,Carnobacterium sp.
ASV_2422,Bacteria,Firmicutes,Clostridia,Lachnospirales  ,Lachnospiraceae  ,Lachnoclostridium   ,NA
ASV_2423,Bacteria,Bacteroidota,Bacteroidia,Bacteroidales  ,Bacteroidaceae  ,Bacteroides   ,Bacteroides ovatus
ASV_2424,Bacteria,Firmicutes,Clostridia,Oscillospirales  ,Eubacterium coprostanoligenes group,Eubacterium coprostanoligenes group ,gut metagenome
ASV_2425,Bacteria,Firmicutes,Clostridia,Lachnospirales  ,Lachnospiraceae  ,Lachnospiraceae UCG-010  ,uncultured organism
ASV_2426,Bacteria,Firmicutes,Clostridia,Oscillospirales  ,Ruminococcaceae  ,Eubacterium siraeum group ,Eubacterium siraeum
ASV_2427,Bacteria,Firmicutes,Clostridia,Oscillospirales  ,Ruminococcaceae  ,Faecalibacterium   ,NA
ASV_2428,Bacteria,Firmicutes,Bacilli,Erysipelotrichales  ,Erysipelotrichaceae  ,Clostridium innocuum group ,uncultured bacterium
ASV_2429,Bacteria,Firmicutes,Clostridia,Oscillospirales  ,Oscillospiraceae  ,Intestinimonas   ,NA
ASV_2430,Bacteria,Bacteroidota,Bacteroidia,Bacteroidales  ,Muribaculaceae  ,Muribaculaceae   ,uncultured bacterium
ASV_2431,Bacteria,Bacteroidota,Bacteroidia,Bacteroidales  ,Bacteroidaceae  ,Bacteroides   ,Bacteroides thetaiotaomicron
ASV_2432,Bacteria,Firmicutes,Clostridia,Lachnospirales  ,Lachnospiraceae  ,Lachnoclostridium   ,Clostridium glycyrrhizinilyticum
ASV_2433,Bacteria,Cyanobacteria,Vampirivibrionia,Gastranaerophilales  ,Gastranaerophilales  ,Gastranaerophilales   ,Acinetobacter sp.
ASV_2434,Bacteria,Firmicutes,Clostridia,Lachnospirales  ,Lachnospiraceae  ,Blautia   ,Blautia caecimuris
ASV_2435,Bacteria,Firmicutes,Clostridia,Clostridia UCG-014 ,Clostridia UCG-014 ,Clostridia UCG-014  ,gut metagenome
ASV_2436,Bacteria,Firmicutes,Clostridia,Lachnospirales  ,Lachnospiraceae  ,Roseburia   ,Roseburia hominis
ASV_2437,Bacteria,Firmicutes,Clostridia,Lachnospirales  ,Lachnospiraceae  ,Lachnoclostridium   ,Clostridium scindens
ASV_2438,Bacteria,Firmicutes,Bacilli,Lactobacillales  ,Carnobacteriaceae  ,Granulicatella   ,uncultured organism
ASV_2439,Bacteria,Firmicutes,Clostridia,Lachnospirales  ,Lachnospiraceae  ,Dorea   ,uncultured Dorea
ASV_2440,Bacteria,Firmicutes,Bacilli,Erysipelotrichales  ,Erysipelotrichaceae  ,Holdemanella   ,uncultured bacterium
ASV_2441,Bacteria,Bacteroidota,Bacteroidia,Bacteroidales  ,Prevotellaceae  ,Prevotella 7  ,Massiliprevotella massiliensis
ASV_2442,Bacteria,Proteobacteria,Gammaproteobacteria,Burkholderiales  ,Sutterellaceae  ,Sutterella   ,gut metagenome
ASV_2443,Bacteria,Firmicutes,NA,NA,NA,NA,NA
ASV_2444,Bacteria,Bacteroidota,Bacteroidia,Bacteroidales  ,Rikenellaceae  ,Alistipes   ,Alistipes indistinctus
ASV_2445,Bacteria,Firmicutes,Clostridia,Oscillospirales  ,Oscillospiraceae  ,UCG-002   ,gut metagenome
ASV_2446,Bacteria,Firmicutes,Clostridia,Lachnospirales  ,Lachnospiraceae  ,Lachnospira   ,gut metagenome
ASV_2447,Bacteria,Bacteroidota,Bacteroidia,Bacteroidales  ,Bacteroidaceae  ,Bacteroides   ,Bacteroides vulgatus
ASV_2448,Bacteria,Firmicutes,Clostridia,Lachnospirales  ,Lachnospiraceae  ,Lachnospiraceae UCG-004  ,uncultured organism
ASV_2449,Bacteria,Bacteroidota,Bacteroidia,Bacteroidales  ,Prevotellaceae  ,Prevotella 9  ,metagenome 
ASV_2450,Bacteria,Firmicutes,Clostridia,Oscillospirales  ,Ruminococcaceae  ,Faecalibacterium   ,NA
ASV_2451,Bacteria,Firmicutes,Clostridia,Lachnospirales  ,Lachnospiraceae  ,Roseburia   ,NA
ASV_2452,Bacteria,Firmicutes,Clostridia,Lachnospirales  ,Lachnospiraceae  ,Lachnospiraceae UCG-004  ,uncultured organism
ASV_2453,Bacteria,Actinobacteriota,Coriobacteriia,Coriobacteriales  ,Coriobacteriaceae  ,Collinsella   ,Collinsella aerofaciens
ASV_2454,Bacteria,Firmicutes,Clostridia,Lachnospirales  ,Lachnospiraceae  ,Coprococcus   ,Lachnospiraceae bacterium
ASV_2455,Bacteria,Firmicutes,Clostridia,Lachnospirales  ,Lachnospiraceae  ,Dorea   ,uncultured Dorea
ASV_2456,Bacteria,Firmicutes,Clostridia,NA,NA,NA,NA
ASV_2457,Bacteria,Firmicutes,Clostridia,Lachnospirales  ,Lachnospiraceae  ,Tyzzerella   ,Tyzzerella sp.
ASV_2458,Bacteria,Firmicutes,Clostridia,Oscillospirales  ,Oscillospirales  ,Hydrogenoanaerobacterium   ,Selenomonadales bacterium
ASV_2459,Bacteria,Firmicutes,Clostridia,Lachnospirales  ,Lachnospiraceae  ,Coprococcus   ,Lachnospiraceae bacterium
ASV_2460,Bacteria,Bacteroidota,Bacteroidia,Bacteroidales  ,Marinifilaceae  ,Butyricimonas   ,uncultured bacterium
ASV_2461,Bacteria,Firmicutes,Negativicutes,Veillonellales-Selenomonadales  ,Veillonellaceae  ,Dialister   ,Dialister sp.
ASV_2462,Bacteria,Proteobacteria,Gammaproteobacteria,Burkholderiales  ,Sutterellaceae  ,Parasutterella   ,uncultured organism
ASV_2463,Bacteria,Firmicutes,Clostridia,Oscillospirales  ,Ruminococcaceae  ,Ruminococcus   ,Ruminococcus bicirculans
ASV_2464,Bacteria,Firmicutes,Clostridia,Oscillospirales  ,Ruminococcaceae  ,uncultured   ,human gut
ASV_2465,Bacteria,Bacteroidota,Bacteroidia,Bacteroidales  ,Bacteroidaceae  ,Bacteroides   ,Bacteroides intestinalis
ASV_2466,Bacteria,Firmicutes,Clostridia,Peptostreptococcales-Tissierellales  ,Peptostreptococcaceae  ,Romboutsia   ,uncultured bacterium
ASV_2467,Bacteria,Firmicutes,Bacilli,Erysipelotrichales  ,Erysipelotrichaceae  ,Turicibacter   ,uncultured bacterium
ASV_2468,Bacteria,Actinobacteriota,Actinobacteria,Bifidobacteriales  ,Bifidobacteriaceae  ,Bifidobacterium   ,Bifidobacterium longum
ASV_2469,Bacteria,Bacteroidota,Bacteroidia,Bacteroidales  ,Tannerellaceae  ,Parabacteroides   ,Parabacteroides distasonis
ASV_2470,Bacteria,Firmicutes,Clostridia,Lachnospirales  ,Lachnospiraceae  ,Lachnospira   ,NA
ASV_2471,Bacteria,Bacteroidota,Bacteroidia,Bacteroidales  ,Bacteroidaceae  ,Bacteroides   ,Bacteroides uniformis
ASV_2472,Bacteria,Bacteroidota,Bacteroidia,Bacteroidales  ,Prevotellaceae  ,Prevotella 9  ,uncultured organism
ASV_2473,Bacteria,Firmicutes,Bacilli,Bacillales  ,Bacillaceae  ,Bacillus   ,NA
ASV_2474,Bacteria,Firmicutes,Negativicutes,Acidaminococcales  ,Acidaminococcaceae  ,Phascolarctobacterium   ,uncultured organism
ASV_2475,Bacteria,Bacteroidota,Bacteroidia,Bacteroidales  ,Bacteroidaceae  ,Bacteroides   ,Bacteroides ovatus
ASV_2476,Bacteria,Firmicutes,Clostridia,Lachnospirales  ,Lachnospiraceae  ,Ruminococcus torques group ,Ruminococcus lactaris
ASV_2477,Bacteria,Firmicutes,Negativicutes,Veillonellales-Selenomonadales  ,Veillonellaceae  ,Dialister   ,NA
ASV_2478,Bacteria,Bacteroidota,Bacteroidia,Bacteroidales  ,Bacteroidaceae  ,Bacteroides   ,Bacteroides vulgatus
ASV_2479,Bacteria,Firmicutes,Clostridia,Oscillospirales  ,Oscillospiraceae  ,NK4A214 group  ,metagenome 
ASV_2480,Bacteria,Bacteroidota,Bacteroidia,Bacteroidales  ,Bacteroidaceae  ,Bacteroides   ,Bacteroides eggerthii
ASV_2481,Bacteria,Firmicutes,Clostridia,Lachnospirales  ,Lachnospiraceae  ,Lachnospira   ,NA
ASV_2482,Bacteria,Bacteroidota,Bacteroidia,Bacteroidales  ,Bacteroidaceae  ,Bacteroides   ,Bacteroides fragilis
ASV_2483,Bacteria,Firmicutes,NA,NA,NA,NA,NA
ASV_2484,Bacteria,Firmicutes,Clostridia,Oscillospirales  ,Ruminococcaceae  ,uncultured   ,gut metagenome
ASV_2485,Bacteria,Bacteroidota,Bacteroidia,Bacteroidales  ,NA,NA,NA
ASV_2486,Bacteria,Bacteroidota,Bacteroidia,Bacteroidales  ,Bacteroidaceae  ,Bacteroides   ,Bacteroides ovatus
ASV_2487,Bacteria,Firmicutes,Clostridia,Oscillospirales  ,Ruminococcaceae  ,Eubacterium siraeum group ,uncultured bacterium
ASV_2488,Bacteria,Firmicutes,Clostridia,Oscillospirales  ,Oscillospiraceae  ,NK4A214 group  ,metagenome 
ASV_2489,Bacteria,Firmicutes,Clostridia,Oscillospirales  ,Oscillospiraceae  ,Intestinimonas   ,uncultured organism
ASV_2490,Bacteria,Bacteroidota,Bacteroidia,Bacteroidales  ,Bacteroidaceae  ,Bacteroides   ,Bacteroides uniformis
ASV_2491,Bacteria,Firmicutes,Negativicutes,Veillonellales-Selenomonadales  ,Veillonellaceae  ,Megasphaera   ,uncultured organism
ASV_2492,Bacteria,Firmicutes,Clostridia,Oscillospirales  ,Oscillospiraceae  ,NK4A214 group  ,uncultured organism
ASV_2493,Bacteria,Firmicutes,Clostridia,Lachnospirales  ,Lachnospiraceae  ,Ruminococcus torques group ,Ruminococcus lactaris
ASV_2494,Bacteria,Firmicutes,Bacilli,Bacillales  ,Bacillaceae  ,Bacillus   ,NA
ASV_2495,Bacteria,Bacteroidota,Bacteroidia,Bacteroidales  ,Bacteroidaceae  ,Bacteroides   ,NA
ASV_2496,Bacteria,Firmicutes,Clostridia,Lachnospirales  ,Lachnospiraceae  ,uncultured   ,human gut
ASV_2497,Bacteria,Bacteroidota,Bacteroidia,Bacteroidales  ,Prevotellaceae  ,Prevotella 9  ,uncultured organism
ASV_2498,Bacteria,Firmicutes,Clostridia,Lachnospirales  ,Lachnospiraceae  ,Lachnoclostridium   ,NA
ASV_2499,Bacteria,Firmicutes,Clostridia,Lachnospirales  ,Lachnospiraceae  ,Blautia   ,Blautia caecimuris
ASV_2500,Bacteria,Firmicutes,Clostridia,Oscillospirales  ,Ruminococcaceae  ,NA,NA
ASV_2501,Bacteria,Firmicutes,Clostridia,Lachnospirales  ,Lachnospiraceae  ,Lachnoclostridium   ,uncultured organism
ASV_2502,Bacteria,Proteobacteria,Gammaproteobacteria,Burkholderiales  ,Oxalobacteraceae  ,Oxalobacter   ,Oxalobacter formigenes
ASV_2503,Bacteria,Firmicutes,Clostridia,Lachnospirales  ,Lachnospiraceae  ,Eubacterium ventriosum group ,uncultured Lachnospiraceae
ASV_2504,Bacteria,Firmicutes,NA,NA,NA,NA,NA
ASV_2505,Bacteria,Proteobacteria,Gammaproteobacteria,Burkholderiales  ,Sutterellaceae  ,Sutterella   ,Sutterellaceae bacterium
ASV_2506,Bacteria,Bacteroidota,Bacteroidia,Bacteroidales  ,Bacteroidaceae  ,Bacteroides   ,Bacteroides vulgatus
ASV_2507,Bacteria,Firmicutes,Bacilli,Erysipelotrichales  ,Erysipelatoclostridiaceae  ,Erysipelatoclostridium   ,Erysipelatoclostridium ramosum
ASV_2508,Bacteria,Firmicutes,Bacilli,Erysipelotrichales  ,Erysipelatoclostridiaceae  ,Candidatus Stoquefichus  ,Longibaculum muris
ASV_2509,Bacteria,Bacteroidota,Bacteroidia,Bacteroidales  ,Bacteroidaceae  ,Bacteroides   ,Bacteroides uniformis
ASV_2510,Bacteria,Firmicutes,Clostridia,Oscillospirales  ,Ruminococcaceae  ,Eubacterium siraeum group ,uncultured bacterium
ASV_2511,Bacteria,Firmicutes,Clostridia,Lachnospirales  ,Lachnospiraceae  ,Lachnospiraceae NK4A136 group ,gut metagenome
ASV_2512,Bacteria,Firmicutes,Clostridia,Lachnospirales  ,Lachnospiraceae  ,NA,NA
ASV_2513,Bacteria,Bacteroidota,Bacteroidia,Bacteroidales  ,Bacteroidaceae  ,Bacteroides   ,Bacteroides massiliensis
ASV_2514,Bacteria,Bacteroidota,Bacteroidia,Bacteroidales  ,Tannerellaceae  ,Parabacteroides   ,Parabacteroides distasonis
ASV_2515,Bacteria,Firmicutes,Clostridia,Oscillospirales  ,Ruminococcaceae  ,uncultured   ,human gut
ASV_2516,Bacteria,Firmicutes,Bacilli,Erysipelotrichales  ,Erysipelatoclostridiaceae  ,Candidatus Stoquefichus  ,Longibaculum muris
ASV_2517,Bacteria,Firmicutes,Clostridia,Lachnospirales  ,Lachnospiraceae  ,Blautia   ,Ruminococcus sp.
ASV_2518,Bacteria,Firmicutes,Bacilli,Lactobacillales  ,Lactobacillaceae  ,Limosilactobacillus   ,Lactobacillus fermentum
ASV_2519,Bacteria,Firmicutes,Clostridia,Peptostreptococcales-Tissierellales  ,Peptostreptococcaceae  ,Intestinibacter   ,uncultured bacterium
ASV_2520,Bacteria,Firmicutes,Clostridia,Lachnospirales  ,Lachnospiraceae  ,Ruminococcus torques group ,uncultured organism
ASV_2521,Bacteria,Firmicutes,Clostridia,Oscillospirales  ,Ruminococcaceae  ,uncultured   ,gut metagenome
ASV_2522,Bacteria,Firmicutes,Clostridia,Oscillospirales  ,Oscillospiraceae  ,UCG-005   ,gut metagenome
ASV_2523,Bacteria,Bacteroidota,Bacteroidia,Bacteroidales  ,Marinifilaceae  ,Butyricimonas   ,uncultured organism
ASV_2524,Bacteria,Bacteroidota,Bacteroidia,Bacteroidales  ,NA,NA,NA
ASV_2525,Bacteria,Firmicutes,Clostridia,Lachnospirales  ,Lachnospiraceae  ,Lachnoclostridium   ,human gut
ASV_2526,Bacteria,Firmicutes,Clostridia,Oscillospirales  ,Oscillospiraceae  ,Colidextribacter   ,gut metagenome
ASV_2527,Bacteria,Firmicutes,Clostridia,Clostridia vadinBB60 group,Clostridia vadinBB60 group,Clostridia vadinBB60 group ,uncultured bacterium
ASV_2528,Bacteria,Firmicutes,Clostridia,Lachnospirales  ,Lachnospiraceae  ,Lachnospiraceae UCG-010  ,uncultured organism
ASV_2529,Bacteria,Firmicutes,Clostridia,Oscillospirales  ,Butyricicoccaceae  ,Butyricicoccus   ,uncultured organism
ASV_2530,Bacteria,Firmicutes,Clostridia,Lachnospirales  ,Lachnospiraceae  ,Lachnospira   ,uncultured organism
ASV_2531,Bacteria,Proteobacteria,Gammaproteobacteria,Burkholderiales  ,Sutterellaceae  ,Sutterella   ,uncultured bacterium
ASV_2532,Bacteria,Bacteroidota,Bacteroidia,Bacteroidales  ,Prevotellaceae  ,Prevotella 9  ,metagenome 
ASV_2533,Bacteria,Firmicutes,Clostridia,Christensenellales  ,Christensenellaceae  ,Christensenellaceae R-7 group ,uncultured prokaryote
ASV_2534,Bacteria,Proteobacteria,Gammaproteobacteria,Burkholderiales  ,Sutterellaceae  ,Sutterella   ,Sutterellaceae bacterium
ASV_2535,Bacteria,Bacteroidota,Bacteroidia,Bacteroidales  ,Prevotellaceae  ,Paraprevotella   ,NA
ASV_2536,Bacteria,Bacteroidota,Bacteroidia,Bacteroidales  ,Tannerellaceae  ,Parabacteroides   ,Parabacteroides distasonis
ASV_2537,Bacteria,Bacteroidota,Bacteroidia,Bacteroidales  ,Prevotellaceae  ,Paraprevotella   ,Paraprevotella clara
ASV_2538,Bacteria,Firmicutes,Clostridia,Christensenellales  ,Christensenellaceae  ,Christensenellaceae R-7 group ,uncultured Spirochaetales
ASV_2539,Bacteria,Firmicutes,Clostridia,Lachnospirales  ,Lachnospiraceae  ,Lachnospira   ,NA
ASV_2540,Bacteria,Firmicutes,Clostridia,Christensenellales  ,Christensenellaceae  ,Christensenellaceae R-7 group ,Clostridiales bacterium
ASV_2541,Bacteria,Firmicutes,Clostridia,Oscillospirales  ,Butyricicoccaceae  ,Butyricicoccus   ,uncultured organism
ASV_2542,Bacteria,Bacteroidota,Bacteroidia,Bacteroidales  ,Bacteroidaceae  ,Bacteroides   ,Bacteroides coprocola
ASV_2543,Bacteria,Firmicutes,Clostridia,Lachnospirales  ,Lachnospiraceae  ,Agathobacter   ,Eubacterium ramulus
ASV_2544,Bacteria,Firmicutes,Clostridia,Lachnospirales  ,Lachnospiraceae  ,Lachnospiraceae NK4A136 group ,gut metagenome
ASV_2545,Bacteria,Firmicutes,Clostridia,Lachnospirales  ,Lachnospiraceae  ,Eubacterium hallii group ,uncultured organism
ASV_2546,Bacteria,Firmicutes,Clostridia,NA,NA,NA,NA
ASV_2547,Bacteria,Proteobacteria,Gammaproteobacteria,Burkholderiales  ,Sutterellaceae  ,Parasutterella   ,uncultured organism
ASV_2548,Bacteria,Firmicutes,Bacilli,Lactobacillales  ,Enterococcaceae  ,Enterococcus   ,Enterococcus durans
ASV_2549,Bacteria,Bacteroidota,Bacteroidia,Bacteroidales  ,Bacteroidaceae  ,Bacteroides   ,Bacteroides fragilis
ASV_2550,Bacteria,Firmicutes,Clostridia,Oscillospirales  ,Ruminococcaceae  ,Faecalibacterium   ,metagenome 
ASV_2551,Bacteria,Firmicutes,Clostridia,Lachnospirales  ,Lachnospiraceae  ,Anaerostipes   ,NA
ASV_2552,Bacteria,Firmicutes,Clostridia,Lachnospirales  ,Lachnospiraceae  ,Lachnospiraceae NK4A136 group ,gut metagenome
ASV_2553,Bacteria,Firmicutes,Clostridia,Oscillospirales  ,Ruminococcaceae  ,CAG-352   ,uncultured bacterium
ASV_2554,Bacteria,Firmicutes,Clostridia,Lachnospirales  ,Lachnospiraceae  ,Lachnospiraceae FCS020 group ,uncultured organism
ASV_2555,Bacteria,Firmicutes,Negativicutes,Veillonellales-Selenomonadales  ,Veillonellaceae  ,Megasphaera   ,uncultured organism
ASV_2556,Bacteria,Firmicutes,Clostridia,Lachnospirales  ,Lachnospiraceae  ,Lachnoclostridium   ,human gut
ASV_2557,Bacteria,Firmicutes,Bacilli,Erysipelotrichales  ,Erysipelotrichaceae  ,Turicibacter   ,Turicibacter sanguinis
ASV_2558,Bacteria,Bacteroidota,Bacteroidia,Bacteroidales  ,Bacteroidaceae  ,Bacteroides   ,Bacteroides plebeius
ASV_2559,Bacteria,Bacteroidota,Bacteroidia,Bacteroidales  ,Bacteroidaceae  ,Bacteroides   ,Bacteroides vulgatus
ASV_2560,Bacteria,Bacteroidota,Bacteroidia,Bacteroidales  ,Tannerellaceae  ,Parabacteroides   ,Parabacteroides distasonis
ASV_2561,Bacteria,Firmicutes,Clostridia,Monoglobales  ,Monoglobaceae  ,Monoglobus   ,uncultured Clostridiales
ASV_2562,Bacteria,Firmicutes,Bacilli,Lactobacillales  ,Streptococcaceae  ,Streptococcus   ,Streptococcus australis
ASV_2563,Bacteria,Firmicutes,Clostridia,Lachnospirales  ,Lachnospiraceae  ,Roseburia   ,uncultured organism
ASV_2564,Bacteria,Firmicutes,Clostridia,Lachnospirales  ,Lachnospiraceae  ,uncultured   ,Faecalimonas umbilicata
ASV_2565,Bacteria,Firmicutes,Clostridia,Lachnospirales  ,Lachnospiraceae  ,Lachnospiraceae NK4A136 group ,gut metagenome
ASV_2566,Bacteria,Firmicutes,Clostridia,Lachnospirales  ,Lachnospiraceae  ,Lachnoclostridium   ,NA
ASV_2567,Bacteria,Proteobacteria,Gammaproteobacteria,Burkholderiales  ,Oxalobacteraceae  ,Oxalobacter   ,Oxalobacter formigenes
ASV_2568,Bacteria,Firmicutes,Clostridia,Clostridia UCG-014 ,Clostridia UCG-014 ,Clostridia UCG-014  ,uncultured bacterium
ASV_2569,Bacteria,Bacteroidota,Bacteroidia,Bacteroidales  ,Bacteroidaceae  ,Bacteroides   ,Bacteroides cellulosilyticus
ASV_2570,Bacteria,Cyanobacteria,Vampirivibrionia,Gastranaerophilales  ,Gastranaerophilales  ,Gastranaerophilales   ,uncultured bacterium
ASV_2571,Bacteria,Actinobacteriota,Coriobacteriia,Coriobacteriales  ,Coriobacteriaceae  ,Collinsella   ,Collinsella aerofaciens
ASV_2572,Bacteria,Firmicutes,Clostridia,Oscillospirales  ,Ruminococcaceae  ,Faecalibacterium   ,NA
ASV_2573,Bacteria,Firmicutes,Clostridia,Oscillospirales  ,Oscillospiraceae  ,UCG-002   ,uncultured Firmicutes
ASV_2574,Bacteria,Firmicutes,Clostridia,Oscillospirales  ,Ruminococcaceae  ,Eubacterium siraeum group ,Eubacterium siraeum
ASV_2575,Bacteria,Firmicutes,Clostridia,Lachnospirales  ,Lachnospiraceae  ,Eubacterium hallii group ,uncultured organism
ASV_2576,Bacteria,Firmicutes,Clostridia,Oscillospirales  ,Ruminococcaceae  ,Incertae Sedis  ,Carnobacterium sp.
ASV_2577,Bacteria,Firmicutes,Clostridia,Oscillospirales  ,Ruminococcaceae  ,Faecalibacterium   ,NA
ASV_2578,Bacteria,Firmicutes,Clostridia,Oscillospirales  ,Ruminococcaceae  ,Faecalibacterium   ,NA
ASV_2579,Bacteria,Firmicutes,Clostridia,Lachnospirales  ,Lachnospiraceae  ,NA,NA
ASV_2580,Bacteria,Bacteroidota,Bacteroidia,Bacteroidales  ,Tannerellaceae  ,Parabacteroides   ,Parabacteroides distasonis
ASV_2581,Bacteria,Firmicutes,Clostridia,Lachnospirales  ,Lachnospiraceae  ,Ruminococcus torques group ,NA
ASV_2582,Bacteria,Actinobacteriota,Coriobacteriia,Coriobacteriales  ,Coriobacteriaceae  ,Collinsella   ,Collinsella aerofaciens
ASV_2583,Bacteria,Bacteroidota,Bacteroidia,Bacteroidales  ,Bacteroidaceae  ,Bacteroides   ,Bacteroides uniformis
ASV_2584,Bacteria,Bacteroidota,Bacteroidia,Bacteroidales  ,Rikenellaceae  ,Alistipes   ,uncultured organism
ASV_2585,Bacteria,Firmicutes,Clostridia,Lachnospirales  ,Lachnospiraceae  ,Lachnoclostridium   ,Clostridium scindens
ASV_2586,Bacteria,Firmicutes,Bacilli,Erysipelotrichales  ,Erysipelatoclostridiaceae  ,Erysipelatoclostridium   ,Erysipelatoclostridium ramosum
ASV_2587,Bacteria,Firmicutes,Clostridia,Lachnospirales  ,Lachnospiraceae  ,Coprococcus   ,metagenome 
ASV_2588,Bacteria,Bacteroidota,Bacteroidia,Bacteroidales  ,Rikenellaceae  ,Alistipes   ,Alistipes finegoldii
ASV_2589,Bacteria,Firmicutes,Negativicutes,Veillonellales-Selenomonadales  ,Veillonellaceae  ,Dialister   ,Dialister sp.
ASV_2590,Bacteria,Firmicutes,Clostridia,Lachnospirales  ,Lachnospiraceae  ,Lachnospiraceae UCG-004  ,uncultured organism
ASV_2591,Bacteria,Proteobacteria,Alphaproteobacteria,Rhodospirillales  ,uncultured  ,uncultured   ,gut metagenome
ASV_2592,Bacteria,Firmicutes,Clostridia,Oscillospirales  ,Oscillospiraceae  ,UCG-002   ,gut metagenome
ASV_2593,Bacteria,Firmicutes,Clostridia,Lachnospirales  ,Lachnospiraceae  ,Lachnospira   ,uncultured organism
ASV_2594,Bacteria,Firmicutes,Clostridia,Lachnospirales  ,Lachnospiraceae  ,Lachnoclostridium   ,human gut
ASV_2595,Bacteria,Bacteroidota,Bacteroidia,Bacteroidales  ,Marinifilaceae  ,Odoribacter   ,Odoribacter splanchnicus
ASV_2596,Bacteria,Firmicutes,Clostridia,Oscillospirales  ,Ruminococcaceae  ,Faecalibacterium   ,metagenome 
ASV_2597,Bacteria,Bacteroidota,Bacteroidia,Bacteroidales  ,Rikenellaceae  ,Alistipes   ,Alistipes shahii
ASV_2598,Bacteria,Firmicutes,Clostridia,NA,NA,NA,NA
ASV_2599,Bacteria,Bacteroidota,Bacteroidia,Bacteroidales  ,Prevotellaceae  ,Prevotella 9  ,NA
ASV_2600,Bacteria,Bacteroidota,Bacteroidia,Bacteroidales  ,Bacteroidaceae  ,Bacteroides   ,Bacteroides fragilis
ASV_2601,Bacteria,Firmicutes,Clostridia,Oscillospirales  ,Butyricicoccaceae  ,Butyricicoccus   ,uncultured organism
ASV_2602,Bacteria,Firmicutes,Clostridia,Oscillospirales  ,Ruminococcaceae  ,CAG-352   ,uncultured bacterium
ASV_2603,Bacteria,Firmicutes,Clostridia,Oscillospirales  ,Oscillospiraceae  ,UCG-005   ,uncultured organism
ASV_2604,Bacteria,Bacteroidota,Bacteroidia,Bacteroidales  ,Prevotellaceae  ,Prevotella 9  ,metagenome 
ASV_2605,Bacteria,Verrucomicrobiota,Lentisphaeria,Victivallales  ,vadinBE97  ,vadinBE97   ,uncultured rumen
ASV_2606,Bacteria,Actinobacteriota,Actinobacteria,Bifidobacteriales  ,Bifidobacteriaceae  ,Bifidobacterium   ,Bifidobacterium longum
ASV_2607,Bacteria,Firmicutes,Clostridia,Oscillospirales  ,Oscillospiraceae  ,NA,NA
ASV_2608,Bacteria,Bacteroidota,Bacteroidia,Bacteroidales  ,Marinifilaceae  ,Butyricimonas   ,NA
ASV_2609,Bacteria,Firmicutes,Clostridia,Lachnospirales  ,Lachnospiraceae  ,Lachnospiraceae UCG-008  ,uncultured organism
ASV_2610,Bacteria,Cyanobacteria,Vampirivibrionia,Gastranaerophilales  ,Gastranaerophilales  ,Gastranaerophilales   ,Clostridium sp.
ASV_2611,Bacteria,Firmicutes,Clostridia,Peptostreptococcales-Tissierellales  ,Peptostreptococcaceae  ,Romboutsia   ,uncultured bacterium
ASV_2612,Bacteria,Firmicutes,Clostridia,Oscillospirales  ,Ruminococcaceae  ,Angelakisella   ,uncultured bacterium
ASV_2613,Bacteria,Bacteroidota,Bacteroidia,Bacteroidales  ,Barnesiellaceae  ,Barnesiella   ,uncultured organism
ASV_2614,Bacteria,Firmicutes,Clostridia,Lachnospirales  ,Lachnospiraceae  ,Anaerostipes   ,NA
ASV_2615,Bacteria,Firmicutes,Clostridia,Lachnospirales  ,Lachnospiraceae  ,Roseburia   ,gut metagenome
ASV_2616,Bacteria,Firmicutes,Clostridia,Oscillospirales  ,Oscillospiraceae  ,UCG-002   ,uncultured Firmicutes
ASV_2617,Bacteria,Firmicutes,Clostridia,Lachnospirales  ,Lachnospiraceae  ,Agathobacter   ,Eubacterium ramulus
ASV_2618,Bacteria,Firmicutes,Clostridia,Lachnospirales  ,Lachnospiraceae  ,Agathobacter   ,uncultured bacterium
ASV_2619,Bacteria,Firmicutes,Clostridia,Lachnospirales  ,Lachnospiraceae  ,Lachnoclostridium   ,human gut
ASV_2620,Bacteria,Firmicutes,Clostridia,NA,NA,NA,NA
ASV_2621,Bacteria,Firmicutes,Clostridia,Oscillospirales  ,Ruminococcaceae  ,Eubacterium siraeum group ,Eubacterium siraeum
ASV_2622,Bacteria,Bacteroidota,Bacteroidia,Bacteroidales  ,Prevotellaceae  ,Prevotella 9  ,metagenome 
ASV_2623,Bacteria,Firmicutes,Clostridia,Lachnospirales  ,Lachnospiraceae  ,Lachnoclostridium   ,human gut
ASV_2624,Bacteria,Firmicutes,Clostridia,Oscillospirales  ,Ruminococcaceae  ,Anaerotruncus   ,uncultured organism
ASV_2625,Bacteria,Firmicutes,Clostridia,Peptostreptococcales-Tissierellales  ,Peptostreptococcaceae  ,Romboutsia   ,uncultured bacterium
ASV_2626,Bacteria,Firmicutes,Clostridia,Oscillospirales  ,Ruminococcaceae  ,Subdoligranulum   ,uncultured organism
ASV_2627,Bacteria,Firmicutes,Clostridia,Oscillospirales  ,Ruminococcaceae  ,uncultured   ,NA
ASV_2628,Bacteria,Firmicutes,Clostridia,Monoglobales  ,Monoglobaceae  ,Monoglobus   ,uncultured organism
ASV_2629,Bacteria,Firmicutes,Clostridia,Oscillospirales  ,Oscillospiraceae  ,UCG-002   ,NA
ASV_2630,Bacteria,Firmicutes,Clostridia,Lachnospirales  ,Lachnospiraceae  ,Roseburia   ,NA
ASV_2631,Bacteria,Proteobacteria,Alphaproteobacteria,Rhodospirillales  ,uncultured  ,uncultured   ,uncultured organism
ASV_2632,Bacteria,Firmicutes,Clostridia,Lachnospirales  ,Lachnospiraceae  ,Eubacterium hallii group ,uncultured organism
ASV_2633,Bacteria,Firmicutes,Clostridia,Lachnospirales  ,Lachnospiraceae  ,Eubacterium hallii group ,uncultured organism
ASV_2634,Bacteria,Bacteroidota,Bacteroidia,Bacteroidales  ,Bacteroidaceae  ,Bacteroides   ,Bacteroides cellulosilyticus
ASV_2635,Bacteria,Cyanobacteria,Vampirivibrionia,Gastranaerophilales  ,Gastranaerophilales  ,Gastranaerophilales   ,Candidatus Gastranaerophilales
ASV_2636,Bacteria,Firmicutes,Clostridia,Peptostreptococcales-Tissierellales  ,Anaerovoracaceae  ,Family XIII UCG-001 ,uncultured bacterium
ASV_2637,Bacteria,Firmicutes,Clostridia,Lachnospirales  ,Lachnospiraceae  ,uncultured   ,human gut
ASV_2638,Bacteria,Firmicutes,Clostridia,Lachnospirales  ,Lachnospiraceae  ,Lachnospiraceae FCS020 group ,uncultured Clostridium
ASV_2639,Bacteria,Bacteroidota,Bacteroidia,Bacteroidales  ,NA,NA,NA
ASV_2640,Bacteria,Firmicutes,Clostridia,Lachnospirales  ,Lachnospiraceae  ,Agathobacter   ,Eubacterium ramulus
ASV_2641,Bacteria,Bacteroidota,Bacteroidia,Bacteroidales  ,Marinifilaceae  ,Butyricimonas   ,uncultured organism
ASV_2642,Bacteria,Firmicutes,Clostridia,Oscillospirales  ,Ruminococcaceae  ,Faecalibacterium   ,uncultured Faecalibacterium
ASV_2643,Bacteria,Bacteroidota,Bacteroidia,Bacteroidales  ,Prevotellaceae  ,Prevotella 9  ,NA
ASV_2644,Bacteria,Firmicutes,Clostridia,Monoglobales  ,Monoglobaceae  ,Monoglobus   ,Monoglobus pectinilyticus
ASV_2645,Bacteria,Firmicutes,Bacilli,Erysipelotrichales  ,Erysipelotrichaceae  ,Clostridium innocuum group ,uncultured bacterium
ASV_2646,Bacteria,Firmicutes,Negativicutes,Veillonellales-Selenomonadales  ,Veillonellaceae  ,Dialister   ,NA
ASV_2647,Bacteria,Firmicutes,Clostridia,Oscillospirales  ,Oscillospiraceae  ,UCG-002   ,gut metagenome
ASV_2648,Bacteria,Firmicutes,Clostridia,Monoglobales  ,Monoglobaceae  ,Monoglobus   ,Monoglobus pectinilyticus
ASV_2649,Bacteria,Firmicutes,Clostridia,Lachnospirales  ,Lachnospiraceae  ,Lachnospira   ,NA
ASV_2650,Bacteria,Firmicutes,Clostridia,Oscillospirales  ,Ruminococcaceae  ,Faecalibacterium   ,NA
ASV_2651,Bacteria,Firmicutes,Clostridia,Oscillospirales  ,Ruminococcaceae  ,Faecalibacterium   ,metagenome 
ASV_2652,Bacteria,Firmicutes,Clostridia,Oscillospirales  ,Oscillospiraceae  ,NK4A214 group  ,metagenome 
ASV_2653,Bacteria,Bacteroidota,Bacteroidia,Bacteroidales  ,Rikenellaceae  ,Alistipes   ,Alistipes indistinctus
ASV_2654,Bacteria,Firmicutes,Clostridia,Clostridia UCG-014 ,Clostridia UCG-014 ,Clostridia UCG-014  ,gut metagenome
ASV_2655,Bacteria,Bacteroidota,Bacteroidia,Bacteroidales  ,Rikenellaceae  ,Alistipes   ,Alistipes finegoldii
ASV_2656,Bacteria,Firmicutes,Clostridia,Lachnospirales  ,Lachnospiraceae  ,Blautia   ,NA
ASV_2657,Bacteria,Bacteroidota,Bacteroidia,Bacteroidales  ,Prevotellaceae  ,Prevotella   ,gut metagenome
ASV_2658,Bacteria,Firmicutes,Clostridia,Monoglobales  ,Monoglobaceae  ,Monoglobus   ,Monoglobus pectinilyticus
ASV_2659,Bacteria,Bacteroidota,Bacteroidia,Bacteroidales  ,Barnesiellaceae  ,Barnesiella   ,uncultured organism
ASV_2660,Bacteria,Proteobacteria,Alphaproteobacteria,Rhodospirillales  ,uncultured  ,uncultured   ,NA
ASV_2661,Bacteria,Bacteroidota,Bacteroidia,Bacteroidales  ,Prevotellaceae  ,Prevotella   ,gut metagenome
ASV_2662,Bacteria,Firmicutes,Clostridia,Oscillospirales  ,Butyricicoccaceae  ,Butyricicoccus   ,uncultured organism
ASV_2663,Bacteria,Firmicutes,Clostridia,Lachnospirales  ,Lachnospiraceae  ,Blautia   ,Blautia sp.
ASV_2664,Bacteria,Proteobacteria,Gammaproteobacteria,Burkholderiales  ,Sutterellaceae  ,Sutterella   ,Burkholderia sp.
ASV_2665,Bacteria,Firmicutes,Clostridia,Oscillospirales  ,Butyricicoccaceae  ,Butyricicoccus   ,uncultured organism
ASV_2666,Bacteria,Firmicutes,Bacilli,Erysipelotrichales  ,Erysipelatoclostridiaceae  ,Erysipelatoclostridium   ,Erysipelatoclostridium ramosum
ASV_2667,Bacteria,Bacteroidota,Bacteroidia,Bacteroidales  ,Bacteroidaceae  ,Bacteroides   ,Bacteroides eggerthii
ASV_2668,Bacteria,Bacteroidota,Bacteroidia,Bacteroidales  ,Rikenellaceae  ,Alistipes   ,Bacteroides sp.
ASV_2669,Bacteria,Bacteroidota,Bacteroidia,Bacteroidales  ,Bacteroidaceae  ,Bacteroides   ,NA
ASV_2670,Bacteria,Bacteroidota,Bacteroidia,Bacteroidales  ,Prevotellaceae  ,Prevotella 9  ,uncultured organism
ASV_2671,Bacteria,Firmicutes,Clostridia,Peptostreptococcales-Tissierellales  ,Peptostreptococcaceae  ,Romboutsia   ,uncultured bacterium
ASV_2672,Bacteria,Bacteroidota,Bacteroidia,Bacteroidales  ,Tannerellaceae  ,Parabacteroides   ,Parabacteroides distasonis
ASV_2673,Bacteria,Verrucomicrobiota,Verrucomicrobiae,Verrucomicrobiales  ,Akkermansiaceae  ,Akkermansia   ,NA
ASV_2674,Bacteria,Firmicutes,Clostridia,Lachnospirales  ,Lachnospiraceae  ,Hungatella   ,uncultured bacterium
ASV_2675,Bacteria,Bacteroidota,Bacteroidia,Bacteroidales  ,Bacteroidaceae  ,Bacteroides   ,Bacteroides uniformis
ASV_2676,Bacteria,Firmicutes,Clostridia,Lachnospirales  ,Lachnospiraceae  ,uncultured   ,uncultured organism
ASV_2677,Bacteria,Firmicutes,Bacilli,Lactobacillales  ,Lactobacillaceae  ,Limosilactobacillus   ,Lactobacillus fermentum
ASV_2678,Bacteria,Firmicutes,Clostridia,Oscillospirales  ,Ruminococcaceae  ,Faecalibacterium   ,NA
ASV_2679,Bacteria,Bacteroidota,Bacteroidia,Bacteroidales  ,Prevotellaceae  ,Paraprevotella   ,metagenome 
ASV_2680,Bacteria,Firmicutes,Clostridia,Lachnospirales  ,Lachnospiraceae  ,Blautia   ,NA
ASV_2681,Bacteria,Bacteroidota,Bacteroidia,Bacteroidales  ,Rikenellaceae  ,Alistipes   ,Alistipes finegoldii
ASV_2682,Bacteria,Firmicutes,Clostridia,Oscillospirales  ,Hungateiclostridiaceae  ,Ruminiclostridium   ,uncultured bacterium
ASV_2683,Bacteria,Proteobacteria,Gammaproteobacteria,Enterobacterales  ,Enterobacteriaceae  ,NA,NA
ASV_2684,Bacteria,Firmicutes,Clostridia,Oscillospirales  ,Oscillospiraceae  ,UCG-005   ,uncultured organism
ASV_2685,Bacteria,Firmicutes,Negativicutes,Veillonellales-Selenomonadales  ,Veillonellaceae  ,Dialister   ,Dialister sp.
ASV_2686,Bacteria,Proteobacteria,Gammaproteobacteria,Burkholderiales  ,Sutterellaceae  ,Parasutterella   ,uncultured organism
ASV_2687,Bacteria,Bacteroidota,Bacteroidia,Bacteroidales  ,Marinifilaceae  ,Butyricimonas   ,uncultured organism
ASV_2688,Bacteria,Bacteroidota,Bacteroidia,Bacteroidales  ,Barnesiellaceae  ,Barnesiella   ,uncultured organism
ASV_2689,Bacteria,Firmicutes,Clostridia,Oscillospirales  ,Ruminococcaceae  ,Subdoligranulum   ,uncultured organism
ASV_2690,Bacteria,Firmicutes,Clostridia,Lachnospirales  ,Lachnospiraceae  ,Lachnospira   ,gut metagenome
ASV_2691,Bacteria,Proteobacteria,Gammaproteobacteria,Burkholderiales  ,Sutterellaceae  ,Sutterella   ,uncultured bacterium
ASV_2692,Bacteria,Bacteroidota,Bacteroidia,Bacteroidales  ,Bacteroidaceae  ,Bacteroides   ,Bacteroides vulgatus
ASV_2693,Bacteria,Firmicutes,Clostridia,NA,NA,NA,NA
ASV_2694,Bacteria,Firmicutes,Clostridia,Oscillospirales  ,Eubacterium coprostanoligenes group,Eubacterium coprostanoligenes group ,gut metagenome
ASV_2695,Bacteria,Proteobacteria,Gammaproteobacteria,Burkholderiales  ,Sutterellaceae  ,Sutterella   ,gut metagenome
ASV_2696,Bacteria,Firmicutes,Clostridia,Lachnospirales  ,Lachnospiraceae  ,uncultured   ,uncultured organism
ASV_2697,Bacteria,Bacteroidota,Bacteroidia,Bacteroidales  ,Prevotellaceae  ,Paraprevotella   ,metagenome 
ASV_2698,Bacteria,Bacteroidota,Bacteroidia,Bacteroidales  ,Prevotellaceae  ,Paraprevotella   ,uncultured bacterium
ASV_2699,Bacteria,Bacteroidota,Bacteroidia,Bacteroidales  ,Rikenellaceae  ,Alistipes   ,Bacteroides sp.
ASV_2700,Bacteria,Cyanobacteria,Vampirivibrionia,Gastranaerophilales  ,Gastranaerophilales  ,Gastranaerophilales   ,Candidatus Gastranaerophilales
ASV_2701,Bacteria,Firmicutes,Clostridia,Oscillospirales  ,Oscillospiraceae  ,uncultured   ,uncultured bacterium
ASV_2702,Bacteria,Firmicutes,Clostridia,Oscillospirales  ,Oscillospiraceae  ,Flavonifractor   ,uncultured bacterium
ASV_2703,Bacteria,Firmicutes,Negativicutes,Veillonellales-Selenomonadales  ,Veillonellaceae  ,Dialister   ,Dialister sp.
ASV_2704,Bacteria,Bacteroidota,Bacteroidia,Bacteroidales  ,Bacteroidaceae  ,Bacteroides   ,Bacteroides ovatus
ASV_2705,Bacteria,Firmicutes,Bacilli,Lactobacillales  ,Streptococcaceae  ,Streptococcus   ,Streptococcus australis
ASV_2706,Bacteria,Firmicutes,Clostridia,Oscillospirales  ,Ruminococcaceae  ,NA,NA
ASV_2707,Bacteria,Firmicutes,Clostridia,Clostridia UCG-014 ,Clostridia UCG-014 ,Clostridia UCG-014  ,uncultured bacterium
ASV_2708,Bacteria,Firmicutes,Clostridia,Oscillospirales  ,Ruminococcaceae  ,Subdoligranulum   ,metagenome 
ASV_2709,Bacteria,Firmicutes,Clostridia,Oscillospirales  ,Ruminococcaceae  ,NA,NA
ASV_2710,Bacteria,Bacteroidota,Bacteroidia,Bacteroidales  ,Rikenellaceae  ,Alistipes   ,Alistipes finegoldii
ASV_2711,Bacteria,Firmicutes,Clostridia,Monoglobales  ,Monoglobaceae  ,Monoglobus   ,Monoglobus pectinilyticus
ASV_2712,Bacteria,Bacteroidota,Bacteroidia,Bacteroidales  ,Barnesiellaceae  ,Barnesiella   ,uncultured organism
ASV_2713,Bacteria,Bacteroidota,Bacteroidia,Bacteroidales  ,Tannerellaceae  ,Parabacteroides   ,Parabacteroides merdae
ASV_2714,Bacteria,Firmicutes,Clostridia,Oscillospirales  ,Ruminococcaceae  ,Incertae Sedis  ,Clostridium leptum
ASV_2715,Bacteria,Firmicutes,Clostridia,Lachnospirales  ,Lachnospiraceae  ,Eisenbergiella   ,uncultured organism
ASV_2716,Bacteria,Firmicutes,Clostridia,Lachnospirales  ,Lachnospiraceae  ,NA,NA
ASV_2717,Bacteria,Firmicutes,Clostridia,Lachnospirales  ,Lachnospiraceae  ,Ruminococcus gauvreauii group ,uncultured Clostridiales
ASV_2718,Bacteria,Actinobacteriota,Coriobacteriia,Coriobacteriales  ,Eggerthellaceae  ,Adlercreutzia   ,uncultured bacterium
ASV_2719,Bacteria,Bacteroidota,Bacteroidia,Bacteroidales  ,Bacteroidaceae  ,Bacteroides   ,Bacteroides massiliensis
ASV_2720,Bacteria,Firmicutes,Clostridia,Lachnospirales  ,Lachnospiraceae  ,Lachnoclostridium   ,uncultured organism
ASV_2721,Bacteria,Proteobacteria,Alphaproteobacteria,Rhodospirillales  ,uncultured  ,uncultured   ,gut metagenome
ASV_2722,Bacteria,Bacteroidota,Bacteroidia,Bacteroidales  ,Bacteroidaceae  ,Bacteroides   ,Bacteroides vulgatus
ASV_2723,Bacteria,Bacteroidota,Bacteroidia,Bacteroidales  ,Tannerellaceae  ,Parabacteroides   ,Parabacteroides merdae
ASV_2724,Bacteria,Bacteroidota,Bacteroidia,Bacteroidales  ,Bacteroidaceae  ,Bacteroides   ,Bacteroides clarus
ASV_2725,Bacteria,Firmicutes,Clostridia,Oscillospirales  ,Ruminococcaceae  ,Subdoligranulum   ,uncultured organism
ASV_2726,Bacteria,Actinobacteriota,Coriobacteriia,Coriobacteriales  ,Eggerthellaceae  ,Senegalimassilia   ,uncultured bacterium
ASV_2727,Bacteria,Verrucomicrobiota,Verrucomicrobiae,Verrucomicrobiales  ,Akkermansiaceae  ,Akkermansia   ,uncultured bacterium
ASV_2728,Bacteria,Bacteroidota,Bacteroidia,Bacteroidales  ,Bacteroidaceae  ,Bacteroides   ,Bacteroides plebeius
ASV_2729,Bacteria,Bacteroidota,Bacteroidia,Bacteroidales  ,Bacteroidaceae  ,Bacteroides   ,unidentified 
ASV_2730,Bacteria,Firmicutes,Clostridia,Oscillospirales  ,Ruminococcaceae  ,uncultured   ,uncultured Ruminococcus
ASV_2731,Bacteria,Firmicutes,Clostridia,Oscillospirales  ,Oscillospiraceae  ,UCG-005   ,gut metagenome
ASV_2732,Bacteria,Firmicutes,Clostridia,Lachnospirales  ,Lachnospiraceae  ,uncultured   ,uncultured organism
ASV_2733,Bacteria,Firmicutes,Clostridia,Lachnospirales  ,Lachnospiraceae  ,Lachnoclostridium   ,Clostridium glycyrrhizinilyticum
ASV_2734,Bacteria,Firmicutes,Negativicutes,Veillonellales-Selenomonadales  ,Veillonellaceae  ,Dialister   ,NA
ASV_2735,Bacteria,Proteobacteria,Alphaproteobacteria,Rhodospirillales  ,uncultured  ,uncultured   ,uncultured organism
ASV_2736,Bacteria,Firmicutes,Clostridia,Lachnospirales  ,Lachnospiraceae  ,Blautia   ,Ruminococcus sp.
ASV_2737,Bacteria,Firmicutes,Clostridia,Lachnospirales  ,Lachnospiraceae  ,Lachnoclostridium   ,human gut
ASV_2738,Bacteria,Bacteroidota,Bacteroidia,Bacteroidales  ,Bacteroidaceae  ,Bacteroides   ,Bacteroides uniformis
ASV_2739,Bacteria,Actinobacteriota,Coriobacteriia,Coriobacteriales  ,Eggerthellaceae  ,Eggerthella   ,uncultured bacterium
ASV_2740,Bacteria,Firmicutes,Clostridia,Oscillospirales  ,Hungateiclostridiaceae  ,Ruminiclostridium   ,uncultured bacterium
ASV_2741,Bacteria,Firmicutes,Clostridia,Lachnospirales  ,Lachnospiraceae  ,Lachnoclostridium   ,human gut
ASV_2742,Bacteria,Firmicutes,Clostridia,Lachnospirales  ,Lachnospiraceae  ,Lachnospiraceae UCG-004  ,NA
ASV_2743,Bacteria,Firmicutes,Clostridia,Clostridiales  ,Clostridiaceae  ,Clostridium sensu stricto 1,human gut
ASV_2744,Bacteria,Proteobacteria,Gammaproteobacteria,Enterobacterales  ,Pasteurellaceae  ,Haemophilus   ,uncultured bacterium
ASV_2745,Bacteria,Firmicutes,Clostridia,Lachnospirales  ,Lachnospiraceae  ,Ruminococcus torques group ,Ruminococcus faecis
ASV_2746,Bacteria,Firmicutes,Clostridia,Lachnospirales  ,Lachnospiraceae  ,Hungatella   ,uncultured bacterium
ASV_2747,Bacteria,Bacteroidota,Bacteroidia,Bacteroidales  ,Bacteroidaceae  ,Bacteroides   ,Bacteroides vulgatus
ASV_2748,Bacteria,Bacteroidota,Bacteroidia,Bacteroidales  ,Tannerellaceae  ,Parabacteroides   ,Parabacteroides distasonis
ASV_2749,Bacteria,Desulfobacterota,Desulfovibrionia,Desulfovibrionales  ,Desulfovibrionaceae  ,Bilophila   ,Bilophila wadsworthia
ASV_2750,Bacteria,Bacteroidota,Bacteroidia,Bacteroidales  ,Rikenellaceae  ,Alistipes   ,Bacteroides sp.
ASV_2751,Bacteria,Firmicutes,Bacilli,Izemoplasmatales  ,Izemoplasmatales  ,Izemoplasmatales   ,gut metagenome
ASV_2752,Bacteria,Bacteroidota,Bacteroidia,Bacteroidales  ,Bacteroidaceae  ,Bacteroides   ,Bacteroides vulgatus
ASV_2753,Bacteria,Actinobacteriota,Actinobacteria,Bifidobacteriales  ,Bifidobacteriaceae  ,Bifidobacterium   ,Bifidobacterium longum
ASV_2754,Bacteria,Firmicutes,Clostridia,Lachnospirales  ,Lachnospiraceae  ,Agathobacter   ,uncultured bacterium
ASV_2755,Bacteria,Firmicutes,Clostridia,Lachnospirales  ,Lachnospiraceae  ,NA,NA
ASV_2756,Bacteria,Bacteroidota,Bacteroidia,Bacteroidales  ,Prevotellaceae  ,Paraprevotella   ,Paraprevotella clara
ASV_2757,Bacteria,Bacteroidota,Bacteroidia,Bacteroidales  ,Marinifilaceae  ,Butyricimonas   ,uncultured organism
ASV_2758,Bacteria,Firmicutes,Clostridia,Oscillospirales  ,Oscillospiraceae  ,UCG-003   ,uncultured bacterium
ASV_2759,Bacteria,Bacteroidota,Bacteroidia,Bacteroidales  ,Bacteroidaceae  ,Bacteroides   ,Bacteroides uniformis
ASV_2760,Bacteria,Verrucomicrobiota,Verrucomicrobiae,Verrucomicrobiales  ,Akkermansiaceae  ,Akkermansia   ,NA
ASV_2761,Bacteria,Firmicutes,Clostridia,Oscillospirales  ,Ruminococcaceae  ,Faecalibacterium   ,metagenome 
ASV_2762,Bacteria,Proteobacteria,Gammaproteobacteria,Burkholderiales  ,Sutterellaceae  ,Sutterella   ,NA
ASV_2763,Bacteria,Firmicutes,Clostridia,NA,NA,NA,NA
ASV_2764,Bacteria,Actinobacteriota,Coriobacteriia,Coriobacteriales  ,Coriobacteriales Incertae Sedis,uncultured   ,uncultured organism
ASV_2765,Bacteria,Firmicutes,Clostridia,Lachnospirales  ,Lachnospiraceae  ,Lachnospiraceae UCG-010  ,uncultured organism
ASV_2766,Bacteria,Firmicutes,Clostridia,Oscillospirales  ,Ruminococcaceae  ,Eubacterium siraeum group ,Eubacterium siraeum
ASV_2767,Bacteria,Firmicutes,Negativicutes,Veillonellales-Selenomonadales  ,Veillonellaceae  ,Veillonella   ,uncultured organism
ASV_2768,Bacteria,Firmicutes,Clostridia,Lachnospirales  ,Lachnospiraceae  ,NA,NA
ASV_2769,Bacteria,Firmicutes,Clostridia,Oscillospirales  ,Oscillospiraceae  ,UCG-005   ,uncultured organism
ASV_2770,Bacteria,Firmicutes,Clostridia,Lachnospirales  ,Lachnospiraceae  ,Frisingicoccus   ,uncultured organism
ASV_2771,Bacteria,Firmicutes,Clostridia,Lachnospirales  ,Lachnospiraceae  ,uncultured   ,human gut
ASV_2772,Bacteria,Firmicutes,Clostridia,Oscillospirales  ,Ruminococcaceae  ,uncultured   ,human gut
ASV_2773,Bacteria,Firmicutes,Clostridia,Oscillospirales  ,Oscillospiraceae  ,Oscillibacter   ,uncultured organism
ASV_2774,Bacteria,Firmicutes,Clostridia,Oscillospirales  ,Ruminococcaceae  ,CAG-352   ,NA
ASV_2775,Archaea,Euryarchaeota,Methanobacteria,Methanobacteriales  ,Methanobacteriaceae  ,Methanobrevibacter   ,Methanobrevibacter smithii
ASV_2776,Bacteria,Firmicutes,Clostridia,Lachnospirales  ,Lachnospiraceae  ,Lachnospiraceae FCS020 group ,uncultured organism
ASV_2777,Bacteria,Firmicutes,Clostridia,Christensenellales  ,Christensenellaceae  ,Christensenellaceae R-7 group ,uncultured prokaryote
ASV_2778,Bacteria,Firmicutes,Clostridia,Monoglobales  ,Monoglobaceae  ,Monoglobus   ,Monoglobus pectinilyticus
ASV_2779,Bacteria,Desulfobacterota,Desulfovibrionia,Desulfovibrionales  ,Desulfovibrionaceae  ,Bilophila   ,Bilophila wadsworthia
ASV_2780,Bacteria,Bacteroidota,Bacteroidia,Bacteroidales  ,Bacteroidaceae  ,Bacteroides   ,Bacteroides uniformis
ASV_2781,Bacteria,Bacteroidota,Bacteroidia,Bacteroidales  ,Marinifilaceae  ,Odoribacter   ,Odoribacter splanchnicus
ASV_2782,Bacteria,Actinobacteriota,Coriobacteriia,Coriobacteriales  ,Coriobacteriales Incertae Sedis,uncultured   ,gut metagenome
ASV_2783,Bacteria,Verrucomicrobiota,Verrucomicrobiae,Verrucomicrobiales  ,Akkermansiaceae  ,Akkermansia   ,uncultured bacterium
ASV_2784,Bacteria,Firmicutes,Clostridia,Lachnospirales  ,Lachnospiraceae  ,Lachnoclostridium   ,bacterium NLAE-zl-G121
ASV_2785,Bacteria,Firmicutes,Clostridia,Lachnospirales  ,Lachnospiraceae  ,Lachnospiraceae UCG-001  ,Lachnospiraceae bacterium
ASV_2786,Bacteria,Firmicutes,Clostridia,Lachnospirales  ,Lachnospiraceae  ,Agathobacter   ,Eubacterium ramulus
ASV_2787,Bacteria,Bacteroidota,Bacteroidia,Bacteroidales  ,Barnesiellaceae  ,Barnesiella   ,uncultured organism
ASV_2788,Bacteria,Firmicutes,Negativicutes,Acidaminococcales  ,Acidaminococcaceae  ,Acidaminococcus   ,uncultured organism
ASV_2789,Bacteria,Firmicutes,Clostridia,Oscillospirales  ,Oscillospiraceae  ,UCG-002   ,uncultured rumen
ASV_2790,Bacteria,Actinobacteriota,Coriobacteriia,Coriobacteriales  ,Coriobacteriales Incertae Sedis,uncultured   ,uncultured organism
ASV_2791,Bacteria,Bacteroidota,Bacteroidia,Bacteroidales  ,Tannerellaceae  ,Parabacteroides   ,Parabacteroides merdae
ASV_2792,Bacteria,Proteobacteria,Alphaproteobacteria,Rhodospirillales  ,uncultured  ,uncultured   ,gut metagenome
ASV_2793,Bacteria,Firmicutes,Clostridia,Lachnospirales  ,Lachnospiraceae  ,Lachnospiraceae UCG-004  ,uncultured organism
ASV_2794,Bacteria,Bacteroidota,Bacteroidia,Bacteroidales  ,Rikenellaceae  ,Alistipes   ,Bacteroides sp.
ASV_2795,Bacteria,Firmicutes,Clostridia,Oscillospirales  ,Oscillospiraceae  ,UCG-005   ,gut metagenome
ASV_2796,Bacteria,Bacteroidota,Bacteroidia,Bacteroidales  ,Barnesiellaceae  ,Barnesiella   ,uncultured organism
ASV_2797,Bacteria,Bacteroidota,Bacteroidia,Bacteroidales  ,Marinifilaceae  ,Butyricimonas   ,uncultured organism
ASV_2798,Bacteria,Firmicutes,Clostridia,Clostridia vadinBB60 group,Clostridia vadinBB60 group,Clostridia vadinBB60 group ,uncultured bacterium
ASV_2799,Bacteria,Firmicutes,Clostridia,NA,NA,NA,NA
ASV_2800,Bacteria,Firmicutes,Clostridia,Lachnospirales  ,Lachnospiraceae  ,Lachnospiraceae UCG-001  ,metagenome 
ASV_2801,Bacteria,Firmicutes,Clostridia,Oscillospirales  ,Oscillospiraceae  ,UCG-005   ,uncultured organism
ASV_2802,Bacteria,Firmicutes,Clostridia,Lachnospirales  ,Lachnospiraceae  ,Eubacterium ventriosum group ,uncultured bacterium
ASV_2803,Bacteria,Bacteroidota,Bacteroidia,Bacteroidales  ,Bacteroidaceae  ,Bacteroides   ,Bacteroides vulgatus
ASV_2804,Bacteria,Firmicutes,Clostridia,Oscillospirales  ,Oscillospiraceae  ,Intestinimonas   ,Intestinimonas butyriciproducens
ASV_2805,Bacteria,Bacteroidota,Bacteroidia,Bacteroidales  ,Bacteroidaceae  ,Bacteroides   ,Bacteroides massiliensis
ASV_2806,Bacteria,Firmicutes,Clostridia,Oscillospirales  ,Eubacterium coprostanoligenes group,Eubacterium coprostanoligenes group ,human gut
ASV_2807,Bacteria,Firmicutes,Clostridia,Lachnospirales  ,Lachnospiraceae  ,Agathobacter   ,uncultured bacterium
ASV_2808,Bacteria,Bacteroidota,Bacteroidia,Bacteroidales  ,Rikenellaceae  ,Alistipes   ,NA
ASV_2809,Bacteria,Bacteroidota,Bacteroidia,Bacteroidales  ,Bacteroidaceae  ,Bacteroides   ,Bacteroides eggerthii
ASV_2810,Bacteria,Firmicutes,Clostridia,Lachnospirales  ,Lachnospiraceae  ,uncultured   ,Faecalimonas umbilicata
ASV_2811,Bacteria,Firmicutes,Clostridia,Oscillospirales  ,Ruminococcaceae  ,Ruminococcus   ,Ruminococcus bicirculans
ASV_2812,Bacteria,Firmicutes,Clostridia,Oscillospirales  ,Oscillospiraceae  ,Colidextribacter   ,uncultured Flavonifractor
ASV_2813,Bacteria,Bacteroidota,Bacteroidia,Bacteroidales  ,Prevotellaceae  ,Paraprevotella   ,metagenome 
ASV_2814,Bacteria,Firmicutes,Clostridia,Peptostreptococcales-Tissierellales  ,Peptostreptococcaceae  ,Romboutsia   ,uncultured bacterium
ASV_2815,Bacteria,Bacteroidota,Bacteroidia,Bacteroidales  ,Bacteroidaceae  ,Bacteroides   ,Bacteroides uniformis
ASV_2816,Bacteria,Firmicutes,Clostridia,Lachnospirales  ,Lachnospiraceae  ,Lachnoclostridium   ,human gut
ASV_2817,Bacteria,Firmicutes,Clostridia,Lachnospirales  ,Lachnospiraceae  ,uncultured   ,human gut
ASV_2818,Bacteria,Firmicutes,Clostridia,Lachnospirales  ,Lachnospiraceae  ,Lachnospiraceae NK4A136 group ,gut metagenome
ASV_2819,Bacteria,Firmicutes,Clostridia,Oscillospirales  ,Ruminococcaceae  ,Ruminococcus   ,uncultured Ruminococcus
ASV_2820,Bacteria,Proteobacteria,Gammaproteobacteria,Burkholderiales  ,Sutterellaceae  ,Sutterella   ,gut metagenome
ASV_2821,Bacteria,Firmicutes,Clostridia,Oscillospirales  ,Eubacterium coprostanoligenes group,Eubacterium coprostanoligenes group ,gut metagenome
ASV_2822,Bacteria,Bacteroidota,Bacteroidia,Bacteroidales  ,Bacteroidaceae  ,Bacteroides   ,Bacteroides oleiciplenus
ASV_2823,Bacteria,Firmicutes,Bacilli,Erysipelotrichales  ,Erysipelatoclostridiaceae  ,Candidatus Stoquefichus  ,Longibaculum muris
ASV_2824,Bacteria,Bacteroidota,Bacteroidia,Bacteroidales  ,Tannerellaceae  ,Parabacteroides   ,Parabacteroides distasonis
ASV_2825,Bacteria,Firmicutes,Clostridia,Oscillospirales  ,Oscillospiraceae  ,NK4A214 group  ,metagenome 
ASV_2826,Bacteria,Firmicutes,Clostridia,Oscillospirales  ,Ruminococcaceae  ,Negativibacillus   ,uncultured bacterium
ASV_2827,Bacteria,Bacteroidota,Bacteroidia,Bacteroidales  ,Tannerellaceae  ,Parabacteroides   ,Parabacteroides goldsteinii
ASV_2828,Bacteria,Proteobacteria,Gammaproteobacteria,Burkholderiales  ,Sutterellaceae  ,Sutterella   ,Burkholderia sp.
ASV_2829,Bacteria,Firmicutes,Clostridia,Lachnospirales  ,Lachnospiraceae  ,Eubacterium xylanophilum group ,uncultured organism
ASV_2830,Bacteria,Firmicutes,Clostridia,Lachnospirales  ,Lachnospiraceae  ,NA,NA
ASV_2831,Archaea,Euryarchaeota,Methanobacteria,Methanobacteriales  ,Methanobacteriaceae  ,Methanobrevibacter   ,Methanobrevibacter smithii
ASV_2832,Bacteria,Firmicutes,Clostridia,Oscillospirales  ,Ruminococcaceae  ,Subdoligranulum   ,metagenome 
ASV_2833,Bacteria,Bacteroidota,Bacteroidia,Bacteroidales  ,Marinifilaceae  ,Butyricimonas   ,uncultured organism
ASV_2834,Bacteria,Bacteroidota,Bacteroidia,Bacteroidales  ,Rikenellaceae  ,Alistipes   ,Alistipes finegoldii
ASV_2835,Bacteria,Firmicutes,Clostridia,NA,NA,NA,NA
ASV_2836,Bacteria,Firmicutes,Clostridia,Lachnospirales  ,Lachnospiraceae  ,NA,NA
ASV_2837,Bacteria,Firmicutes,Clostridia,Lachnospirales  ,Lachnospiraceae  ,Lachnospiraceae NK4A136 group ,NA
ASV_2838,Bacteria,Firmicutes,Clostridia,Lachnospirales  ,Lachnospiraceae  ,Eubacterium ventriosum group ,uncultured Lachnospiraceae
ASV_2839,Bacteria,Firmicutes,Clostridia,Lachnospirales  ,Lachnospiraceae  ,Lachnoclostridium   ,NA
ASV_2840,Bacteria,Firmicutes,Clostridia,Lachnospirales  ,Lachnospiraceae  ,Lachnoclostridium   ,Clostridium asparagiforme
ASV_2841,Bacteria,Firmicutes,Clostridia,Oscillospirales  ,Oscillospiraceae  ,UCG-005   ,uncultured prokaryote
ASV_2842,Bacteria,Firmicutes,Clostridia,Lachnospirales  ,Lachnospiraceae  ,Roseburia   ,uncultured Roseburia
ASV_2843,Bacteria,Firmicutes,Clostridia,Oscillospirales  ,Oscillospiraceae  ,uncultured   ,Clostridium sp.
ASV_2844,Bacteria,Firmicutes,Clostridia,Oscillospirales  ,Ruminococcaceae  ,Incertae Sedis  ,uncultured organism
ASV_2845,Bacteria,Firmicutes,Clostridia,Clostridia UCG-014 ,Clostridia UCG-014 ,Clostridia UCG-014  ,uncultured bacterium
ASV_2846,Bacteria,Verrucomicrobiota,Lentisphaeria,Victivallales  ,Victivallaceae  ,Victivallis   ,uncultured bacterium
ASV_2847,Bacteria,Firmicutes,Clostridia,Lachnospirales  ,Lachnospiraceae  ,Eubacterium hallii group ,uncultured organism
ASV_2848,Bacteria,Firmicutes,Clostridia,Lachnospirales  ,Lachnospiraceae  ,Ruminococcus gnavus group ,uncultured bacterium
ASV_2849,Bacteria,Proteobacteria,Gammaproteobacteria,Burkholderiales  ,Sutterellaceae  ,Sutterella   ,gut metagenome
ASV_2850,Bacteria,Firmicutes,Clostridia,Oscillospirales  ,Oscillospiraceae  ,UCG-002   ,gut metagenome
ASV_2851,Bacteria,Firmicutes,Clostridia,Monoglobales  ,Monoglobaceae  ,Monoglobus   ,uncultured Clostridiales
ASV_2852,Bacteria,Firmicutes,Clostridia,Lachnospirales  ,Lachnospiraceae  ,Lachnospiraceae UCG-010  ,uncultured organism
ASV_2853,Archaea,Euryarchaeota,Methanobacteria,Methanobacteriales  ,Methanobacteriaceae  ,Methanobrevibacter   ,Methanobrevibacter smithii
ASV_2854,Bacteria,Firmicutes,Clostridia,Lachnospirales  ,Lachnospiraceae  ,NA,NA
ASV_2855,Bacteria,Bacteroidota,Bacteroidia,Bacteroidales  ,Barnesiellaceae  ,Barnesiella   ,uncultured organism
ASV_2856,Bacteria,Bacteroidota,Bacteroidia,Bacteroidales  ,Tannerellaceae  ,Parabacteroides   ,Parabacteroides distasonis
ASV_2857,Bacteria,Firmicutes,Clostridia,Lachnospirales  ,Lachnospiraceae  ,Eubacterium hallii group ,uncultured organism
ASV_2858,Bacteria,Firmicutes,Clostridia,Peptostreptococcales-Tissierellales  ,Peptostreptococcaceae  ,Romboutsia   ,uncultured bacterium
ASV_2859,Bacteria,Firmicutes,Clostridia,Lachnospirales  ,Lachnospiraceae  ,Lachnospiraceae UCG-010  ,uncultured organism
ASV_2860,Bacteria,Firmicutes,Clostridia,Oscillospirales  ,Oscillospiraceae  ,Colidextribacter   ,gut metagenome
ASV_2861,Bacteria,Proteobacteria,Gammaproteobacteria,Enterobacterales  ,Enterobacteriaceae  ,Escherichia-Shigella   ,Shigella flexneri
ASV_2862,Bacteria,Proteobacteria,Gammaproteobacteria,Burkholderiales  ,Sutterellaceae  ,Sutterella   ,gut metagenome
ASV_2863,Bacteria,Actinobacteriota,Actinobacteria,Bifidobacteriales  ,Bifidobacteriaceae  ,Bifidobacterium   ,Bifidobacterium longum
ASV_2864,Bacteria,Firmicutes,Clostridia,Lachnospirales  ,Lachnospiraceae  ,Blautia   ,Blautia sp.
ASV_2865,Bacteria,Bacteroidota,Bacteroidia,Bacteroidales  ,Bacteroidaceae  ,Bacteroides   ,Bacteroides coprocola
ASV_2866,Bacteria,Firmicutes,Clostridia,Oscillospirales  ,Ruminococcaceae  ,Faecalibacterium   ,NA
ASV_2867,Bacteria,Actinobacteriota,Coriobacteriia,Coriobacteriales  ,Coriobacteriales Incertae Sedis,uncultured   ,uncultured organism
ASV_2868,Bacteria,Firmicutes,Clostridia,Lachnospirales  ,Lachnospiraceae  ,Eubacterium eligens group ,uncultured organism
ASV_2869,Bacteria,Bacteroidota,Bacteroidia,Bacteroidales  ,Bacteroidaceae  ,Bacteroides   ,Bacteroides coprocola
ASV_2870,Bacteria,Firmicutes,Clostridia,Lachnospirales  ,Lachnospiraceae  ,Roseburia   ,uncultured organism
ASV_2871,Bacteria,Firmicutes,Clostridia,Lachnospirales  ,Lachnospiraceae  ,Tyzzerella   ,Anaerotignum lactatifermentans
ASV_2872,Bacteria,Firmicutes,Clostridia,Oscillospirales  ,Ruminococcaceae  ,Eubacterium siraeum group ,uncultured bacterium
ASV_2873,Bacteria,Bacteroidota,Bacteroidia,Bacteroidales  ,Rikenellaceae  ,Alistipes   ,uncultured organism
ASV_2874,Bacteria,Bacteroidota,Bacteroidia,Bacteroidales  ,Bacteroidaceae  ,Bacteroides   ,Bacteroides ovatus
ASV_2875,Bacteria,Bacteroidota,Bacteroidia,Bacteroidales  ,Bacteroidaceae  ,Bacteroides   ,Bacteroides ovatus
ASV_2876,Bacteria,Bacteroidota,Bacteroidia,Bacteroidales  ,Barnesiellaceae  ,Barnesiella   ,uncultured organism
ASV_2877,Bacteria,Bacteroidota,Bacteroidia,Bacteroidales  ,Rikenellaceae  ,Alistipes   ,Bacteroides sp.
ASV_2878,Bacteria,Firmicutes,Clostridia,Lachnospirales  ,Lachnospiraceae  ,Sellimonas   ,uncultured bacterium
ASV_2879,Bacteria,Bacteroidota,Bacteroidia,Bacteroidales  ,Bacteroidaceae  ,Bacteroides   ,Bacteroides cellulosilyticus
ASV_2880,Bacteria,Firmicutes,Negativicutes,Veillonellales-Selenomonadales  ,Veillonellaceae  ,Megasphaera   ,uncultured organism
ASV_2881,Bacteria,Firmicutes,Clostridia,Oscillospirales  ,Ruminococcaceae  ,Faecalibacterium   ,NA
ASV_2882,Bacteria,Bacteroidota,Bacteroidia,Bacteroidales  ,Barnesiellaceae  ,Barnesiella   ,uncultured organism
ASV_2883,Bacteria,Firmicutes,Clostridia,Oscillospirales  ,Oscillospiraceae  ,Intestinimonas   ,NA
ASV_2884,Bacteria,Firmicutes,Clostridia,Lachnospirales  ,Lachnospiraceae  ,Lachnoclostridium   ,Clostridium aldenense
ASV_2885,Bacteria,Bacteroidota,Bacteroidia,Bacteroidales  ,Bacteroidaceae  ,Bacteroides   ,Bacteroides uniformis
ASV_2886,Bacteria,Firmicutes,Bacilli,Lactobacillales  ,Listeriaceae  ,Listeria   ,Listeria innocua
ASV_2887,Bacteria,Firmicutes,Clostridia,Lachnospirales  ,Lachnospiraceae  ,Eubacterium hallii group ,uncultured organism
ASV_2888,Bacteria,Firmicutes,Clostridia,Oscillospirales  ,Ruminococcaceae  ,Phocea   ,uncultured bacterium
ASV_2889,Bacteria,Firmicutes,Clostridia,Lachnospirales  ,Lachnospiraceae  ,NA,NA
ASV_2890,Bacteria,Bacteroidota,Bacteroidia,Bacteroidales  ,Rikenellaceae  ,Alistipes   ,Alistipes shahii
ASV_2891,Bacteria,Bacteroidota,Bacteroidia,Bacteroidales  ,Rikenellaceae  ,Alistipes   ,Alistipes shahii
ASV_2892,Bacteria,Firmicutes,Clostridia,Lachnospirales  ,Lachnospiraceae  ,Moryella   ,uncultured organism
ASV_2893,Bacteria,Firmicutes,Clostridia,Lachnospirales  ,Lachnospiraceae  ,Ruminococcus torques group ,Ruminococcus faecis
ASV_2894,Bacteria,Bacteroidota,Bacteroidia,Bacteroidales  ,Bacteroidaceae  ,Bacteroides   ,Bacteroides vulgatus
ASV_2895,Bacteria,Firmicutes,Clostridia,Lachnospirales  ,Lachnospiraceae  ,NA,NA
ASV_2896,Bacteria,Firmicutes,Clostridia,Oscillospirales  ,Ruminococcaceae  ,Incertae Sedis  ,uncultured organism
ASV_2897,Bacteria,Proteobacteria,Gammaproteobacteria,Burkholderiales  ,Sutterellaceae  ,Sutterella   ,uncultured bacterium
ASV_2898,Bacteria,Firmicutes,Clostridia,Lachnospirales  ,Lachnospiraceae  ,uncultured   ,human gut
ASV_2899,Bacteria,Bacteroidota,Bacteroidia,Bacteroidales  ,Marinifilaceae  ,Butyricimonas   ,uncultured organism
ASV_2900,Bacteria,Bacteroidota,Bacteroidia,Bacteroidales  ,Rikenellaceae  ,Alistipes   ,uncultured organism
ASV_2901,Bacteria,Bacteroidota,Bacteroidia,Bacteroidales  ,Rikenellaceae  ,Alistipes   ,Alistipes inops
ASV_2902,Bacteria,Firmicutes,Clostridia,Lachnospirales  ,Lachnospiraceae  ,Eubacterium ruminantium group ,gut metagenome
ASV_2903,Bacteria,Firmicutes,Clostridia,Oscillospirales  ,Ruminococcaceae  ,CAG-352   ,uncultured bacterium
ASV_2904,Bacteria,Firmicutes,Clostridia,Oscillospirales  ,Ruminococcaceae  ,Subdoligranulum   ,metagenome 
ASV_2905,Bacteria,Firmicutes,Clostridia,Oscillospirales  ,Oscillospiraceae  ,uncultured   ,uncultured organism
ASV_2906,Bacteria,Bacteroidota,Bacteroidia,Bacteroidales  ,Bacteroidaceae  ,Bacteroides   ,Bacteroides vulgatus
ASV_2907,Bacteria,Firmicutes,Clostridia,Oscillospirales  ,Butyricicoccaceae  ,Butyricicoccus   ,uncultured organism
ASV_2908,Bacteria,Firmicutes,Clostridia,Lachnospirales  ,Lachnospiraceae  ,NA,NA
ASV_2909,Bacteria,Firmicutes,Clostridia,Oscillospirales  ,Oscillospiraceae  ,UCG-003   ,uncultured bacterium
ASV_2910,Bacteria,Cyanobacteria,Vampirivibrionia,Gastranaerophilales  ,Gastranaerophilales  ,Gastranaerophilales   ,Acinetobacter sp.
ASV_2911,Bacteria,Actinobacteriota,Coriobacteriia,Coriobacteriales  ,Coriobacteriales Incertae Sedis,uncultured   ,gut metagenome
ASV_2912,Bacteria,Bacteroidota,Bacteroidia,Bacteroidales  ,Rikenellaceae  ,Alistipes   ,Alistipes finegoldii
ASV_2913,Bacteria,Bacteroidota,Bacteroidia,Bacteroidales  ,Prevotellaceae  ,Prevotella 9  ,uncultured organism
ASV_2914,Bacteria,Bacteroidota,Bacteroidia,Bacteroidales  ,Tannerellaceae  ,Parabacteroides   ,Parabacteroides distasonis
ASV_2915,Bacteria,Firmicutes,Clostridia,Lachnospirales  ,Lachnospiraceae  ,Coprococcus   ,uncultured organism
ASV_2916,Bacteria,Firmicutes,Clostridia,Oscillospirales  ,Oscillospiraceae  ,UCG-002   ,uncultured Firmicutes
ASV_2917,Bacteria,Firmicutes,Clostridia,Oscillospirales  ,Oscillospiraceae  ,UCG-002   ,Trichuris trichiura
ASV_2918,Bacteria,Bacteroidota,Bacteroidia,Bacteroidales  ,Bacteroidaceae  ,Bacteroides   ,Bacteroides thetaiotaomicron
ASV_2919,Bacteria,Firmicutes,Clostridia,Lachnospirales  ,Lachnospiraceae  ,Lachnoclostridium   ,bacterium NLAE-zl-G121
ASV_2920,Bacteria,Actinobacteriota,Coriobacteriia,Coriobacteriales  ,Coriobacteriaceae  ,Collinsella   ,Collinsella aerofaciens
ASV_2921,Bacteria,Actinobacteriota,Actinobacteria,Bifidobacteriales  ,Bifidobacteriaceae  ,Bifidobacterium   ,NA
ASV_2922,Bacteria,Bacteroidota,Bacteroidia,Bacteroidales  ,Barnesiellaceae  ,Barnesiella   ,uncultured organism
ASV_2923,Bacteria,Firmicutes,Clostridia,Oscillospirales  ,Ruminococcaceae  ,Faecalibacterium   ,metagenome 
ASV_2924,Bacteria,Bacteroidota,Bacteroidia,Bacteroidales  ,Barnesiellaceae  ,Coprobacter   ,NA
ASV_2925,Bacteria,Firmicutes,Clostridia,Lachnospirales  ,Lachnospiraceae  ,Lachnospiraceae UCG-008  ,uncultured organism
ASV_2926,Bacteria,Bacteroidota,Bacteroidia,Bacteroidales  ,Bacteroidaceae  ,Bacteroides   ,Bacteroides plebeius
ASV_2927,Bacteria,Firmicutes,Clostridia,Oscillospirales  ,Ruminococcaceae  ,Ruminococcus   ,Ruminococcus bicirculans
ASV_2928,Bacteria,Bacteroidota,Bacteroidia,Bacteroidales  ,Bacteroidaceae  ,Bacteroides   ,Bacteroides plebeius
ASV_2929,Bacteria,Firmicutes,Clostridia,Oscillospirales  ,Ruminococcaceae  ,Eubacterium siraeum group ,uncultured bacterium
ASV_2930,Bacteria,Firmicutes,Bacilli,Erysipelotrichales  ,Erysipelotrichaceae  ,Dielma   ,Dielma fastidiosa
ASV_2931,Bacteria,Bacteroidota,Bacteroidia,Bacteroidales  ,Bacteroidaceae  ,Bacteroides   ,Bacteroides plebeius
ASV_2932,Bacteria,Verrucomicrobiota,Verrucomicrobiae,Verrucomicrobiales  ,Akkermansiaceae  ,Akkermansia   ,NA
ASV_2933,Bacteria,Actinobacteriota,Actinobacteria,Bifidobacteriales  ,Bifidobacteriaceae  ,Bifidobacterium   ,Bifidobacterium bifidum
ASV_2934,Bacteria,Verrucomicrobiota,Verrucomicrobiae,Verrucomicrobiales  ,Akkermansiaceae  ,Akkermansia   ,uncultured bacterium
ASV_2935,Bacteria,Firmicutes,Clostridia,Lachnospirales  ,Lachnospiraceae  ,Ruminococcus torques group ,Ruminococcus faecis
ASV_2936,Bacteria,Actinobacteriota,Coriobacteriia,Coriobacteriales  ,Coriobacteriaceae  ,Collinsella   ,Collinsella aerofaciens
ASV_2937,Bacteria,Firmicutes,Clostridia,Christensenellales  ,Christensenellaceae  ,Christensenellaceae R-7 group ,Clostridiales bacterium
ASV_2938,Bacteria,Bacteroidota,Bacteroidia,Bacteroidales  ,Bacteroidaceae  ,Bacteroides   ,Bacteroides finegoldii
ASV_2939,Bacteria,Firmicutes,Clostridia,Lachnospirales  ,Lachnospiraceae  ,Eubacterium ventriosum group ,uncultured Lachnospiraceae
ASV_2940,Bacteria,Firmicutes,Clostridia,Oscillospirales  ,Oscillospiraceae  ,Colidextribacter   ,uncultured Flavonifractor
ASV_2941,Bacteria,Bacteroidota,Bacteroidia,Bacteroidales  ,Barnesiellaceae  ,Barnesiella   ,uncultured organism
ASV_2942,Bacteria,Bacteroidota,Bacteroidia,Bacteroidales  ,Bacteroidaceae  ,Bacteroides   ,Bacteroides plebeius
ASV_2943,Bacteria,Firmicutes,Clostridia,Lachnospirales  ,Lachnospiraceae  ,NA,NA
ASV_2944,Bacteria,Firmicutes,Clostridia,Oscillospirales  ,Oscillospiraceae  ,UCG-003   ,uncultured bacterium
ASV_2945,Bacteria,Bacteroidota,Bacteroidia,Bacteroidales  ,Tannerellaceae  ,Parabacteroides   ,Parabacteroides distasonis
ASV_2946,Bacteria,Firmicutes,Clostridia,Oscillospirales  ,Ruminococcaceae  ,CAG-352   ,uncultured bacterium
ASV_2947,Bacteria,Bacteroidota,Bacteroidia,Bacteroidales  ,Bacteroidaceae  ,Bacteroides   ,Bacteroides ovatus
ASV_2948,Bacteria,Firmicutes,Clostridia,Lachnospirales  ,Lachnospiraceae  ,Hungatella   ,uncultured bacterium
ASV_2949,Bacteria,Firmicutes,Clostridia,Oscillospirales  ,Butyricicoccaceae  ,Butyricicoccus   ,uncultured organism
ASV_2950,Bacteria,Bacteroidota,Bacteroidia,Bacteroidales  ,Barnesiellaceae  ,Barnesiella   ,uncultured organism
ASV_2951,Bacteria,Firmicutes,Clostridia,Lachnospirales  ,Lachnospiraceae  ,Agathobacter   ,Eubacterium ramulus
ASV_2952,Bacteria,Bacteroidota,Bacteroidia,Bacteroidales  ,Prevotellaceae  ,Prevotella 9  ,metagenome 
ASV_2953,Bacteria,Firmicutes,Clostridia,Lachnospirales  ,Lachnospiraceae  ,Lachnoclostridium   ,human gut
ASV_2954,Bacteria,Proteobacteria,Gammaproteobacteria,Burkholderiales  ,Sutterellaceae  ,Sutterella   ,Sutterellaceae bacterium
ASV_2955,Bacteria,Firmicutes,Bacilli,Lactobacillales  ,Streptococcaceae  ,Lactococcus   ,Lactococcus lactis
ASV_2956,Bacteria,Bacteroidota,Bacteroidia,Bacteroidales  ,Bacteroidaceae  ,Bacteroides   ,Bacteroides massiliensis
ASV_2957,Bacteria,Firmicutes,Clostridia,Oscillospirales  ,Oscillospiraceae  ,uncultured   ,Clostridium sp.
ASV_2958,Bacteria,Firmicutes,Clostridia,Lachnospirales  ,Lachnospiraceae  ,Ruminococcus torques group ,Ruminococcus lactaris
ASV_2959,Bacteria,Firmicutes,Clostridia,Oscillospirales  ,Ruminococcaceae  ,Ruminococcus   ,Ruminococcus bicirculans
ASV_2960,Bacteria,Firmicutes,Clostridia,Lachnospirales  ,Lachnospiraceae  ,Lachnoclostridium   ,Clostridium glycyrrhizinilyticum
ASV_2961,Bacteria,Bacteroidota,Bacteroidia,Bacteroidales  ,Bacteroidaceae  ,Bacteroides   ,Bacteroides fragilis
ASV_2962,Bacteria,Firmicutes,Negativicutes,Acidaminococcales  ,Acidaminococcaceae  ,Phascolarctobacterium   ,uncultured organism
ASV_2963,Bacteria,Bacteroidota,Bacteroidia,Bacteroidales  ,Tannerellaceae  ,Parabacteroides   ,Parabacteroides distasonis
ASV_2964,Bacteria,Firmicutes,Clostridia,Lachnospirales  ,Lachnospiraceae  ,Blautia   ,Blautia sp.
ASV_2965,Bacteria,Bacteroidota,Bacteroidia,Bacteroidales  ,Prevotellaceae  ,Prevotella 9  ,metagenome 
ASV_2966,Bacteria,Firmicutes,Clostridia,Oscillospirales  ,Ruminococcaceae  ,Ruminococcus   ,metagenome 
ASV_2967,Bacteria,Firmicutes,Clostridia,NA,NA,NA,NA
ASV_2968,Bacteria,Firmicutes,Clostridia,Lachnospirales  ,Lachnospiraceae  ,Agathobacter   ,uncultured bacterium
ASV_2969,Bacteria,Firmicutes,Clostridia,Christensenellales  ,Christensenellaceae  ,Christensenellaceae R-7 group ,uncultured prokaryote
ASV_2970,Bacteria,Firmicutes,Clostridia,Oscillospirales  ,Eubacterium coprostanoligenes group,Eubacterium coprostanoligenes group ,human gut
ASV_2971,Bacteria,Firmicutes,Clostridia,Oscillospirales  ,Ruminococcaceae  ,UBA1819   ,uncultured organism
ASV_2972,Bacteria,Bacteroidota,Bacteroidia,Bacteroidales  ,Tannerellaceae  ,Parabacteroides   ,Parabacteroides distasonis
ASV_2973,Bacteria,Firmicutes,Clostridia,Oscillospirales  ,Ruminococcaceae  ,Eubacterium siraeum group ,Eubacterium siraeum
ASV_2974,Bacteria,Firmicutes,Clostridia,Oscillospirales  ,Oscillospiraceae  ,UCG-005   ,uncultured organism
ASV_2975,Bacteria,Bacteroidota,Bacteroidia,Bacteroidales  ,Bacteroidaceae  ,Bacteroides   ,Bacteroides uniformis
ASV_2976,Bacteria,Bacteroidota,Bacteroidia,Bacteroidales  ,Bacteroidaceae  ,Bacteroides   ,Bacteroides vulgatus
ASV_2977,Bacteria,Firmicutes,Clostridia,Lachnospirales  ,Lachnospiraceae  ,Lachnoclostridium   ,Clostridium aldenense
ASV_2978,Bacteria,Firmicutes,Clostridia,Oscillospirales  ,Eubacterium coprostanoligenes group,Eubacterium coprostanoligenes group ,gut metagenome
ASV_2979,Bacteria,Bacteroidota,Bacteroidia,Bacteroidales  ,Tannerellaceae  ,Parabacteroides   ,Parabacteroides distasonis
ASV_2980,Bacteria,Bacteroidota,Bacteroidia,Bacteroidales  ,Bacteroidaceae  ,Bacteroides   ,Bacteroides ovatus
ASV_2981,Bacteria,Bacteroidota,Bacteroidia,Bacteroidales  ,Barnesiellaceae  ,Barnesiella   ,uncultured organism
ASV_2982,Bacteria,Bacteroidota,Bacteroidia,Bacteroidales  ,Tannerellaceae  ,Parabacteroides   ,Parabacteroides goldsteinii
ASV_2983,Bacteria,Firmicutes,Clostridia,Lachnospirales  ,Lachnospiraceae  ,Dorea   ,uncultured bacterium
ASV_2984,Bacteria,Bacteroidota,Bacteroidia,Bacteroidales  ,Bacteroidaceae  ,Bacteroides   ,Bacteroides thetaiotaomicron
ASV_2985,Bacteria,Firmicutes,Clostridia,Lachnospirales  ,Lachnospiraceae  ,Ruminococcus gnavus group ,uncultured bacterium
ASV_2986,Bacteria,Firmicutes,Clostridia,Oscillospirales  ,Ruminococcaceae  ,Ruminococcus   ,metagenome 
ASV_2987,Bacteria,Bacteroidota,Bacteroidia,Bacteroidales  ,NA,NA,NA
ASV_2988,Bacteria,Firmicutes,Clostridia,Christensenellales  ,Christensenellaceae  ,Christensenellaceae R-7 group ,uncultured Spirochaetales
ASV_2989,Bacteria,Bacteroidota,Bacteroidia,Bacteroidales  ,Tannerellaceae  ,Parabacteroides   ,Parabacteroides distasonis
ASV_2990,Bacteria,Firmicutes,Bacilli,Lactobacillales  ,Lactobacillaceae  ,Limosilactobacillus   ,Lactobacillus fermentum
ASV_2991,Bacteria,Firmicutes,Clostridia,NA,NA,NA,NA
ASV_2992,Bacteria,Bacteroidota,Bacteroidia,Bacteroidales  ,Rikenellaceae  ,Alistipes   ,Bacteroides sp.
ASV_2993,Bacteria,Bacteroidota,Bacteroidia,Bacteroidales  ,Tannerellaceae  ,Parabacteroides   ,Parabacteroides distasonis
ASV_2994,Bacteria,Bacteroidota,Bacteroidia,Bacteroidales  ,Tannerellaceae  ,Parabacteroides   ,Parabacteroides distasonis
ASV_2995,Bacteria,Firmicutes,NA,NA,NA,NA,NA
ASV_2996,Bacteria,Firmicutes,Clostridia,Oscillospirales  ,Oscillospirales  ,Hydrogenoanaerobacterium   ,Selenomonadales bacterium
ASV_2997,Bacteria,Firmicutes,uncultured,uncultured  ,uncultured  ,uncultured   ,uncultured Peptococcaceae
ASV_2998,Bacteria,Firmicutes,Clostridia,Lachnospirales  ,Lachnospiraceae  ,Lachnospiraceae NK4A136 group ,gut metagenome
ASV_2999,Bacteria,Proteobacteria,Gammaproteobacteria,Burkholderiales  ,Sutterellaceae  ,Sutterella   ,Sutterellaceae bacterium
ASV_3000,Bacteria,Firmicutes,Clostridia,Lachnospirales  ,Lachnospiraceae  ,Ruminococcus gauvreauii group ,uncultured Clostridiales
ASV_3001,Bacteria,Firmicutes,Clostridia,Lachnospirales  ,Lachnospiraceae  ,Tyzzerella   ,Anaerotignum lactatifermentans
ASV_3002,Bacteria,Bacteroidota,Bacteroidia,Bacteroidales  ,Bacteroidaceae  ,Bacteroides   ,Bacteroides uniformis
ASV_3003,Bacteria,Firmicutes,Clostridia,Lachnospirales  ,Lachnospiraceae  ,uncultured   ,metagenome 
ASV_3004,Bacteria,Firmicutes,Clostridia,Monoglobales  ,Monoglobaceae  ,Monoglobus   ,uncultured organism
ASV_3005,Bacteria,Firmicutes,Clostridia,Lachnospirales  ,Lachnospiraceae  ,Lachnospiraceae UCG-008  ,uncultured organism
ASV_3006,Bacteria,Bacteroidota,Bacteroidia,Bacteroidales  ,Rikenellaceae  ,Alistipes   ,Alistipes sp.
ASV_3007,Bacteria,Firmicutes,Clostridia,Oscillospirales  ,Eubacterium coprostanoligenes group,Eubacterium coprostanoligenes group ,gut metagenome
ASV_3008,Bacteria,Firmicutes,Bacilli,Lactobacillales  ,Enterococcaceae  ,Enterococcus   ,Enterococcus durans
ASV_3009,Bacteria,Firmicutes,Clostridia,Lachnospirales  ,Lachnospiraceae  ,Coprococcus   ,metagenome 
ASV_3010,Bacteria,Firmicutes,Clostridia,Oscillospirales  ,Ruminococcaceae  ,Faecalibacterium   ,NA
ASV_3011,Bacteria,Firmicutes,Clostridia,Christensenellales  ,Christensenellaceae  ,Christensenellaceae R-7 group ,gut metagenome
ASV_3012,Bacteria,Bacteroidota,Bacteroidia,Bacteroidales  ,Bacteroidaceae  ,Bacteroides   ,Bacteroides ovatus
ASV_3013,Bacteria,Cyanobacteria,Vampirivibrionia,Gastranaerophilales  ,Gastranaerophilales  ,Gastranaerophilales   ,Clostridium sp.
ASV_3014,Bacteria,Bacteroidota,Bacteroidia,Bacteroidales  ,Barnesiellaceae  ,Coprobacter   ,uncultured organism
ASV_3015,Bacteria,Firmicutes,Clostridia,Oscillospirales  ,Oscillospiraceae  ,Flavonifractor   ,uncultured bacterium
ASV_3016,Bacteria,Bacteroidota,Bacteroidia,Bacteroidales  ,Bacteroidaceae  ,Bacteroides   ,Bacteroides fragilis
ASV_3017,Bacteria,Firmicutes,Bacilli,Bacillales  ,Bacillaceae  ,Bacillus   ,NA
ASV_3018,Bacteria,Firmicutes,Clostridia,Lachnospirales  ,Lachnospiraceae  ,Hungatella   ,uncultured bacterium
ASV_3019,Bacteria,Firmicutes,Clostridia,Lachnospirales  ,Lachnospiraceae  ,Tyzzerella   ,Tyzzerella sp.
ASV_3020,Bacteria,Firmicutes,Bacilli,Lactobacillales  ,Enterococcaceae  ,Enterococcus   ,Enterococcus durans
ASV_3021,Bacteria,Proteobacteria,Gammaproteobacteria,Burkholderiales  ,Sutterellaceae  ,Sutterella   ,uncultured bacterium
ASV_3022,Bacteria,Firmicutes,Negativicutes,Veillonellales-Selenomonadales  ,Veillonellaceae  ,Veillonella   ,Veillonella parvula
ASV_3023,Bacteria,Firmicutes,Clostridia,Lachnospirales  ,Lachnospiraceae  ,Lachnospiraceae NK4A136 group ,gut metagenome
ASV_3024,Bacteria,Firmicutes,NA,NA,NA,NA,NA
ASV_3025,Bacteria,Firmicutes,Bacilli,Erysipelotrichales  ,Erysipelatoclostridiaceae  ,Erysipelatoclostridium   ,Erysipelatoclostridium ramosum
ASV_3026,Bacteria,Proteobacteria,Gammaproteobacteria,Burkholderiales  ,Sutterellaceae  ,Parasutterella   ,uncultured organism
ASV_3027,Bacteria,Bacteroidota,Bacteroidia,Bacteroidales  ,Bacteroidaceae  ,Bacteroides   ,Bacteroides vulgatus
ASV_3028,Bacteria,Bacteroidota,Bacteroidia,Bacteroidales  ,Prevotellaceae  ,Prevotella 9  ,uncultured organism
ASV_3029,Bacteria,Firmicutes,Clostridia,Oscillospirales  ,Eubacterium coprostanoligenes group,Eubacterium coprostanoligenes group ,gut metagenome
ASV_3030,Bacteria,Firmicutes,Clostridia,Oscillospirales  ,Ruminococcaceae  ,CAG-352   ,uncultured bacterium
ASV_3031,Bacteria,Firmicutes,Clostridia,Lachnospirales  ,Lachnospiraceae  ,Ruminococcus gauvreauii group ,uncultured Clostridiales
ASV_3032,Bacteria,Firmicutes,Clostridia,Lachnospirales  ,Lachnospiraceae  ,Eubacterium ruminantium group ,gut metagenome
ASV_3033,Bacteria,Firmicutes,Clostridia,Oscillospirales  ,Ruminococcaceae  ,Negativibacillus   ,NA
ASV_3034,Bacteria,Proteobacteria,Gammaproteobacteria,Enterobacterales  ,Enterobacteriaceae  ,Escherichia-Shigella   ,Shigella flexneri
ASV_3035,Bacteria,Firmicutes,Clostridia,Lachnospirales  ,Lachnospiraceae  ,Lachnospiraceae UCG-001  ,Lachnospiraceae bacterium
ASV_3036,Bacteria,Firmicutes,Negativicutes,Veillonellales-Selenomonadales  ,Selenomonadaceae  ,Megamonas   ,uncultured organism
ASV_3037,Bacteria,Bacteroidota,Bacteroidia,Bacteroidales  ,Prevotellaceae  ,Prevotella 9  ,uncultured organism
ASV_3038,Bacteria,Firmicutes,Clostridia,Oscillospirales  ,Oscillospiraceae  ,uncultured   ,Clostridium sp.
ASV_3039,Bacteria,Firmicutes,Clostridia,Oscillospirales  ,Ruminococcaceae  ,Ruminococcus   ,Ruminococcus bicirculans
ASV_3040,Bacteria,Firmicutes,Clostridia,Oscillospirales  ,Ruminococcaceae  ,DTU089   ,uncultured bacterium
ASV_3041,Bacteria,Firmicutes,Clostridia,Oscillospirales  ,Eubacterium coprostanoligenes group,Eubacterium coprostanoligenes group ,human gut
ASV_3042,Bacteria,Proteobacteria,Gammaproteobacteria,Burkholderiales  ,Sutterellaceae  ,Sutterella   ,uncultured bacterium
ASV_3043,Bacteria,Firmicutes,Clostridia,Oscillospirales  ,Oscillospiraceae  ,UCG-003   ,uncultured bacterium
ASV_3044,Bacteria,Firmicutes,Negativicutes,Veillonellales-Selenomonadales  ,Veillonellaceae  ,Dialister   ,Dialister sp.
ASV_3045,Bacteria,Firmicutes,Bacilli,Erysipelotrichales  ,Erysipelotrichaceae  ,Faecalitalea   ,Absiella argi
ASV_3046,Bacteria,Firmicutes,Clostridia,Lachnospirales  ,Lachnospiraceae  ,uncultured   ,uncultured organism
ASV_3047,Bacteria,Bacteroidota,Bacteroidia,Bacteroidales  ,Prevotellaceae  ,Prevotella 7  ,Massiliprevotella massiliensis
ASV_3048,Bacteria,Actinobacteriota,Coriobacteriia,Coriobacteriales  ,Eggerthellaceae  ,Adlercreutzia   ,uncultured bacterium
ASV_3049,Bacteria,Firmicutes,Clostridia,Lachnospirales  ,Lachnospiraceae  ,Lachnoclostridium   ,Clostridium glycyrrhizinilyticum
ASV_3050,Bacteria,Firmicutes,Clostridia,Lachnospirales  ,Lachnospiraceae  ,Ruminococcus torques group ,uncultured organism
ASV_3051,Bacteria,Firmicutes,Clostridia,Lachnospirales  ,Lachnospiraceae  ,Lachnoclostridium   ,NA
ASV_3052,Bacteria,Firmicutes,Clostridia,Lachnospirales  ,Lachnospiraceae  ,Agathobacter   ,Eubacterium ramulus
ASV_3053,Bacteria,Bacteroidota,Bacteroidia,Bacteroidales  ,Prevotellaceae  ,Paraprevotella   ,metagenome 
ASV_3054,Bacteria,Bacteroidota,Bacteroidia,Bacteroidales  ,Tannerellaceae  ,Parabacteroides   ,Parabacteroides distasonis
ASV_3055,Bacteria,Firmicutes,Clostridia,Oscillospirales  ,Oscillospiraceae  ,Flavonifractor   ,uncultured bacterium
ASV_3056,Bacteria,Firmicutes,Bacilli,Lactobacillales  ,Lactobacillaceae  ,Weissella   ,Weissella cibaria
ASV_3057,Bacteria,Bacteroidota,Bacteroidia,Bacteroidales  ,Bacteroidaceae  ,Bacteroides   ,unidentified 
ASV_3058,Bacteria,Firmicutes,Bacilli,Erysipelotrichales  ,Erysipelotrichaceae  ,Holdemanella   ,uncultured bacterium
ASV_3059,Bacteria,Bacteroidota,Bacteroidia,Bacteroidales  ,Barnesiellaceae  ,Barnesiella   ,uncultured organism
ASV_3060,Bacteria,Bacteroidota,Bacteroidia,Bacteroidales  ,Bacteroidaceae  ,Bacteroides   ,Bacteroides thetaiotaomicron
ASV_3061,Bacteria,Firmicutes,Clostridia,Oscillospirales  ,Ruminococcaceae  ,CAG-352   ,uncultured bacterium
ASV_3062,Bacteria,Bacteroidota,Bacteroidia,Bacteroidales  ,Bacteroidaceae  ,Bacteroides   ,Bacteroides coprocola
ASV_3063,Bacteria,Bacteroidota,Bacteroidia,Bacteroidales  ,Rikenellaceae  ,Rikenellaceae RC9 gut group,uncultured bacterium
ASV_3064,Bacteria,Firmicutes,Bacilli,Lactobacillales  ,Streptococcaceae  ,Streptococcus   ,Streptococcus salivarius
ASV_3065,Bacteria,Verrucomicrobiota,Lentisphaeria,Victivallales  ,Victivallaceae  ,Victivallis   ,uncultured bacterium
ASV_3066,Bacteria,Firmicutes,Clostridia,Lachnospirales  ,Lachnospiraceae  ,Roseburia   ,Roseburia hominis
ASV_3067,Archaea,Euryarchaeota,Methanobacteria,Methanobacteriales  ,Methanobacteriaceae  ,Methanobrevibacter   ,Methanobrevibacter smithii
ASV_3068,Bacteria,Bacteroidota,Bacteroidia,Bacteroidales  ,Prevotellaceae  ,Prevotella 9  ,uncultured organism
ASV_3069,Bacteria,Bacteroidota,Bacteroidia,Bacteroidales  ,Bacteroidaceae  ,Bacteroides   ,Bacteroides vulgatus
ASV_3070,Bacteria,Firmicutes,Clostridia,Oscillospirales  ,Ruminococcaceae  ,Faecalibacterium   ,NA
ASV_3071,Bacteria,Firmicutes,Clostridia,Lachnospirales  ,Lachnospiraceae  ,Anaerosporobacter   ,Anaerosporobacter mobilis
ASV_3072,Bacteria,Firmicutes,Clostridia,Lachnospirales  ,Lachnospiraceae  ,Lachnoclostridium   ,NA
ASV_3073,Bacteria,Firmicutes,Bacilli,Erysipelotrichales  ,Erysipelatoclostridiaceae  ,Erysipelotrichaceae UCG-003  ,uncultured bacterium
ASV_3074,Bacteria,Firmicutes,Clostridia,Lachnospirales  ,Lachnospiraceae  ,Blautia   ,Blautia sp.
ASV_3075,Bacteria,Firmicutes,Clostridia,Lachnospirales  ,Lachnospiraceae  ,Tyzzerella   ,unidentified 
ASV_3076,Bacteria,Bacteroidota,Bacteroidia,Bacteroidales  ,Rikenellaceae  ,Alistipes   ,Alistipes obesi
ASV_3077,Bacteria,Firmicutes,Clostridia,Oscillospirales  ,Eubacterium coprostanoligenes group,Eubacterium coprostanoligenes group ,metagenome 
ASV_3078,Bacteria,Firmicutes,Clostridia,Lachnospirales  ,Lachnospiraceae  ,Lachnospiraceae UCG-004  ,uncultured organism
ASV_3079,Bacteria,Firmicutes,Clostridia,Lachnospirales  ,Lachnospiraceae  ,Lachnospiraceae UCG-001  ,Lachnospiraceae bacterium
ASV_3080,Bacteria,Bacteroidota,Bacteroidia,Bacteroidales  ,Marinifilaceae  ,Odoribacter   ,Odoribacter splanchnicus
ASV_3081,Bacteria,Proteobacteria,Gammaproteobacteria,Burkholderiales  ,Sutterellaceae  ,Sutterella   ,gut metagenome
ASV_3082,Bacteria,Bacteroidota,Bacteroidia,Bacteroidales  ,Bacteroidaceae  ,Bacteroides   ,Bacteroides uniformis
ASV_3083,Bacteria,Firmicutes,Clostridia,Oscillospirales  ,Butyricicoccaceae  ,Butyricicoccus   ,uncultured bacterium
ASV_3084,Bacteria,Bacteroidota,Bacteroidia,Bacteroidales  ,Marinifilaceae  ,Butyricimonas   ,uncultured organism
ASV_3085,Bacteria,Bacteroidota,Bacteroidia,Bacteroidales  ,Bacteroidaceae  ,Bacteroides   ,Bacteroides vulgatus
ASV_3086,Bacteria,Bacteroidota,Bacteroidia,Bacteroidales  ,Bacteroidaceae  ,Bacteroides   ,Bacteroides ovatus
ASV_3087,Bacteria,Bacteroidota,Bacteroidia,Bacteroidales  ,Bacteroidaceae  ,Bacteroides   ,Bacteroides vulgatus
ASV_3088,Bacteria,Firmicutes,Clostridia,Oscillospirales  ,Ruminococcaceae  ,Faecalibacterium   ,NA
ASV_3089,Bacteria,Bacteroidota,Bacteroidia,Bacteroidales  ,Bacteroidaceae  ,Bacteroides   ,Bacteroides plebeius
ASV_3090,Bacteria,Firmicutes,Clostridia,Lachnospirales  ,Lachnospiraceae  ,Coprococcus   ,Lachnospiraceae bacterium
ASV_3091,Bacteria,Proteobacteria,Gammaproteobacteria,Burkholderiales  ,Sutterellaceae  ,Sutterella   ,Burkholderia sp.
ASV_3092,Bacteria,Proteobacteria,Gammaproteobacteria,Enterobacterales  ,Pasteurellaceae  ,Haemophilus   ,Haemophilus pittmaniae
ASV_3093,Bacteria,Bacteroidota,Bacteroidia,Bacteroidales  ,Prevotellaceae  ,Prevotella 9  ,metagenome 
ASV_3094,Bacteria,Firmicutes,Clostridia,Lachnospirales  ,Lachnospiraceae  ,Lachnospiraceae UCG-004  ,NA
ASV_3095,Bacteria,Firmicutes,Clostridia,Lachnospirales  ,Lachnospiraceae  ,Eubacterium xylanophilum group ,uncultured organism
ASV_3096,Bacteria,Firmicutes,Clostridia,Lachnospirales  ,Lachnospiraceae  ,Lachnospiraceae ND3007 group ,metagenome 
ASV_3097,Bacteria,Firmicutes,Clostridia,Clostridia vadinBB60 group,Clostridia vadinBB60 group,Clostridia vadinBB60 group ,uncultured Thermoanaerobacterales
ASV_3098,Bacteria,Firmicutes,Bacilli,Staphylococcales  ,Gemellaceae  ,Gemella   ,uncultured organism
ASV_3099,Bacteria,Proteobacteria,Gammaproteobacteria,Enterobacterales  ,Enterobacteriaceae  ,Klebsiella   ,Klebsiella variicola
ASV_3100,Bacteria,Actinobacteriota,Coriobacteriia,Coriobacteriales  ,Coriobacteriaceae  ,Collinsella   ,Collinsella aerofaciens
ASV_3101,Bacteria,Proteobacteria,Gammaproteobacteria,Enterobacterales  ,Pasteurellaceae  ,Haemophilus   ,uncultured bacterium
ASV_3102,Bacteria,Actinobacteriota,Coriobacteriia,Coriobacteriales  ,Eggerthellaceae  ,Eggerthella   ,uncultured bacterium
ASV_3103,Bacteria,Firmicutes,Clostridia,Oscillospirales  ,Oscillospiraceae  ,UCG-005   ,uncultured organism
ASV_3104,Bacteria,Firmicutes,Clostridia,Lachnospirales  ,Lachnospiraceae  ,uncultured   ,metagenome 
ASV_3105,Bacteria,Firmicutes,Clostridia,Oscillospirales  ,Ruminococcaceae  ,CAG-352   ,uncultured bacterium
ASV_3106,Bacteria,Firmicutes,Clostridia,Lachnospirales  ,Lachnospiraceae  ,Lachnospiraceae NK4A136 group ,NA
ASV_3107,Bacteria,Bacteroidota,Bacteroidia,Bacteroidales  ,Barnesiellaceae  ,Barnesiella   ,uncultured organism
ASV_3108,Bacteria,Firmicutes,Clostridia,Oscillospirales  ,Ruminococcaceae  ,Faecalibacterium   ,NA
ASV_3109,Bacteria,Firmicutes,Clostridia,Oscillospirales  ,Ruminococcaceae  ,Faecalibacterium   ,NA
ASV_3110,Bacteria,Firmicutes,Clostridia,Oscillospirales  ,Oscillospiraceae  ,UCG-003   ,metagenome 
ASV_3111,Bacteria,Firmicutes,Clostridia,Lachnospirales  ,Lachnospiraceae  ,Agathobacter   ,uncultured bacterium
ASV_3112,Bacteria,Bacteroidota,Bacteroidia,Bacteroidales  ,Prevotellaceae  ,Prevotella 9  ,metagenome 
ASV_3113,Bacteria,Firmicutes,Clostridia,Lachnospirales  ,Lachnospiraceae  ,uncultured   ,human gut
ASV_3114,Bacteria,Bacteroidota,Bacteroidia,Bacteroidales  ,Bacteroidaceae  ,Bacteroides   ,Bacteroides ovatus
ASV_3115,Bacteria,Firmicutes,Clostridia,Oscillospirales  ,Ruminococcaceae  ,uncultured   ,human gut
ASV_3116,Bacteria,Firmicutes,Clostridia,Oscillospirales  ,Eubacterium coprostanoligenes group,Eubacterium coprostanoligenes group ,human gut
ASV_3117,Bacteria,Firmicutes,Clostridia,Peptostreptococcales-Tissierellales  ,Peptostreptococcaceae  ,Intestinibacter   ,uncultured bacterium
ASV_3118,Bacteria,Bacteroidota,Bacteroidia,Bacteroidales  ,Bacteroidaceae  ,Bacteroides   ,Bacteroides vulgatus
ASV_3119,Bacteria,Actinobacteriota,Actinobacteria,Bifidobacteriales  ,Bifidobacteriaceae  ,Bifidobacterium   ,NA
ASV_3120,Bacteria,Firmicutes,Negativicutes,Acidaminococcales  ,Acidaminococcaceae  ,Phascolarctobacterium   ,uncultured Veillonellaceae
ASV_3121,Bacteria,Firmicutes,Clostridia,Lachnospirales  ,Lachnospiraceae  ,Ruminococcus torques group ,NA
ASV_3122,Bacteria,Bacteroidota,Bacteroidia,Bacteroidales  ,Barnesiellaceae  ,Barnesiella   ,uncultured organism
ASV_3123,Bacteria,Firmicutes,Bacilli,Erysipelotrichales  ,Erysipelatoclostridiaceae  ,Candidatus Stoquefichus  ,Longibaculum muris
ASV_3124,Bacteria,Firmicutes,Clostridia,Lachnospirales  ,Lachnospiraceae  ,Ruminococcus torques group ,uncultured organism
ASV_3125,Bacteria,Firmicutes,Clostridia,Clostridia vadinBB60 group,Clostridia vadinBB60 group,Clostridia vadinBB60 group ,uncultured bacterium
ASV_3126,Bacteria,Firmicutes,Clostridia,Lachnospirales  ,Lachnospiraceae  ,Eubacterium eligens group ,uncultured organism
ASV_3127,Bacteria,Firmicutes,Clostridia,Lachnospirales  ,Lachnospiraceae  ,Tyzzerella   ,unidentified 
ASV_3128,Bacteria,Firmicutes,Clostridia,Oscillospirales  ,Ruminococcaceae  ,Subdoligranulum   ,uncultured organism
ASV_3129,Bacteria,Bacteroidota,Bacteroidia,Bacteroidales  ,Bacteroidaceae  ,Bacteroides   ,Bacteroides intestinalis
ASV_3130,Bacteria,Firmicutes,Bacilli,Lactobacillales  ,Streptococcaceae  ,Streptococcus   ,Streptococcus salivarius
ASV_3131,Bacteria,Firmicutes,Clostridia,Oscillospirales  ,Oscillospiraceae  ,UCG-005   ,uncultured prokaryote
ASV_3132,Bacteria,Firmicutes,Clostridia,Oscillospirales  ,Oscillospiraceae  ,Colidextribacter   ,gut metagenome
ASV_3133,Bacteria,Firmicutes,Clostridia,Lachnospirales  ,Lachnospiraceae  ,Lachnoclostridium   ,human gut
ASV_3134,Bacteria,Firmicutes,Clostridia,Lachnospirales  ,Lachnospiraceae  ,Lachnospiraceae FCS020 group ,uncultured organism
ASV_3135,Bacteria,Firmicutes,Clostridia,Lachnospirales  ,Defluviitaleaceae  ,Defluviitaleaceae UCG-011  ,uncultured bacterium
ASV_3136,Bacteria,Firmicutes,Clostridia,Oscillospirales  ,Oscillospiraceae  ,Colidextribacter   ,Anaerostipes hadrus
ASV_3137,Bacteria,Firmicutes,Clostridia,Oscillospirales  ,Oscillospiraceae  ,Intestinimonas   ,NA
ASV_3138,Bacteria,Firmicutes,Clostridia,Oscillospirales  ,Ruminococcaceae  ,Incertae Sedis  ,Clostridium leptum
ASV_3139,Bacteria,Bacteroidota,Bacteroidia,Bacteroidales  ,Bacteroidaceae  ,Bacteroides   ,Bacteroides ovatus
ASV_3140,Bacteria,Firmicutes,Negativicutes,Acidaminococcales  ,Acidaminococcaceae  ,Phascolarctobacterium   ,uncultured organism
ASV_3141,Bacteria,Firmicutes,NA,NA,NA,NA,NA
ASV_3142,Bacteria,Firmicutes,Clostridia,NA,NA,NA,NA
ASV_3143,Bacteria,Firmicutes,Clostridia,Lachnospirales  ,Lachnospiraceae  ,Blautia   ,Ruminococcus sp.
ASV_3144,Bacteria,Firmicutes,Bacilli,Lactobacillales  ,Streptococcaceae  ,Streptococcus   ,Streptococcus oralis
ASV_3145,Bacteria,Proteobacteria,Alphaproteobacteria,Rhodospirillales  ,uncultured  ,uncultured   ,Azospirillum sp.
ASV_3146,Bacteria,Proteobacteria,Alphaproteobacteria,Rhodospirillales  ,uncultured  ,uncultured   ,gut metagenome
ASV_3147,Bacteria,Bacteroidota,Bacteroidia,Bacteroidales  ,Prevotellaceae  ,Paraprevotella   ,metagenome 
ASV_3148,Bacteria,Bacteroidota,Bacteroidia,Bacteroidales  ,Tannerellaceae  ,Parabacteroides   ,Parabacteroides distasonis
ASV_3149,Bacteria,Firmicutes,Clostridia,Oscillospirales  ,Oscillospiraceae  ,NA,NA
ASV_3150,Bacteria,Firmicutes,Clostridia,NA,NA,NA,NA
ASV_3151,Bacteria,Desulfobacterota,Desulfovibrionia,Desulfovibrionales  ,Desulfovibrionaceae  ,Bilophila   ,Bilophila wadsworthia
ASV_3152,Bacteria,Verrucomicrobiota,Lentisphaeria,Victivallales  ,Victivallaceae  ,Victivallis   ,uncultured bacterium
ASV_3153,Bacteria,Firmicutes,Clostridia,Lachnospirales  ,Lachnospiraceae  ,Lachnoclostridium   ,human gut
ASV_3154,Bacteria,Firmicutes,Clostridia,Oscillospirales  ,Oscillospiraceae  ,UCG-003   ,uncultured bacterium
ASV_3155,Bacteria,Actinobacteriota,Coriobacteriia,Coriobacteriales  ,Coriobacteriaceae  ,Collinsella   ,Collinsella aerofaciens
ASV_3156,Bacteria,Cyanobacteria,Vampirivibrionia,Gastranaerophilales  ,Gastranaerophilales  ,Gastranaerophilales   ,Acinetobacter sp.
ASV_3157,Bacteria,Bacteroidota,Bacteroidia,Bacteroidales  ,Bacteroidaceae  ,Bacteroides   ,Bacteroides vulgatus
ASV_3158,Bacteria,Firmicutes,Clostridia,Lachnospirales  ,Lachnospiraceae  ,Coprococcus   ,Lachnospiraceae bacterium
ASV_3159,Bacteria,Firmicutes,Clostridia,Oscillospirales  ,Ruminococcaceae  ,Faecalibacterium   ,NA
ASV_3160,Bacteria,Firmicutes,Clostridia,Oscillospirales  ,Ruminococcaceae  ,Negativibacillus   ,uncultured bacterium
ASV_3161,Bacteria,Firmicutes,Clostridia,Oscillospirales  ,Ruminococcaceae  ,Faecalibacterium   ,NA
ASV_3162,Bacteria,Firmicutes,Clostridia,Lachnospirales  ,Lachnospiraceae  ,Lachnoclostridium   ,human gut
ASV_3163,Bacteria,Firmicutes,Clostridia,Lachnospirales  ,Lachnospiraceae  ,Anaerostipes   ,NA
ASV_3164,Bacteria,Firmicutes,Clostridia,Lachnospirales  ,Lachnospiraceae  ,Dorea   ,uncultured Dorea
ASV_3165,Bacteria,Firmicutes,Clostridia,Lachnospirales  ,Lachnospiraceae  ,Coprococcus   ,NA
ASV_3166,Bacteria,Firmicutes,Bacilli,Erysipelotrichales  ,Erysipelotrichaceae  ,Faecalitalea   ,Absiella argi
ASV_3167,Bacteria,Proteobacteria,Gammaproteobacteria,Enterobacterales  ,Pasteurellaceae  ,Haemophilus   ,uncultured bacterium
ASV_3168,Bacteria,Bacteroidota,Bacteroidia,Bacteroidales  ,Marinifilaceae  ,Butyricimonas   ,uncultured bacterium
ASV_3169,Bacteria,Firmicutes,Clostridia,Lachnospirales  ,Lachnospiraceae  ,Lachnoclostridium   ,Clostridium scindens
ASV_3170,Bacteria,Bacteroidota,Bacteroidia,Bacteroidales  ,Rikenellaceae  ,Alistipes   ,Alistipes obesi
ASV_3171,Bacteria,Actinobacteriota,Actinobacteria,Bifidobacteriales  ,Bifidobacteriaceae  ,Bifidobacterium   ,Bifidobacterium longum
ASV_3172,Bacteria,Firmicutes,Clostridia,Oscillospirales  ,Ruminococcaceae  ,Subdoligranulum   ,uncultured organism
ASV_3173,Bacteria,Bacteroidota,Bacteroidia,Bacteroidales  ,Tannerellaceae  ,Parabacteroides   ,Parabacteroides distasonis
ASV_3174,Bacteria,Bacteroidota,Bacteroidia,Bacteroidales  ,Tannerellaceae  ,Parabacteroides   ,Parabacteroides distasonis
ASV_3175,Bacteria,Firmicutes,Clostridia,Oscillospirales  ,Oscillospiraceae  ,UCG-005   ,gut metagenome
ASV_3176,Bacteria,Bacteroidota,Bacteroidia,Bacteroidales  ,Bacteroidaceae  ,Bacteroides   ,Bacteroides eggerthii
ASV_3177,Bacteria,Firmicutes,Clostridia,Lachnospirales  ,Lachnospiraceae  ,Eubacterium ventriosum group ,uncultured Lachnospiraceae
ASV_3178,Bacteria,Bacteroidota,Bacteroidia,Bacteroidales  ,Bacteroidaceae  ,Bacteroides   ,Bacteroides massiliensis
ASV_3179,Bacteria,Firmicutes,Clostridia,Lachnospirales  ,Lachnospiraceae  ,NA,NA
ASV_3180,Bacteria,Proteobacteria,Gammaproteobacteria,Enterobacterales  ,Enterobacteriaceae  ,Klebsiella   ,Klebsiella variicola
ASV_3181,Bacteria,Firmicutes,Clostridia,Oscillospirales  ,Butyricicoccaceae  ,Butyricicoccus   ,uncultured organism
ASV_3182,Bacteria,Firmicutes,Clostridia,Lachnospirales  ,Lachnospiraceae  ,Eubacterium eligens group ,uncultured organism
ASV_3183,Bacteria,Firmicutes,NA,NA,NA,NA,NA
ASV_3184,Bacteria,Proteobacteria,Gammaproteobacteria,Enterobacterales  ,Enterobacteriaceae  ,Escherichia-Shigella   ,Shigella flexneri
ASV_3185,Bacteria,Bacteroidota,Bacteroidia,Bacteroidales  ,Barnesiellaceae  ,Coprobacter   ,uncultured organism
ASV_3186,Bacteria,Firmicutes,Clostridia,Monoglobales  ,Monoglobaceae  ,Monoglobus   ,uncultured organism
ASV_3187,Bacteria,Firmicutes,Clostridia,Oscillospirales  ,Ruminococcaceae  ,Eubacterium siraeum group ,NA
ASV_3188,Bacteria,Firmicutes,Clostridia,Oscillospirales  ,Oscillospiraceae  ,UCG-002   ,uncultured organism
ASV_3189,Bacteria,Firmicutes,Clostridia,Christensenellales  ,Christensenellaceae  ,Christensenellaceae R-7 group ,human gut
ASV_3190,Bacteria,Firmicutes,Clostridia,Oscillospirales  ,Oscillospirales  ,Hydrogenoanaerobacterium   ,Selenomonadales bacterium
ASV_3191,Bacteria,Firmicutes,Bacilli,Izemoplasmatales  ,Izemoplasmatales  ,Izemoplasmatales   ,uncultured organism
ASV_3192,Bacteria,Actinobacteriota,Coriobacteriia,Coriobacteriales  ,Eggerthellaceae  ,Adlercreutzia   ,uncultured bacterium
ASV_3193,Bacteria,Firmicutes,Clostridia,Lachnospirales  ,Lachnospiraceae  ,NA,NA
ASV_3194,Bacteria,Firmicutes,Clostridia,Lachnospirales  ,Lachnospiraceae  ,NA,NA
ASV_3195,Bacteria,Firmicutes,Clostridia,Christensenellales  ,Christensenellaceae  ,Christensenellaceae R-7 group ,gut metagenome
ASV_3196,Bacteria,Firmicutes,Clostridia,Lachnospirales  ,Lachnospiraceae  ,Lachnoclostridium   ,uncultured organism
ASV_3197,Bacteria,Firmicutes,Clostridia,Oscillospirales  ,Oscillospiraceae  ,uncultured   ,uncultured bacterium
ASV_3198,Bacteria,Firmicutes,Clostridia,Lachnospirales  ,Lachnospiraceae  ,CAG-56   ,uncultured bacterium
ASV_3199,Bacteria,Proteobacteria,Alphaproteobacteria,Rhodospirillales  ,uncultured  ,uncultured   ,gut metagenome
ASV_3200,Bacteria,Firmicutes,Clostridia,Lachnospirales  ,Lachnospiraceae  ,Ruminococcus torques group ,Ruminococcus faecis
ASV_3201,Bacteria,Firmicutes,Clostridia,Oscillospirales  ,Ruminococcaceae  ,Incertae Sedis  ,Clostridium leptum
ASV_3202,Bacteria,Bacteroidota,Bacteroidia,Bacteroidales  ,Tannerellaceae  ,Parabacteroides   ,Parabacteroides johnsonii
ASV_3203,Bacteria,Firmicutes,Bacilli,Lactobacillales  ,Streptococcaceae  ,Streptococcus   ,Streptococcus salivarius
ASV_3204,Bacteria,Bacteroidota,Bacteroidia,Bacteroidales  ,Rikenellaceae  ,Alistipes   ,Alistipes finegoldii
ASV_3205,Bacteria,Firmicutes,NA,NA,NA,NA,NA
ASV_3206,Bacteria,Bacteroidota,Bacteroidia,Bacteroidales  ,Tannerellaceae  ,Parabacteroides   ,Parabacteroides distasonis
ASV_3207,Bacteria,Bacteroidota,Bacteroidia,Bacteroidales  ,Prevotellaceae  ,Paraprevotella   ,Paraprevotella clara
ASV_3208,Bacteria,Firmicutes,Clostridia,Oscillospirales  ,Ruminococcaceae  ,UBA1819   ,uncultured organism
ASV_3209,Bacteria,Firmicutes,Clostridia,Lachnospirales  ,Lachnospiraceae  ,Ruminococcus gauvreauii group ,uncultured Clostridiales
ASV_3210,Bacteria,Verrucomicrobiota,Verrucomicrobiae,Verrucomicrobiales  ,Akkermansiaceae  ,Akkermansia   ,NA
ASV_3211,Bacteria,Bacteroidota,Bacteroidia,Bacteroidales  ,Bacteroidaceae  ,Bacteroides   ,Bacteroides eggerthii
ASV_3212,Bacteria,Firmicutes,Clostridia,Oscillospirales  ,UCG-010  ,UCG-010   ,NA
ASV_3213,Bacteria,Bacteroidota,Bacteroidia,Bacteroidales  ,Rikenellaceae  ,Alistipes   ,Alistipes obesi
ASV_3214,Bacteria,Fusobacteriota,Fusobacteriia,Fusobacteriales  ,Fusobacteriaceae  ,Fusobacterium   ,NA
ASV_3215,Bacteria,Firmicutes,Clostridia,Lachnospirales  ,Lachnospiraceae  ,uncultured   ,human gut
ASV_3216,Bacteria,Cyanobacteria,Vampirivibrionia,Gastranaerophilales  ,Gastranaerophilales  ,Gastranaerophilales   ,Acinetobacter sp.
ASV_3217,Bacteria,Bacteroidota,Bacteroidia,Bacteroidales  ,Tannerellaceae  ,Parabacteroides   ,Parabacteroides merdae
ASV_3218,Bacteria,Firmicutes,Clostridia,Oscillospirales  ,Ruminococcaceae  ,Ruminococcus   ,Ruminococcus bicirculans
ASV_3219,Bacteria,Firmicutes,Clostridia,Oscillospirales  ,Ruminococcaceae  ,uncultured   ,human gut
ASV_3220,Bacteria,Bacteroidota,Bacteroidia,Bacteroidales  ,Bacteroidaceae  ,Bacteroides   ,Bacteroides plebeius
ASV_3221,Bacteria,Firmicutes,Clostridia,Lachnospirales  ,Lachnospiraceae  ,Lachnoclostridium   ,Clostridium scindens
ASV_3222,Bacteria,Firmicutes,Clostridia,Oscillospirales  ,Butyricicoccaceae  ,Butyricicoccus   ,uncultured organism
ASV_3223,Bacteria,Proteobacteria,Gammaproteobacteria,Burkholderiales  ,Sutterellaceae  ,Sutterella   ,uncultured bacterium
ASV_3224,Bacteria,Bacteroidota,Bacteroidia,Bacteroidales  ,Bacteroidaceae  ,Bacteroides   ,Bacteroides coprocola
ASV_3225,Bacteria,Bacteroidota,Bacteroidia,Bacteroidales  ,Bacteroidaceae  ,Bacteroides   ,Bacteroides vulgatus
ASV_3226,Bacteria,Bacteroidota,Bacteroidia,Bacteroidales  ,Marinifilaceae  ,Odoribacter   ,Odoribacter splanchnicus
ASV_3227,Bacteria,Firmicutes,Bacilli,Erysipelotrichales  ,Erysipelatoclostridiaceae  ,Erysipelotrichaceae UCG-003  ,uncultured bacterium
ASV_3228,Bacteria,Bacteroidota,Bacteroidia,Bacteroidales  ,Bacteroidaceae  ,Bacteroides   ,Bacteroides coprocola
ASV_3229,Bacteria,Bacteroidota,Bacteroidia,Bacteroidales  ,Bacteroidaceae  ,Bacteroides   ,Bacteroides ovatus
ASV_3230,Bacteria,Bacteroidota,Bacteroidia,Bacteroidales  ,Tannerellaceae  ,Parabacteroides   ,Parabacteroides distasonis
ASV_3231,Bacteria,Firmicutes,Clostridia,Lachnospirales  ,Lachnospiraceae  ,Tyzzerella   ,unidentified 
ASV_3232,Bacteria,Bacteroidota,Bacteroidia,Bacteroidales  ,Prevotellaceae  ,Prevotella 7  ,Massiliprevotella massiliensis
ASV_3233,Bacteria,Bacteroidota,Bacteroidia,Bacteroidales  ,Bacteroidaceae  ,Bacteroides   ,Bacteroides uniformis
ASV_3234,Bacteria,Firmicutes,NA,NA,NA,NA,NA
ASV_3235,Bacteria,Firmicutes,Clostridia,Oscillospirales  ,Oscillospiraceae  ,UCG-002   ,Trichuris trichiura
ASV_3236,Bacteria,Firmicutes,Clostridia,Lachnospirales  ,Lachnospiraceae  ,uncultured   ,human gut
ASV_3237,Bacteria,Firmicutes,Negativicutes,Veillonellales-Selenomonadales  ,Veillonellaceae  ,Dialister   ,Dialister sp.
ASV_3238,Bacteria,Firmicutes,Clostridia,Lachnospirales  ,Lachnospiraceae  ,Lachnospiraceae NK4A136 group ,gut metagenome
ASV_3239,Bacteria,Bacteroidota,Bacteroidia,Bacteroidales  ,Rikenellaceae  ,Alistipes   ,Alistipes indistinctus
ASV_3240,Bacteria,Firmicutes,Bacilli,Erysipelotrichales  ,Erysipelatoclostridiaceae  ,Candidatus Stoquefichus  ,Longibaculum muris
ASV_3241,Bacteria,Firmicutes,Clostridia,Oscillospirales  ,Oscillospiraceae  ,Flavonifractor   ,uncultured bacterium
ASV_3242,Bacteria,Firmicutes,Clostridia,Clostridia UCG-014 ,Clostridia UCG-014 ,Clostridia UCG-014  ,uncultured bacterium
ASV_3243,Bacteria,Firmicutes,Clostridia,Oscillospirales  ,Oscillospiraceae  ,UCG-003   ,uncultured bacterium
ASV_3244,Bacteria,Firmicutes,Clostridia,Lachnospirales  ,Lachnospiraceae  ,Coprococcus   ,uncultured organism
ASV_3245,Bacteria,Firmicutes,Clostridia,Lachnospirales  ,Lachnospiraceae  ,Ruminococcus gauvreauii group ,uncultured organism
ASV_3246,Bacteria,Firmicutes,Clostridia,Lachnospirales  ,Lachnospiraceae  ,NA,NA
ASV_3247,Bacteria,Bacteroidota,Bacteroidia,Bacteroidales  ,Bacteroidaceae  ,Bacteroides   ,Bacteroides ovatus
ASV_3248,Bacteria,Firmicutes,Clostridia,Lachnospirales  ,Lachnospiraceae  ,Lachnospiraceae UCG-001  ,NA
ASV_3249,Bacteria,Firmicutes,Clostridia,Oscillospirales  ,Oscillospiraceae  ,UCG-002   ,uncultured organism
ASV_3250,Bacteria,Firmicutes,Clostridia,Oscillospirales  ,Ruminococcaceae  ,Faecalibacterium   ,NA
ASV_3251,Bacteria,Verrucomicrobiota,Verrucomicrobiae,Verrucomicrobiales  ,Akkermansiaceae  ,Akkermansia   ,uncultured bacterium
ASV_3252,Bacteria,Firmicutes,Clostridia,Oscillospirales  ,Oscillospiraceae  ,UCG-002   ,gut metagenome
ASV_3253,Bacteria,Bacteroidota,Bacteroidia,Bacteroidales  ,Prevotellaceae  ,Prevotella 9  ,uncultured organism
ASV_3254,Bacteria,Firmicutes,Clostridia,Lachnospirales  ,Lachnospiraceae  ,Lachnospira   ,gut metagenome
ASV_3255,Bacteria,Firmicutes,Clostridia,Oscillospirales  ,Ruminococcaceae  ,Faecalibacterium   ,NA
ASV_3256,Bacteria,Firmicutes,Clostridia,Oscillospirales  ,Eubacterium coprostanoligenes group,Eubacterium coprostanoligenes group ,gut metagenome
ASV_3257,Bacteria,Bacteroidota,Bacteroidia,Bacteroidales  ,Rikenellaceae  ,Alistipes   ,Bacteroides sp.
ASV_3258,Bacteria,Bacteroidota,Bacteroidia,Bacteroidales  ,Prevotellaceae  ,Prevotella 9  ,metagenome 
ASV_3259,Bacteria,Bacteroidota,Bacteroidia,Bacteroidales  ,Marinifilaceae  ,Butyricimonas   ,uncultured bacterium
ASV_3260,Bacteria,Firmicutes,Clostridia,Lachnospirales  ,Lachnospiraceae  ,Dorea   ,uncultured Dorea
ASV_3261,Bacteria,Bacteroidota,Bacteroidia,Bacteroidales  ,Prevotellaceae  ,uncultured   ,uncultured bacterium
ASV_3262,Bacteria,Firmicutes,Clostridia,Oscillospirales  ,UCG-010  ,UCG-010   ,gut metagenome
ASV_3263,Bacteria,Bacteroidota,Bacteroidia,Bacteroidales  ,Bacteroidaceae  ,Bacteroides   ,Bacteroides vulgatus
ASV_3264,Bacteria,Bacteroidota,Bacteroidia,Bacteroidales  ,Bacteroidaceae  ,Bacteroides   ,Bacteroides massiliensis
ASV_3265,Bacteria,Bacteroidota,Bacteroidia,Bacteroidales  ,Prevotellaceae  ,Paraprevotella   ,Paraprevotella clara
ASV_3266,Bacteria,Verrucomicrobiota,Lentisphaeria,Victivallales  ,vadinBE97  ,vadinBE97   ,uncultured rumen
ASV_3267,Bacteria,Bacteroidota,Bacteroidia,Bacteroidales  ,Rikenellaceae  ,Alistipes   ,Alistipes sp.
ASV_3268,Bacteria,Firmicutes,Clostridia,Oscillospirales  ,Oscillospiraceae  ,UCG-005   ,uncultured organism
ASV_3269,Bacteria,Firmicutes,Clostridia,NA,NA,NA,NA
ASV_3270,Bacteria,Bacteroidota,Bacteroidia,Bacteroidales  ,Tannerellaceae  ,Parabacteroides   ,Parabacteroides distasonis
ASV_3271,Bacteria,Firmicutes,Bacilli,Erysipelotrichales  ,Erysipelatoclostridiaceae  ,Erysipelatoclostridium   ,Erysipelatoclostridium ramosum
ASV_3272,Bacteria,Proteobacteria,Gammaproteobacteria,Burkholderiales  ,Sutterellaceae  ,Sutterella   ,uncultured bacterium
ASV_3273,Bacteria,Firmicutes,Bacilli,Erysipelotrichales  ,Erysipelatoclostridiaceae  ,Erysipelotrichaceae UCG-003  ,uncultured bacterium
ASV_3274,Bacteria,Firmicutes,NA,NA,NA,NA,NA
ASV_3275,Bacteria,Bacteroidota,Bacteroidia,Bacteroidales  ,Rikenellaceae  ,Alistipes   ,uncultured organism
ASV_3276,Bacteria,Verrucomicrobiota,Verrucomicrobiae,Verrucomicrobiales  ,Akkermansiaceae  ,Akkermansia   ,uncultured bacterium
ASV_3277,Bacteria,Verrucomicrobiota,Verrucomicrobiae,Verrucomicrobiales  ,Akkermansiaceae  ,Akkermansia   ,uncultured bacterium
ASV_3278,Bacteria,Firmicutes,Bacilli,Lactobacillales  ,Streptococcaceae  ,Streptococcus   ,Streptococcus australis
ASV_3279,Bacteria,Firmicutes,Clostridia,Lachnospirales  ,Lachnospiraceae  ,Lachnoclostridium   ,Clostridium asparagiforme
ASV_3280,Bacteria,Firmicutes,Clostridia,Oscillospirales  ,Ruminococcaceae  ,Faecalibacterium   ,NA
ASV_3281,Bacteria,Firmicutes,Clostridia,Clostridia vadinBB60 group,Clostridia vadinBB60 group,Clostridia vadinBB60 group ,uncultured Thermoanaerobacterales
ASV_3282,Bacteria,Firmicutes,Clostridia,Lachnospirales  ,Lachnospiraceae  ,Lachnospiraceae UCG-001  ,metagenome 
ASV_3283,Bacteria,Proteobacteria,Gammaproteobacteria,Burkholderiales  ,Sutterellaceae  ,Sutterella   ,NA
ASV_3284,Bacteria,Desulfobacterota,Desulfovibrionia,Desulfovibrionales  ,Desulfovibrionaceae  ,Bilophila   ,Bilophila wadsworthia
ASV_3285,Bacteria,Actinobacteriota,Actinobacteria,Bifidobacteriales  ,Bifidobacteriaceae  ,Bifidobacterium   ,Bifidobacterium longum
ASV_3286,Bacteria,Bacteroidota,Bacteroidia,Bacteroidales  ,Bacteroidaceae  ,Bacteroides   ,unidentified 
ASV_3287,Bacteria,Bacteroidota,Bacteroidia,Bacteroidales  ,Tannerellaceae  ,Parabacteroides   ,Parabacteroides distasonis
ASV_3288,Bacteria,Actinobacteriota,Coriobacteriia,Coriobacteriales  ,Eggerthellaceae  ,Adlercreutzia   ,uncultured bacterium
ASV_3289,Bacteria,Actinobacteriota,Coriobacteriia,Coriobacteriales  ,Coriobacteriales Incertae Sedis,uncultured   ,gut metagenome
ASV_3290,Bacteria,Firmicutes,Clostridia,Clostridia UCG-014 ,Clostridia UCG-014 ,Clostridia UCG-014  ,gut metagenome
ASV_3291,Bacteria,Proteobacteria,Gammaproteobacteria,Burkholderiales  ,Sutterellaceae  ,Sutterella   ,gut metagenome
ASV_3292,Bacteria,Firmicutes,Clostridia,Christensenellales  ,Christensenellaceae  ,Christensenellaceae R-7 group ,gut metagenome
ASV_3293,Bacteria,Bacteroidota,Bacteroidia,Bacteroidales  ,Marinifilaceae  ,Butyricimonas   ,uncultured bacterium
ASV_3294,Bacteria,Firmicutes,Clostridia,Oscillospirales  ,Eubacterium coprostanoligenes group,Eubacterium coprostanoligenes group ,gut metagenome
ASV_3295,Bacteria,Actinobacteriota,Coriobacteriia,Coriobacteriales  ,Coriobacteriales Incertae Sedis,uncultured   ,gut metagenome
ASV_3296,Bacteria,Bacteroidota,Bacteroidia,Bacteroidales  ,Tannerellaceae  ,Parabacteroides   ,Parabacteroides distasonis
ASV_3297,Bacteria,Firmicutes,Clostridia,Oscillospirales  ,Oscillospiraceae  ,NK4A214 group  ,uncultured organism
ASV_3298,Bacteria,Firmicutes,Bacilli,Erysipelotrichales  ,Erysipelotrichaceae  ,Turicibacter   ,NA
ASV_3299,Bacteria,Bacteroidota,Bacteroidia,Bacteroidales  ,Rikenellaceae  ,Alistipes   ,NA
ASV_3300,Bacteria,Firmicutes,Clostridia,Oscillospirales  ,Butyricicoccaceae  ,Butyricicoccus   ,uncultured organism
ASV_3301,Bacteria,Firmicutes,Clostridia,Oscillospirales  ,Oscillospiraceae  ,Pseudoflavonifractor   ,uncultured bacterium
ASV_3302,Bacteria,Bacteroidota,Bacteroidia,Bacteroidales  ,Bacteroidaceae  ,Bacteroides   ,Bacteroides eggerthii
ASV_3303,Bacteria,Firmicutes,Clostridia,Lachnospirales  ,Lachnospiraceae  ,Agathobacter   ,uncultured bacterium
ASV_3304,Bacteria,Firmicutes,Clostridia,Lachnospirales  ,Lachnospiraceae  ,Lachnoclostridium   ,Clostridium aldenense
ASV_3305,Bacteria,Firmicutes,Clostridia,Lachnospirales  ,Lachnospiraceae  ,Lachnoclostridium   ,human gut
ASV_3306,Bacteria,Firmicutes,Clostridia,Peptostreptococcales-Tissierellales  ,Anaerovoracaceae  ,Family XIII UCG-001 ,uncultured bacterium
ASV_3307,Bacteria,Firmicutes,Bacilli,Erysipelotrichales  ,Erysipelatoclostridiaceae  ,Erysipelatoclostridium   ,Clostridium spiroforme
ASV_3308,Bacteria,Firmicutes,Clostridia,Oscillospirales  ,Oscillospiraceae  ,Oscillibacter   ,uncultured organism
ASV_3309,Bacteria,Bacteroidota,Bacteroidia,Bacteroidales  ,Bacteroidaceae  ,Bacteroides   ,Bacteroides cellulosilyticus
ASV_3310,Bacteria,Firmicutes,Clostridia,Lachnospirales  ,Lachnospiraceae  ,Blautia   ,NA
ASV_3311,Bacteria,Firmicutes,Clostridia,Oscillospirales  ,Eubacterium coprostanoligenes group,Eubacterium coprostanoligenes group ,gut metagenome
ASV_3312,Bacteria,Firmicutes,Clostridia,Lachnospirales  ,Lachnospiraceae  ,Eubacterium hallii group ,uncultured organism
ASV_3313,Bacteria,Bacteroidota,Bacteroidia,Bacteroidales  ,Bacteroidaceae  ,Bacteroides   ,Bacteroides uniformis
ASV_3314,Bacteria,Firmicutes,Clostridia,Monoglobales  ,Monoglobaceae  ,Monoglobus   ,uncultured organism
ASV_3315,Bacteria,Firmicutes,Negativicutes,Acidaminococcales  ,Acidaminococcaceae  ,Acidaminococcus   ,NA
ASV_3316,Bacteria,Firmicutes,Clostridia,Oscillospirales  ,Oscillospiraceae  ,Flavonifractor   ,uncultured bacterium
ASV_3317,Bacteria,Bacteroidota,Bacteroidia,Bacteroidales  ,Marinifilaceae  ,Butyricimonas   ,uncultured organism
ASV_3318,Bacteria,Bacteroidota,Bacteroidia,Bacteroidales  ,Rikenellaceae  ,Alistipes   ,Alistipes finegoldii
ASV_3319,Bacteria,Firmicutes,Clostridia,Lachnospirales  ,Lachnospiraceae  ,Lachnoclostridium   ,human gut
ASV_3320,Bacteria,Actinobacteriota,Actinobacteria,Bifidobacteriales  ,Bifidobacteriaceae  ,Bifidobacterium   ,Bifidobacterium longum
ASV_3321,Bacteria,Firmicutes,Clostridia,Oscillospirales  ,Ruminococcaceae  ,Faecalibacterium   ,uncultured Faecalibacterium
ASV_3322,Bacteria,Firmicutes,Clostridia,Lachnospirales  ,Lachnospiraceae  ,Lachnospiraceae NK4A136 group ,gut metagenome
ASV_3323,Bacteria,Firmicutes,Clostridia,Peptostreptococcales-Tissierellales  ,Anaerovoracaceae  ,Eubacterium brachy group ,uncultured bacterium
ASV_3324,Bacteria,Firmicutes,Clostridia,Lachnospirales  ,Lachnospiraceae  ,Tyzzerella   ,Anaerotignum lactatifermentans
ASV_3325,Bacteria,Bacteroidota,Bacteroidia,Bacteroidales  ,Bacteroidaceae  ,Bacteroides   ,Bacteroides ovatus
ASV_3326,Bacteria,Firmicutes,Clostridia,Oscillospirales  ,Ruminococcaceae  ,CAG-352   ,uncultured bacterium
ASV_3327,Archaea,Euryarchaeota,Methanobacteria,Methanobacteriales  ,Methanobacteriaceae  ,Methanobrevibacter   ,Methanobrevibacter smithii
ASV_3328,Bacteria,Firmicutes,Clostridia,Lachnospirales  ,Lachnospiraceae  ,Lachnospiraceae NK4A136 group ,metagenome 
ASV_3329,Bacteria,Bacteroidota,Bacteroidia,Bacteroidales  ,Bacteroidaceae  ,Bacteroides   ,Bacteroides vulgatus
ASV_3330,Bacteria,Bacteroidota,Bacteroidia,Bacteroidales  ,Tannerellaceae  ,Parabacteroides   ,Parabacteroides distasonis
ASV_3331,Bacteria,Proteobacteria,Gammaproteobacteria,Burkholderiales  ,Sutterellaceae  ,Sutterella   ,gut metagenome
ASV_3332,Bacteria,Firmicutes,Clostridia,Oscillospirales  ,Ruminococcaceae  ,CAG-352   ,uncultured bacterium
ASV_3333,Bacteria,Proteobacteria,Gammaproteobacteria,Burkholderiales  ,Sutterellaceae  ,Sutterella   ,NA
ASV_3334,Bacteria,Bacteroidota,Bacteroidia,Bacteroidales  ,Marinifilaceae  ,Butyricimonas   ,uncultured organism
ASV_3335,Bacteria,Firmicutes,Clostridia,Monoglobales  ,Monoglobaceae  ,Monoglobus   ,Monoglobus pectinilyticus
ASV_3336,Bacteria,Firmicutes,Clostridia,Lachnospirales  ,Lachnospiraceae  ,Agathobacter   ,uncultured bacterium
ASV_3337,Bacteria,Firmicutes,Clostridia,Lachnospirales  ,Lachnospiraceae  ,Coprococcus   ,metagenome 
ASV_3338,Bacteria,Bacteroidota,Bacteroidia,Bacteroidales  ,Bacteroidaceae  ,Bacteroides   ,Bacteroides eggerthii
ASV_3339,Bacteria,Firmicutes,Clostridia,Lachnospirales  ,Lachnospiraceae  ,Blautia   ,NA
ASV_3340,Bacteria,Firmicutes,Clostridia,Oscillospirales  ,Ruminococcaceae  ,Incertae Sedis  ,uncultured organism
ASV_3341,Bacteria,Firmicutes,Clostridia,Lachnospirales  ,Lachnospiraceae  ,Lachnospiraceae UCG-001  ,Lachnospiraceae bacterium
ASV_3342,Bacteria,Actinobacteriota,Actinobacteria,Bifidobacteriales  ,Bifidobacteriaceae  ,Bifidobacterium   ,Bifidobacterium longum
ASV_3343,Bacteria,Bacteroidota,Bacteroidia,Bacteroidales  ,Bacteroidaceae  ,Bacteroides   ,Bacteroides intestinalis
ASV_3344,Bacteria,Firmicutes,Clostridia,Oscillospirales  ,Ruminococcaceae  ,Faecalibacterium   ,NA
ASV_3345,Bacteria,Bacteroidota,Bacteroidia,Bacteroidales  ,NA,NA,NA
ASV_3346,Bacteria,Bacteroidota,Bacteroidia,Bacteroidales  ,Marinifilaceae  ,Butyricimonas   ,uncultured organism
ASV_3347,Bacteria,Firmicutes,Clostridia,Oscillospirales  ,Eubacterium coprostanoligenes group,Eubacterium coprostanoligenes group ,human gut
ASV_3348,Bacteria,Firmicutes,Clostridia,Lachnospirales  ,Lachnospiraceae  ,Blautia   ,Ruminococcus sp.
ASV_3349,Bacteria,Firmicutes,Clostridia,Lachnospirales  ,Lachnospiraceae  ,Dorea   ,uncultured bacterium
ASV_3350,Bacteria,Bacteroidota,Bacteroidia,Bacteroidales  ,Tannerellaceae  ,Parabacteroides   ,Parabacteroides distasonis
ASV_3351,Bacteria,Firmicutes,Clostridia,Lachnospirales  ,Lachnospiraceae  ,Ruminococcus torques group ,Ruminococcus lactaris
ASV_3352,Bacteria,Proteobacteria,Alphaproteobacteria,Rhodospirillales  ,uncultured  ,uncultured   ,Azospirillum sp.
ASV_3353,Bacteria,Firmicutes,Clostridia,Lachnospirales  ,Lachnospiraceae  ,Tyzzerella   ,Anaerotignum lactatifermentans
ASV_3354,Bacteria,Firmicutes,Incertae Sedis,DTU014  ,DTU014  ,DTU014   ,unidentified 
ASV_3355,Bacteria,Firmicutes,Clostridia,Lachnospirales  ,Lachnospiraceae  ,CAG-56   ,uncultured bacterium
ASV_3356,Bacteria,Firmicutes,Clostridia,Oscillospirales  ,Ruminococcaceae  ,Faecalibacterium   ,metagenome 
ASV_3357,Bacteria,Firmicutes,Clostridia,Oscillospirales  ,Butyricicoccaceae  ,Butyricicoccus   ,uncultured organism
ASV_3358,Bacteria,Bacteroidota,Bacteroidia,Bacteroidales  ,Prevotellaceae  ,Paraprevotella   ,Paraprevotella clara
ASV_3359,Bacteria,Bacteroidota,Bacteroidia,Bacteroidales  ,Prevotellaceae  ,Prevotella 9  ,uncultured organism
ASV_3360,Bacteria,Proteobacteria,Gammaproteobacteria,Enterobacterales  ,Enterobacteriaceae  ,Escherichia-Shigella   ,Shigella flexneri
ASV_3361,Bacteria,Bacteroidota,Bacteroidia,Bacteroidales  ,Bacteroidaceae  ,Bacteroides   ,Bacteroides coprocola
ASV_3362,Bacteria,Firmicutes,Bacilli,Lactobacillales  ,Streptococcaceae  ,Lactococcus   ,Lactococcus lactis
ASV_3363,Bacteria,Firmicutes,Clostridia,Lachnospirales  ,Lachnospiraceae  ,Coprococcus   ,NA
ASV_3364,Bacteria,Firmicutes,Clostridia,Oscillospirales  ,Ruminococcaceae  ,Subdoligranulum   ,metagenome 
ASV_3365,Bacteria,Firmicutes,Clostridia,Lachnospirales  ,Lachnospiraceae  ,Lachnoclostridium   ,Clostridium glycyrrhizinilyticum
ASV_3366,Bacteria,Firmicutes,Bacilli,Erysipelotrichales  ,Erysipelatoclostridiaceae  ,Erysipelotrichaceae UCG-003  ,uncultured bacterium
ASV_3367,Bacteria,Firmicutes,Bacilli,Erysipelotrichales  ,Erysipelotrichaceae  ,Turicibacter   ,Turicibacter sanguinis
ASV_3368,Bacteria,Bacteroidota,Bacteroidia,Bacteroidales  ,Tannerellaceae  ,Parabacteroides   ,Parabacteroides merdae
ASV_3369,Bacteria,Bacteroidota,Bacteroidia,Bacteroidales  ,Bacteroidaceae  ,Bacteroides   ,Bacteroides uniformis
ASV_3370,Bacteria,Bacteroidota,Bacteroidia,Bacteroidales  ,Tannerellaceae  ,Parabacteroides   ,Parabacteroides distasonis
ASV_3371,Bacteria,Bacteroidota,Bacteroidia,Bacteroidales  ,uncultured  ,uncultured   ,uncultured bacterium
ASV_3372,Bacteria,Firmicutes,Clostridia,Lachnospirales  ,Lachnospiraceae  ,Blautia   ,Ruminococcus sp.
ASV_3373,Bacteria,Firmicutes,Clostridia,Oscillospirales  ,Eubacterium coprostanoligenes group,Eubacterium coprostanoligenes group ,gut metagenome
ASV_3374,Bacteria,Bacteroidota,Bacteroidia,Bacteroidales  ,Prevotellaceae  ,Paraprevotella   ,uncultured bacterium
ASV_3375,Bacteria,Firmicutes,Clostridia,Clostridia vadinBB60 group,Clostridia vadinBB60 group,Clostridia vadinBB60 group ,uncultured bacterium
ASV_3376,Bacteria,Bacteroidota,Bacteroidia,Bacteroidales  ,Tannerellaceae  ,Parabacteroides   ,Parabacteroides distasonis
ASV_3377,Bacteria,Bacteroidota,Bacteroidia,Bacteroidales  ,Bacteroidaceae  ,Bacteroides   ,Bacteroides fragilis
ASV_3378,Bacteria,Firmicutes,Clostridia,Oscillospirales  ,Eubacterium coprostanoligenes group,Eubacterium coprostanoligenes group ,unidentified 
ASV_3379,Bacteria,Firmicutes,Clostridia,Lachnospirales  ,Lachnospiraceae  ,Lachnoclostridium   ,Clostridium glycyrrhizinilyticum
ASV_3380,Bacteria,Desulfobacterota,Desulfovibrionia,Desulfovibrionales  ,Desulfovibrionaceae  ,Desulfovibrio   ,gut metagenome
ASV_3381,Bacteria,Firmicutes,Clostridia,Oscillospirales  ,Oscillospirales  ,Hydrogenoanaerobacterium   ,Selenomonadales bacterium
ASV_3382,Bacteria,Firmicutes,Clostridia,Oscillospirales  ,Ruminococcaceae  ,Ruminococcus   ,Ruminococcus bicirculans
ASV_3383,Bacteria,Firmicutes,Clostridia,Lachnospirales  ,Lachnospiraceae  ,Lachnoclostridium   ,Clostridium scindens
ASV_3384,Bacteria,Bacteroidota,Bacteroidia,Bacteroidales  ,Bacteroidaceae  ,Bacteroides   ,Bacteroides intestinalis
ASV_3385,Bacteria,Bacteroidota,Bacteroidia,Bacteroidales  ,Bacteroidaceae  ,Bacteroides   ,Bacteroides thetaiotaomicron
ASV_3386,Bacteria,Firmicutes,Clostridia,Lachnospirales  ,Lachnospiraceae  ,Blautia   ,Blautia sp.
ASV_3387,Bacteria,Firmicutes,Clostridia,Lachnospirales  ,Lachnospiraceae  ,Lachnoclostridium   ,Clostridium aldenense
ASV_3388,Bacteria,Firmicutes,Bacilli,Erysipelotrichales  ,Erysipelotrichaceae  ,Holdemanella   ,uncultured bacterium
ASV_3389,Bacteria,Actinobacteriota,Actinobacteria,Bifidobacteriales  ,Bifidobacteriaceae  ,Bifidobacterium   ,Bifidobacterium longum
ASV_3390,Bacteria,Firmicutes,Clostridia,Lachnospirales  ,Lachnospiraceae  ,Lachnospiraceae UCG-001  ,metagenome 
ASV_3391,Bacteria,Verrucomicrobiota,Verrucomicrobiae,Verrucomicrobiales  ,Akkermansiaceae  ,Akkermansia   ,uncultured bacterium
ASV_3392,Bacteria,Firmicutes,Clostridia,Oscillospirales  ,Ruminococcaceae  ,Incertae Sedis  ,Carnobacterium sp.
ASV_3393,Bacteria,Proteobacteria,Alphaproteobacteria,Rhodospirillales  ,uncultured  ,uncultured   ,Azospirillum sp.
ASV_3394,Bacteria,Firmicutes,Clostridia,Lachnospirales  ,Lachnospiraceae  ,Roseburia   ,NA
ASV_3395,Bacteria,Firmicutes,Clostridia,Peptostreptococcales-Tissierellales  ,Peptostreptococcaceae  ,Intestinibacter   ,uncultured bacterium
ASV_3396,Bacteria,Bacteroidota,Bacteroidia,Bacteroidales  ,Prevotellaceae  ,Prevotella 9  ,uncultured organism
ASV_3397,Bacteria,Firmicutes,Clostridia,Lachnospirales  ,Lachnospiraceae  ,Eisenbergiella   ,uncultured organism
ASV_3398,Bacteria,Firmicutes,Negativicutes,Acidaminococcales  ,Acidaminococcaceae  ,Phascolarctobacterium   ,uncultured Firmicutes
ASV_3399,Bacteria,Bacteroidota,Bacteroidia,Bacteroidales  ,Rikenellaceae  ,Alistipes   ,Alistipes finegoldii
ASV_3400,Bacteria,Firmicutes,Clostridia,Lachnospirales  ,Lachnospiraceae  ,Dorea   ,uncultured Dorea
ASV_3401,Bacteria,Firmicutes,Bacilli,Erysipelotrichales  ,Erysipelotrichaceae  ,Holdemanella   ,uncultured bacterium
ASV_3402,Bacteria,Firmicutes,Clostridia,Oscillospirales  ,Ruminococcaceae  ,Incertae Sedis  ,Clostridium leptum
ASV_3403,Bacteria,Firmicutes,Bacilli,Staphylococcales  ,Staphylococcaceae  ,Staphylococcus   ,Staphylococcus warneri
ASV_3404,Bacteria,Firmicutes,Clostridia,Lachnospirales  ,Lachnospiraceae  ,Lachnospiraceae UCG-010  ,uncultured bacterium
ASV_3405,Bacteria,Bacteroidota,Bacteroidia,Bacteroidales  ,Bacteroidaceae  ,Bacteroides   ,Bacteroides massiliensis
ASV_3406,Bacteria,Bacteroidota,Bacteroidia,Bacteroidales  ,Bacteroidaceae  ,Bacteroides   ,Bacteroides ovatus
ASV_3407,Bacteria,Proteobacteria,Alphaproteobacteria,Rhodospirillales  ,uncultured  ,uncultured   ,Azospirillum sp.
ASV_3408,Bacteria,Firmicutes,Clostridia,Clostridia vadinBB60 group,Clostridia vadinBB60 group,Clostridia vadinBB60 group ,uncultured Thermoanaerobacterales
ASV_3409,Bacteria,Firmicutes,Negativicutes,Veillonellales-Selenomonadales  ,Veillonellaceae  ,Veillonella   ,NA
ASV_3410,Bacteria,Firmicutes,Clostridia,Oscillospirales  ,Oscillospiraceae  ,Oscillibacter   ,uncultured organism
ASV_3411,Bacteria,Bacteroidota,Bacteroidia,Bacteroidales  ,Prevotellaceae  ,Prevotella 9  ,metagenome 
ASV_3412,Bacteria,Firmicutes,NA,NA,NA,NA,NA
ASV_3413,Bacteria,Firmicutes,Clostridia,Lachnospirales  ,Lachnospiraceae  ,Roseburia   ,NA
ASV_3414,Bacteria,Firmicutes,Clostridia,NA,NA,NA,NA
ASV_3415,Bacteria,Firmicutes,Clostridia,Lachnospirales  ,Lachnospiraceae  ,Eisenbergiella   ,Lachnospiraceae bacterium
ASV_3416,Bacteria,Firmicutes,Clostridia,Oscillospirales  ,Butyricicoccaceae  ,Butyricicoccus   ,uncultured organism
ASV_3417,Bacteria,Proteobacteria,Gammaproteobacteria,Enterobacterales  ,Enterobacteriaceae  ,Escherichia-Shigella   ,Shigella flexneri
ASV_3418,Bacteria,Firmicutes,Clostridia,Lachnospirales  ,Lachnospiraceae  ,Coprococcus   ,Lachnospiraceae bacterium
ASV_3419,Bacteria,Firmicutes,Clostridia,Oscillospirales  ,Oscillospiraceae  ,Flavonifractor   ,uncultured bacterium
ASV_3420,Bacteria,Firmicutes,Clostridia,Lachnospirales  ,Lachnospiraceae  ,Eubacterium hallii group ,uncultured organism
ASV_3421,Bacteria,Firmicutes,Clostridia,Oscillospirales  ,Oscillospiraceae  ,UCG-005   ,uncultured organism
ASV_3422,Bacteria,Firmicutes,Negativicutes,Veillonellales-Selenomonadales  ,Selenomonadaceae  ,Megamonas   ,uncultured organism
ASV_3423,Bacteria,Firmicutes,Clostridia,Lachnospirales  ,Lachnospiraceae  ,Lachnoclostridium   ,bacterium NLAE-zl-G121
ASV_3424,Bacteria,Firmicutes,Clostridia,Lachnospirales  ,Lachnospiraceae  ,Lachnoclostridium   ,human gut
ASV_3425,Bacteria,Bacteroidota,Bacteroidia,Bacteroidales  ,Tannerellaceae  ,Parabacteroides   ,Parabacteroides distasonis
ASV_3426,Bacteria,Firmicutes,Clostridia,Oscillospirales  ,Oscillospiraceae  ,UCG-002   ,NA
ASV_3427,Bacteria,Firmicutes,Clostridia,Oscillospirales  ,Oscillospiraceae  ,Oscillibacter   ,uncultured organism
ASV_3428,Bacteria,Firmicutes,Negativicutes,Veillonellales-Selenomonadales  ,Veillonellaceae  ,Veillonella   ,Veillonella parvula
ASV_3429,Bacteria,Proteobacteria,Alphaproteobacteria,Rhodospirillales  ,uncultured  ,uncultured   ,gut metagenome
ASV_3430,Bacteria,Firmicutes,Clostridia,Lachnospirales  ,Lachnospiraceae  ,Lachnospiraceae NK4A136 group ,gut metagenome
ASV_3431,Bacteria,Verrucomicrobiota,Verrucomicrobiae,Verrucomicrobiales  ,Akkermansiaceae  ,Akkermansia   ,NA
ASV_3432,Bacteria,Firmicutes,Clostridia,Christensenellales  ,Christensenellaceae  ,Christensenellaceae R-7 group ,uncultured Spirochaetales
ASV_3433,Bacteria,Firmicutes,Clostridia,Oscillospirales  ,Ruminococcaceae  ,Faecalibacterium   ,NA
ASV_3434,Bacteria,Firmicutes,Clostridia,Monoglobales  ,Monoglobaceae  ,Monoglobus   ,uncultured organism
ASV_3435,Bacteria,Firmicutes,Clostridia,Oscillospirales  ,Ruminococcaceae  ,uncultured   ,gut metagenome
ASV_3436,Bacteria,Firmicutes,Clostridia,Lachnospirales  ,Lachnospiraceae  ,Ruminococcus gnavus group ,uncultured bacterium
ASV_3437,Bacteria,Firmicutes,Clostridia,Lachnospirales  ,Lachnospiraceae  ,Ruminococcus torques group ,uncultured organism
ASV_3438,Bacteria,Bacteroidota,Bacteroidia,Bacteroidales  ,Bacteroidaceae  ,Bacteroides   ,Bacteroides eggerthii
ASV_3439,Bacteria,Firmicutes,Negativicutes,Veillonellales-Selenomonadales  ,Veillonellaceae  ,Dialister   ,NA
ASV_3440,Bacteria,Firmicutes,Clostridia,Oscillospirales  ,Ruminococcaceae  ,NA,NA
ASV_3441,Bacteria,Desulfobacterota,Desulfovibrionia,Desulfovibrionales  ,Desulfovibrionaceae  ,Desulfovibrio   ,gut metagenome
ASV_3442,Bacteria,Actinobacteriota,Coriobacteriia,Coriobacteriales  ,Coriobacteriaceae  ,Collinsella   ,Collinsella aerofaciens
ASV_3443,Bacteria,Bacteroidota,Bacteroidia,Bacteroidales  ,Bacteroidaceae  ,Bacteroides   ,Bacteroides plebeius
ASV_3444,Bacteria,Proteobacteria,Alphaproteobacteria,Rhodospirillales  ,uncultured  ,uncultured   ,gut metagenome
ASV_3445,Bacteria,Firmicutes,Clostridia,Lachnospirales  ,Lachnospiraceae  ,Blautia   ,NA
ASV_3446,Bacteria,Firmicutes,Clostridia,Lachnospirales  ,Lachnospiraceae  ,uncultured   ,uncultured organism
ASV_3447,Bacteria,Proteobacteria,Gammaproteobacteria,Enterobacterales  ,Enterobacteriaceae  ,Citrobacter   ,Citrobacter freundii
ASV_3448,Bacteria,Proteobacteria,Alphaproteobacteria,Rhodospirillales  ,uncultured  ,uncultured   ,gut metagenome
ASV_3449,Bacteria,Bacteroidota,Bacteroidia,Bacteroidales  ,Rikenellaceae  ,Alistipes   ,Alistipes inops
ASV_3450,Bacteria,Bacteroidota,Bacteroidia,Bacteroidales  ,Bacteroidaceae  ,Bacteroides   ,Bacteroides ovatus
ASV_3451,Bacteria,Bacteroidota,Bacteroidia,Bacteroidales  ,Barnesiellaceae  ,Barnesiella   ,uncultured organism
ASV_3452,Bacteria,Bacteroidota,Bacteroidia,Bacteroidales  ,Tannerellaceae  ,Parabacteroides   ,Parabacteroides goldsteinii
ASV_3453,Bacteria,Firmicutes,Clostridia,Lachnospirales  ,Lachnospiraceae  ,Roseburia   ,gut metagenome
ASV_3454,Bacteria,Firmicutes,Clostridia,Oscillospirales  ,Oscillospiraceae  ,Oscillibacter   ,human gut
ASV_3455,Bacteria,Bacteroidota,Bacteroidia,Bacteroidales  ,Rikenellaceae  ,Alistipes   ,Alistipes indistinctus
ASV_3456,Bacteria,Firmicutes,Clostridia,Lachnospirales  ,Lachnospiraceae  ,CAG-56   ,uncultured bacterium
ASV_3457,Bacteria,Bacteroidota,Bacteroidia,Bacteroidales  ,Prevotellaceae  ,Paraprevotella   ,Paraprevotella clara
ASV_3458,Bacteria,Firmicutes,Clostridia,Lachnospirales  ,Lachnospiraceae  ,Lachnospiraceae NK4A136 group ,gut metagenome
ASV_3459,Bacteria,Proteobacteria,Gammaproteobacteria,Burkholderiales  ,Sutterellaceae  ,Parasutterella   ,uncultured organism
ASV_3460,Bacteria,Bacteroidota,Bacteroidia,Bacteroidales  ,Tannerellaceae  ,Parabacteroides   ,Parabacteroides distasonis
ASV_3461,Bacteria,Firmicutes,Clostridia,Oscillospirales  ,Oscillospiraceae  ,Colidextribacter   ,uncultured Flavonifractor
ASV_3462,Bacteria,Firmicutes,Clostridia,Clostridia UCG-014 ,Clostridia UCG-014 ,Clostridia UCG-014  ,gut metagenome
ASV_3463,Bacteria,Firmicutes,Clostridia,Oscillospirales  ,Ruminococcaceae  ,CAG-352   ,uncultured organism
ASV_3464,Bacteria,Firmicutes,Clostridia,Lachnospirales  ,Lachnospiraceae  ,Blautia   ,NA
ASV_3465,Bacteria,Bacteroidota,Bacteroidia,Bacteroidales  ,Tannerellaceae  ,Parabacteroides   ,Parabacteroides distasonis
ASV_3466,Bacteria,Bacteroidota,Bacteroidia,Bacteroidales  ,Tannerellaceae  ,Parabacteroides   ,Parabacteroides merdae
ASV_3467,Bacteria,Bacteroidota,Bacteroidia,Bacteroidales  ,Bacteroidaceae  ,Bacteroides   ,Bacteroides plebeius
ASV_3468,Bacteria,Firmicutes,Clostridia,Clostridiales  ,Clostridiaceae  ,Clostridium sensu stricto 1,metagenome 
ASV_3469,Bacteria,Proteobacteria,Gammaproteobacteria,Burkholderiales  ,Sutterellaceae  ,Sutterella   ,gut metagenome
ASV_3470,Bacteria,Bacteroidota,Bacteroidia,Bacteroidales  ,Bacteroidaceae  ,Bacteroides   ,Bacteroides vulgatus
ASV_3471,Bacteria,Firmicutes,Clostridia,Lachnospirales  ,Lachnospiraceae  ,Roseburia   ,uncultured organism
ASV_3472,Bacteria,Bacteroidota,Bacteroidia,Bacteroidales  ,Prevotellaceae  ,Paraprevotella   ,uncultured bacterium
ASV_3473,Bacteria,Firmicutes,Clostridia,Oscillospirales  ,Oscillospiraceae  ,uncultured   ,uncultured organism
ASV_3474,Bacteria,Bacteroidota,Bacteroidia,Bacteroidales  ,Barnesiellaceae  ,Barnesiella   ,uncultured organism
ASV_3475,Bacteria,Firmicutes,Negativicutes,Veillonellales-Selenomonadales  ,Veillonellaceae  ,Dialister   ,Dialister sp.
ASV_3476,Bacteria,Firmicutes,Clostridia,Oscillospirales  ,Oscillospiraceae  ,Flavonifractor   ,uncultured bacterium
ASV_3477,Bacteria,Bacteroidota,Bacteroidia,Bacteroidales  ,Rikenellaceae  ,Rikenellaceae RC9 gut group,uncultured bacterium
ASV_3478,Bacteria,Actinobacteriota,Coriobacteriia,Coriobacteriales  ,Eggerthellaceae  ,Adlercreutzia   ,uncultured bacterium
ASV_3479,Bacteria,Firmicutes,Clostridia,Lachnospirales  ,Lachnospiraceae  ,Dorea   ,uncultured Dorea
ASV_3480,Bacteria,Firmicutes,Clostridia,Lachnospirales  ,Lachnospiraceae  ,Blautia   ,Ruminococcus sp.
ASV_3481,Bacteria,Firmicutes,Clostridia,Oscillospirales  ,Ruminococcaceae  ,CAG-352   ,uncultured bacterium
ASV_3482,Bacteria,Firmicutes,Clostridia,Lachnospirales  ,Lachnospiraceae  ,Lachnospiraceae UCG-001  ,Lachnospiraceae bacterium
ASV_3483,Bacteria,Actinobacteriota,Coriobacteriia,Coriobacteriales  ,Coriobacteriales Incertae Sedis,uncultured   ,uncultured organism
ASV_3484,Bacteria,Firmicutes,Clostridia,Lachnospirales  ,Lachnospiraceae  ,uncultured   ,metagenome 
ASV_3485,Bacteria,Bacteroidota,Bacteroidia,Bacteroidales  ,Bacteroidaceae  ,Bacteroides   ,unidentified 
ASV_3486,Bacteria,Bacteroidota,Bacteroidia,Bacteroidales  ,Muribaculaceae  ,Muribaculaceae   ,uncultured bacterium
ASV_3487,Bacteria,Firmicutes,Bacilli,Erysipelotrichales  ,Erysipelatoclostridiaceae  ,Candidatus Stoquefichus  ,Longibaculum muris
ASV_3488,Bacteria,Bacteroidota,Bacteroidia,Bacteroidales  ,Muribaculaceae  ,Muribaculaceae   ,uncultured bacterium
ASV_3489,Bacteria,Firmicutes,Clostridia,Lachnospirales  ,Lachnospiraceae  ,Roseburia   ,uncultured organism
ASV_3490,Bacteria,Firmicutes,Negativicutes,Veillonellales-Selenomonadales  ,Veillonellaceae  ,Dialister   ,NA
ASV_3491,Bacteria,Firmicutes,Clostridia,Lachnospirales  ,Lachnospiraceae  ,Anaerostipes   ,NA
ASV_3492,Bacteria,Actinobacteriota,Coriobacteriia,Coriobacteriales  ,Coriobacteriales Incertae Sedis,uncultured   ,uncultured organism
ASV_3493,Bacteria,Firmicutes,Clostridia,Lachnospirales  ,Lachnospiraceae  ,Anaerostipes   ,metagenome 
ASV_3494,Bacteria,Firmicutes,Clostridia,Oscillospirales  ,Ruminococcaceae  ,Eubacterium siraeum group ,Eubacterium siraeum
ASV_3495,Bacteria,Actinobacteriota,Actinobacteria,Bifidobacteriales  ,Bifidobacteriaceae  ,Bifidobacterium   ,NA
ASV_3496,Bacteria,Firmicutes,Clostridia,Oscillospirales  ,Oscillospiraceae  ,Pseudoflavonifractor   ,uncultured bacterium
ASV_3497,Bacteria,Bacteroidota,Bacteroidia,Bacteroidales  ,Rikenellaceae  ,Alistipes   ,Alistipes indistinctus
ASV_3498,Bacteria,Firmicutes,Clostridia,Lachnospirales  ,Lachnospiraceae  ,Agathobacter   ,uncultured bacterium
ASV_3499,Bacteria,Bacteroidota,Bacteroidia,Bacteroidales  ,Bacteroidaceae  ,Bacteroides   ,Bacteroides uniformis
ASV_3500,Bacteria,Firmicutes,Clostridia,Lachnospirales  ,Lachnospiraceae  ,Lachnoclostridium   ,Clostridium aldenense
ASV_3501,Bacteria,Firmicutes,Clostridia,Lachnospirales  ,Lachnospiraceae  ,Eisenbergiella   ,uncultured organism
ASV_3502,Bacteria,Firmicutes,Clostridia,Oscillospirales  ,Ruminococcaceae  ,Faecalibacterium   ,NA
ASV_3503,Bacteria,Firmicutes,Clostridia,Lachnospirales  ,Lachnospiraceae  ,Roseburia   ,NA
ASV_3504,Bacteria,Firmicutes,Clostridia,Oscillospirales  ,Oscillospiraceae  ,UCG-005   ,gut metagenome
ASV_3505,Bacteria,Firmicutes,Bacilli,Lactobacillales  ,Enterococcaceae  ,Enterococcus   ,Enterococcus durans
ASV_3506,Bacteria,Firmicutes,Clostridia,Lachnospirales  ,Lachnospiraceae  ,Lachnoclostridium   ,Clostridium scindens
ASV_3507,Bacteria,Proteobacteria,Gammaproteobacteria,Burkholderiales  ,Sutterellaceae  ,Parasutterella   ,uncultured organism
ASV_3508,Bacteria,Bacteroidota,Bacteroidia,Bacteroidales  ,Bacteroidaceae  ,Bacteroides   ,Bacteroides vulgatus
ASV_3509,Bacteria,Firmicutes,Clostridia,Lachnospirales  ,Lachnospiraceae  ,Ruminococcus gauvreauii group ,uncultured Clostridiales
ASV_3510,Bacteria,Proteobacteria,Gammaproteobacteria,Enterobacterales  ,Enterobacteriaceae  ,Escherichia-Shigella   ,Shigella flexneri
ASV_3511,Bacteria,Firmicutes,Clostridia,Oscillospirales  ,Ruminococcaceae  ,Ruminococcus   ,Ruminococcus bicirculans
ASV_3512,Bacteria,Firmicutes,Clostridia,Oscillospirales  ,Ruminococcaceae  ,NA,NA
ASV_3513,Bacteria,Firmicutes,Clostridia,Lachnospirales  ,Lachnospiraceae  ,uncultured   ,metagenome 
ASV_3514,Bacteria,Firmicutes,NA,NA,NA,NA,NA
ASV_3515,Bacteria,Firmicutes,Clostridia,Oscillospirales  ,Oscillospiraceae  ,Colidextribacter   ,gut metagenome
ASV_3516,Bacteria,Firmicutes,Clostridia,Oscillospirales  ,Oscillospiraceae  ,UCG-005   ,uncultured organism
ASV_3517,Bacteria,Proteobacteria,Alphaproteobacteria,Rhodospirillales  ,uncultured  ,uncultured   ,gut metagenome
ASV_3518,Bacteria,Firmicutes,Clostridia,Oscillospirales  ,Ruminococcaceae  ,NA,NA
ASV_3519,Bacteria,Firmicutes,Clostridia,Lachnospirales  ,Lachnospiraceae  ,Lachnospiraceae UCG-008  ,uncultured organism
ASV_3520,Bacteria,Firmicutes,Clostridia,Oscillospirales  ,Eubacterium coprostanoligenes group,Eubacterium coprostanoligenes group ,human gut
ASV_3521,Bacteria,Firmicutes,Clostridia,Lachnospirales  ,Lachnospiraceae  ,Roseburia   ,Roseburia hominis
ASV_3522,Bacteria,Firmicutes,Clostridia,Lachnospirales  ,Lachnospiraceae  ,NA,NA
ASV_3523,Bacteria,Actinobacteriota,Actinobacteria,Bifidobacteriales  ,Bifidobacteriaceae  ,Bifidobacterium   ,Bifidobacterium longum
ASV_3524,Bacteria,Bacteroidota,Bacteroidia,Bacteroidales  ,Tannerellaceae  ,Parabacteroides   ,Parabacteroides goldsteinii
ASV_3525,Bacteria,Proteobacteria,Gammaproteobacteria,Burkholderiales  ,Sutterellaceae  ,Sutterella   ,uncultured bacterium
ASV_3526,Bacteria,Bacteroidota,Bacteroidia,Bacteroidales  ,Tannerellaceae  ,Parabacteroides   ,Parabacteroides distasonis
ASV_3527,Bacteria,Bacteroidota,Bacteroidia,Bacteroidales  ,Bacteroidaceae  ,Bacteroides   ,Bacteroides vulgatus
ASV_3528,Bacteria,Proteobacteria,Alphaproteobacteria,Rhodospirillales  ,uncultured  ,uncultured   ,gut metagenome
ASV_3529,Bacteria,Firmicutes,Clostridia,Oscillospirales  ,Ruminococcaceae  ,CAG-352   ,uncultured bacterium
ASV_3530,Bacteria,Bacteroidota,Bacteroidia,Bacteroidales  ,Tannerellaceae  ,Parabacteroides   ,Parabacteroides johnsonii
ASV_3531,Bacteria,Firmicutes,Clostridia,Oscillospirales  ,Oscillospiraceae  ,Colidextribacter   ,uncultured Flavonifractor
ASV_3532,Bacteria,Firmicutes,Clostridia,Oscillospirales  ,Oscillospiraceae  ,Colidextribacter   ,gut metagenome
ASV_3533,Bacteria,Actinobacteriota,Coriobacteriia,Coriobacteriales  ,Eggerthellaceae  ,Adlercreutzia   ,uncultured bacterium
ASV_3534,Bacteria,Bacteroidota,Bacteroidia,Bacteroidales  ,Prevotellaceae  ,Prevotella 9  ,uncultured organism
ASV_3535,Bacteria,Firmicutes,Clostridia,Lachnospirales  ,Lachnospiraceae  ,Lachnoclostridium   ,Clostridium asparagiforme
ASV_3536,Bacteria,Firmicutes,Clostridia,Christensenellales  ,Christensenellaceae  ,Christensenellaceae R-7 group ,human gut
ASV_3537,Bacteria,Firmicutes,Clostridia,Lachnospirales  ,Lachnospiraceae  ,Tyzzerella   ,Tyzzerella sp.
ASV_3538,Bacteria,Bacteroidota,Bacteroidia,Bacteroidales  ,Rikenellaceae  ,Alistipes   ,Bacteroides sp.
ASV_3539,Bacteria,Proteobacteria,Gammaproteobacteria,Enterobacterales  ,Pasteurellaceae  ,Haemophilus   ,uncultured bacterium
ASV_3540,Bacteria,Bacteroidota,Bacteroidia,Bacteroidales  ,Bacteroidaceae  ,Bacteroides   ,Bacteroides ovatus
ASV_3541,Bacteria,Bacteroidota,Bacteroidia,Bacteroidales  ,Marinifilaceae  ,Odoribacter   ,Odoribacter splanchnicus
ASV_3542,Bacteria,Bacteroidota,Bacteroidia,Bacteroidales  ,Bacteroidaceae  ,Bacteroides   ,Bacteroides vulgatus
ASV_3543,Bacteria,Firmicutes,Bacilli,Erysipelotrichales  ,Erysipelatoclostridiaceae  ,Candidatus Stoquefichus  ,Longibaculum muris
ASV_3544,Bacteria,Firmicutes,Clostridia,Lachnospirales  ,Lachnospiraceae  ,Lachnospira   ,uncultured organism
ASV_3545,Bacteria,Firmicutes,Clostridia,Lachnospirales  ,Lachnospiraceae  ,Hungatella   ,uncultured bacterium
ASV_3546,Bacteria,Firmicutes,Clostridia,Lachnospirales  ,Lachnospiraceae  ,Eubacterium hallii group ,uncultured organism
ASV_3547,Bacteria,Firmicutes,Clostridia,Oscillospirales  ,Eubacterium coprostanoligenes group,Eubacterium coprostanoligenes group ,human gut
ASV_3548,Bacteria,Firmicutes,Clostridia,Oscillospirales  ,Ruminococcaceae  ,Faecalibacterium   ,NA
ASV_3549,Bacteria,Firmicutes,Clostridia,Lachnospirales  ,Lachnospiraceae  ,Lachnoclostridium   ,human gut
ASV_3550,Bacteria,Firmicutes,Clostridia,Lachnospirales  ,Lachnospiraceae  ,Sellimonas   ,uncultured bacterium
ASV_3551,Bacteria,Firmicutes,Clostridia,Lachnospirales  ,Lachnospiraceae  ,Lachnospira   ,uncultured organism
ASV_3552,Bacteria,Firmicutes,Clostridia,Lachnospirales  ,Lachnospiraceae  ,Lachnospiraceae ND3007 group ,metagenome 
ASV_3553,Bacteria,Firmicutes,Clostridia,Monoglobales  ,Monoglobaceae  ,Monoglobus   ,uncultured organism
ASV_3554,Bacteria,Firmicutes,Bacilli,Lactobacillales  ,Streptococcaceae  ,Streptococcus   ,Streptococcus australis
ASV_3555,Bacteria,Bacteroidota,Bacteroidia,Bacteroidales  ,Bacteroidaceae  ,Bacteroides   ,Bacteroides fragilis
ASV_3556,Bacteria,Firmicutes,Negativicutes,Veillonellales-Selenomonadales  ,Veillonellaceae  ,Dialister   ,Dialister sp.
ASV_3557,Bacteria,Firmicutes,Clostridia,Oscillospirales  ,Butyricicoccaceae  ,Butyricicoccus   ,uncultured organism
ASV_3558,Bacteria,Firmicutes,Clostridia,Lachnospirales  ,Lachnospiraceae  ,NA,NA
ASV_3559,Bacteria,Firmicutes,Clostridia,Oscillospirales  ,Oscillospiraceae  ,uncultured   ,Clostridium sp.
ASV_3560,Bacteria,Firmicutes,Clostridia,Oscillospirales  ,Ruminococcaceae  ,UBA1819   ,uncultured organism
ASV_3561,Bacteria,Firmicutes,Clostridia,Oscillospirales  ,Ruminococcaceae  ,Faecalibacterium   ,NA
ASV_3562,Bacteria,Firmicutes,Clostridia,Monoglobales  ,Monoglobaceae  ,Monoglobus   ,Monoglobus pectinilyticus
ASV_3563,Bacteria,Proteobacteria,Alphaproteobacteria,Rhodospirillales  ,uncultured  ,uncultured   ,gut metagenome
ASV_3564,Bacteria,Firmicutes,Clostridia,Lachnospirales  ,Lachnospiraceae  ,Eubacterium hallii group ,uncultured organism
ASV_3565,Bacteria,Firmicutes,Clostridia,Clostridia vadinBB60 group,Clostridia vadinBB60 group,Clostridia vadinBB60 group ,uncultured Thermoanaerobacterales
ASV_3566,Archaea,Euryarchaeota,Methanobacteria,Methanobacteriales  ,Methanobacteriaceae  ,Methanobrevibacter   ,Methanobrevibacter smithii
ASV_3567,Bacteria,Bacteroidota,Bacteroidia,Bacteroidales  ,Bacteroidaceae  ,Bacteroides   ,Bacteroides fragilis
ASV_3568,Bacteria,Proteobacteria,Gammaproteobacteria,Enterobacterales  ,Enterobacteriaceae  ,NA,NA
ASV_3569,Bacteria,Firmicutes,Bacilli,Lactobacillales  ,Lactobacillaceae  ,Limosilactobacillus   ,Lactobacillus fermentum
ASV_3570,Bacteria,Bacteroidota,Bacteroidia,Bacteroidales  ,Bacteroidaceae  ,Bacteroides   ,Bacteroides ovatus
ASV_3571,Bacteria,Firmicutes,Clostridia,Oscillospirales  ,Ruminococcaceae  ,uncultured   ,NA
ASV_3572,Bacteria,Firmicutes,Clostridia,Oscillospirales  ,Eubacterium coprostanoligenes group,Eubacterium coprostanoligenes group ,unidentified 
ASV_3573,Bacteria,Firmicutes,Clostridia,Lachnospirales  ,Lachnospiraceae  ,Lachnospiraceae NK4A136 group ,metagenome 
ASV_3574,Bacteria,Firmicutes,Bacilli,Erysipelotrichales  ,Erysipelatoclostridiaceae  ,Erysipelotrichaceae UCG-003  ,uncultured bacterium
ASV_3575,Bacteria,Firmicutes,Bacilli,Lactobacillales  ,Streptococcaceae  ,Streptococcus   ,Streptococcus australis
ASV_3576,Bacteria,Firmicutes,Clostridia,Lachnospirales  ,Lachnospiraceae  ,NA,NA
ASV_3577,Bacteria,Firmicutes,Clostridia,Oscillospirales  ,Ruminococcaceae  ,uncultured   ,gut metagenome
ASV_3578,Bacteria,Bacteroidota,Bacteroidia,Bacteroidales  ,Barnesiellaceae  ,Barnesiella   ,uncultured organism
ASV_3579,Bacteria,Firmicutes,Clostridia,Oscillospirales  ,Oscillospiraceae  ,Intestinimonas   ,Intestinimonas butyriciproducens
ASV_3580,Bacteria,Proteobacteria,Gammaproteobacteria,Enterobacterales  ,Pasteurellaceae  ,Haemophilus   ,Haemophilus pittmaniae
ASV_3581,Bacteria,Bacteroidota,Bacteroidia,Bacteroidales  ,Rikenellaceae  ,Alistipes   ,Bacteroides sp.
ASV_3582,Bacteria,Proteobacteria,Gammaproteobacteria,Burkholderiales  ,Sutterellaceae  ,Parasutterella   ,uncultured organism
ASV_3583,Bacteria,Bacteroidota,Bacteroidia,Bacteroidales  ,Bacteroidaceae  ,Bacteroides   ,Bacteroides ovatus
ASV_3584,Bacteria,Firmicutes,Incertae Sedis,DTU014  ,DTU014  ,DTU014   ,unidentified 
ASV_3585,Bacteria,Firmicutes,Clostridia,Lachnospirales  ,Lachnospiraceae  ,Blautia   ,NA
ASV_3586,Bacteria,Firmicutes,Clostridia,Lachnospirales  ,Lachnospiraceae  ,Roseburia   ,NA
ASV_3587,Bacteria,Bacteroidota,Bacteroidia,Bacteroidales  ,Tannerellaceae  ,Parabacteroides   ,Parabacteroides distasonis
ASV_3588,Bacteria,Bacteroidota,Bacteroidia,Bacteroidales  ,Bacteroidaceae  ,Bacteroides   ,Bacteroides ovatus
ASV_3589,Bacteria,Bacteroidota,Bacteroidia,Bacteroidales  ,Prevotellaceae  ,Prevotella   ,gut metagenome
ASV_3590,Bacteria,Firmicutes,Bacilli,Erysipelotrichales  ,Erysipelotrichaceae  ,Clostridium innocuum group ,uncultured bacterium
ASV_3591,Bacteria,Firmicutes,Clostridia,Lachnospirales  ,Lachnospiraceae  ,Tyzzerella   ,Tyzzerella sp.
ASV_3592,Bacteria,Firmicutes,Clostridia,Clostridiales  ,Clostridiaceae  ,Clostridium sensu stricto 1,metagenome 
ASV_3593,Bacteria,Firmicutes,Clostridia,Oscillospirales  ,Oscillospiraceae  ,NK4A214 group  ,metagenome 
ASV_3594,Bacteria,Firmicutes,Clostridia,Lachnospirales  ,Lachnospiraceae  ,Lachnoclostridium   ,NA
ASV_3595,Bacteria,Firmicutes,Clostridia,Oscillospirales  ,Oscillospiraceae  ,uncultured   ,Clostridium sp.
ASV_3596,Bacteria,Proteobacteria,Gammaproteobacteria,Burkholderiales  ,Sutterellaceae  ,Sutterella   ,NA
ASV_3597,Bacteria,Bacteroidota,Bacteroidia,Bacteroidales  ,Bacteroidaceae  ,Bacteroides   ,Bacteroides vulgatus
ASV_3598,Bacteria,Firmicutes,Clostridia,Lachnospirales  ,Lachnospiraceae  ,NA,NA
ASV_3599,Bacteria,Firmicutes,Clostridia,Oscillospirales  ,Ruminococcaceae  ,Subdoligranulum   ,uncultured organism
ASV_3600,Bacteria,Firmicutes,Clostridia,Lachnospirales  ,Lachnospiraceae  ,Eubacterium hallii group ,uncultured organism
ASV_3601,Bacteria,Actinobacteriota,Coriobacteriia,Coriobacteriales  ,Eggerthellaceae  ,Eggerthella   ,uncultured bacterium
ASV_3602,Bacteria,Firmicutes,Clostridia,Oscillospirales  ,Oscillospiraceae  ,UCG-002   ,uncultured organism
ASV_3603,Bacteria,Bacteroidota,Bacteroidia,Bacteroidales  ,Prevotellaceae  ,Paraprevotella   ,Paraprevotella xylaniphila
ASV_3604,Bacteria,Firmicutes,Bacilli,Erysipelotrichales  ,Erysipelotrichaceae  ,Turicibacter   ,Turicibacter sanguinis
ASV_3605,Bacteria,Bacteroidota,Bacteroidia,Bacteroidales  ,Bacteroidaceae  ,Bacteroides   ,NA
ASV_3606,Bacteria,Bacteroidota,Bacteroidia,Bacteroidales  ,Bacteroidaceae  ,Bacteroides   ,Bacteroides uniformis
ASV_3607,Bacteria,Firmicutes,Clostridia,Oscillospirales  ,Ruminococcaceae  ,Faecalibacterium   ,NA
ASV_3608,Bacteria,Firmicutes,Clostridia,Oscillospirales  ,Ruminococcaceae  ,CAG-352   ,uncultured bacterium
ASV_3609,Bacteria,Bacteroidota,Bacteroidia,Bacteroidales  ,Bacteroidaceae  ,Bacteroides   ,Bacteroides coprocola
ASV_3610,Bacteria,Firmicutes,Clostridia,Lachnospirales  ,Lachnospiraceae  ,Lachnospiraceae NK4A136 group ,metagenome 
ASV_3611,Bacteria,Firmicutes,Clostridia,Lachnospirales  ,Lachnospiraceae  ,Lachnospiraceae UCG-004  ,uncultured organism
ASV_3612,Bacteria,Bacteroidota,Bacteroidia,Bacteroidales  ,Bacteroidaceae  ,Bacteroides   ,Bacteroides coprocola
ASV_3613,Bacteria,Firmicutes,Clostridia,Lachnospirales  ,Lachnospiraceae  ,Roseburia   ,uncultured Roseburia
ASV_3614,Bacteria,Firmicutes,Clostridia,Lachnospirales  ,Lachnospiraceae  ,Moryella   ,uncultured organism
ASV_3615,Bacteria,Bacteroidota,Bacteroidia,Bacteroidales  ,Tannerellaceae  ,Parabacteroides   ,Parabacteroides distasonis
ASV_3616,Bacteria,Bacteroidota,Bacteroidia,Bacteroidales  ,Rikenellaceae  ,Alistipes   ,NA
ASV_3617,Bacteria,Firmicutes,Bacilli,Erysipelotrichales  ,Erysipelatoclostridiaceae  ,Erysipelatoclostridium   ,Massiliomicrobiota timonensis
ASV_3618,Bacteria,Firmicutes,Clostridia,Lachnospirales  ,Lachnospiraceae  ,Lachnospira   ,gut metagenome
ASV_3619,Bacteria,Firmicutes,NA,NA,NA,NA,NA
ASV_3620,Bacteria,Firmicutes,Clostridia,Lachnospirales  ,Lachnospiraceae  ,Lachnospira   ,NA
ASV_3621,Bacteria,Firmicutes,Clostridia,Christensenellales  ,Christensenellaceae  ,Christensenellaceae R-7 group ,bacterium YE57
ASV_3622,Bacteria,Firmicutes,Clostridia,Lachnospirales  ,Lachnospiraceae  ,Lachnospiraceae NK4A136 group ,gut metagenome
ASV_3623,Bacteria,Firmicutes,Clostridia,Oscillospirales  ,Oscillospiraceae  ,UCG-005   ,uncultured prokaryote
ASV_3624,Bacteria,Bacteroidota,Bacteroidia,Bacteroidales  ,Tannerellaceae  ,Parabacteroides   ,Parabacteroides johnsonii
ASV_3625,Bacteria,Firmicutes,Clostridia,Lachnospirales  ,Lachnospiraceae  ,CAG-56   ,uncultured bacterium
ASV_3626,Bacteria,Firmicutes,Clostridia,Lachnospirales  ,Lachnospiraceae  ,Dorea   ,uncultured bacterium
ASV_3627,Bacteria,Firmicutes,Clostridia,Lachnospirales  ,Lachnospiraceae  ,NA,NA
ASV_3628,Bacteria,Proteobacteria,Gammaproteobacteria,Enterobacterales  ,Enterobacteriaceae  ,NA,NA
ASV_3629,Bacteria,Firmicutes,Clostridia,Lachnospirales  ,Lachnospiraceae  ,Roseburia   ,uncultured organism
ASV_3630,Bacteria,Firmicutes,Clostridia,Oscillospirales  ,Ruminococcaceae  ,Faecalibacterium   ,metagenome 
ASV_3631,Bacteria,Firmicutes,NA,NA,NA,NA,NA
ASV_3632,Bacteria,Firmicutes,Clostridia,Oscillospirales  ,Ruminococcaceae  ,UBA1819   ,uncultured organism
ASV_3633,Bacteria,Firmicutes,Clostridia,Oscillospirales  ,Ruminococcaceae  ,Faecalibacterium   ,NA
ASV_3634,Bacteria,Firmicutes,Clostridia,Oscillospirales  ,Oscillospiraceae  ,UCG-002   ,Trichuris trichiura
ASV_3635,Bacteria,Firmicutes,Clostridia,Lachnospirales  ,Lachnospiraceae  ,Roseburia   ,uncultured Roseburia
ASV_3636,Bacteria,Firmicutes,Clostridia,Oscillospirales  ,UCG-010  ,UCG-010   ,metagenome 
ASV_3637,Bacteria,Bacteroidota,Bacteroidia,Bacteroidales  ,Marinifilaceae  ,Butyricimonas   ,uncultured organism
ASV_3638,Bacteria,Bacteroidota,Bacteroidia,Bacteroidales  ,Rikenellaceae  ,Alistipes   ,Alistipes sp.
ASV_3639,Bacteria,Firmicutes,Clostridia,Oscillospirales  ,Ruminococcaceae  ,Fournierella   ,NA
ASV_3640,Bacteria,Firmicutes,Clostridia,Lachnospirales  ,Lachnospiraceae  ,Ruminococcus gauvreauii group ,uncultured Clostridiales
ASV_3641,Bacteria,Firmicutes,Clostridia,Lachnospirales  ,Lachnospiraceae  ,Anaerostipes   ,metagenome 
ASV_3642,Bacteria,Firmicutes,Clostridia,Lachnospirales  ,Lachnospiraceae  ,Eubacterium xylanophilum group ,uncultured organism
ASV_3643,Bacteria,Bacteroidota,Bacteroidia,Bacteroidales  ,Marinifilaceae  ,Butyricimonas   ,uncultured organism
ASV_3644,Bacteria,Firmicutes,Clostridia,Lachnospirales  ,Lachnospiraceae  ,Tyzzerella   ,Anaerotignum lactatifermentans
ASV_3645,Bacteria,Firmicutes,Clostridia,Lachnospirales  ,Lachnospiraceae  ,Coprococcus   ,uncultured organism
ASV_3646,Bacteria,Firmicutes,NA,NA,NA,NA,NA
ASV_3647,Bacteria,Firmicutes,Clostridia,Oscillospirales  ,Oscillospiraceae  ,Oscillibacter   ,human gut
ASV_3648,Bacteria,Bacteroidota,Bacteroidia,Bacteroidales  ,Bacteroidaceae  ,Bacteroides   ,Bacteroides ovatus
ASV_3649,Bacteria,Firmicutes,Clostridia,Oscillospirales  ,Ruminococcaceae  ,uncultured   ,gut metagenome
ASV_3650,Bacteria,Firmicutes,Clostridia,Lachnospirales  ,Lachnospiraceae  ,NA,NA
ASV_3651,Bacteria,Bacteroidota,Bacteroidia,Bacteroidales  ,Rikenellaceae  ,Alistipes   ,Bacteroides sp.
ASV_3652,Bacteria,Firmicutes,Clostridia,Lachnospirales  ,Lachnospiraceae  ,Lachnospiraceae UCG-008  ,uncultured organism
ASV_3653,Bacteria,Firmicutes,Negativicutes,Veillonellales-Selenomonadales  ,Veillonellaceae  ,Dialister   ,NA
ASV_3654,Bacteria,Firmicutes,Clostridia,NA,NA,NA,NA
ASV_3655,Bacteria,Firmicutes,Clostridia,Oscillospirales  ,Ruminococcaceae  ,Faecalibacterium   ,NA
ASV_3656,Bacteria,Bacteroidota,Bacteroidia,Bacteroidales  ,Barnesiellaceae  ,Barnesiella   ,uncultured organism
ASV_3657,Bacteria,Bacteroidota,Bacteroidia,Bacteroidales  ,Barnesiellaceae  ,Coprobacter   ,uncultured organism
ASV_3658,Bacteria,Bacteroidota,Bacteroidia,Bacteroidales  ,Bacteroidaceae  ,Bacteroides   ,Bacteroides ovatus
ASV_3659,Bacteria,Firmicutes,Clostridia,Lachnospirales  ,Lachnospiraceae  ,NA,NA
ASV_3660,Bacteria,Firmicutes,Clostridia,Lachnospirales  ,Lachnospiraceae  ,Eubacterium eligens group ,uncultured organism
ASV_3661,Bacteria,Bacteroidota,Bacteroidia,Bacteroidales  ,Prevotellaceae  ,Prevotella 9  ,metagenome 
ASV_3662,Bacteria,Firmicutes,Clostridia,Lachnospirales  ,Lachnospiraceae  ,Agathobacter   ,uncultured bacterium
ASV_3663,Bacteria,Firmicutes,Clostridia,Lachnospirales  ,Lachnospiraceae  ,Roseburia   ,uncultured organism
ASV_3664,Bacteria,Bacteroidota,Bacteroidia,Bacteroidales  ,Barnesiellaceae  ,Barnesiella   ,uncultured organism
ASV_3665,Bacteria,Firmicutes,Clostridia,Oscillospirales  ,Oscillospiraceae  ,Colidextribacter   ,gut metagenome
ASV_3666,Bacteria,Firmicutes,Clostridia,Lachnospirales  ,Lachnospiraceae  ,Lachnospiraceae UCG-004  ,uncultured organism
ASV_3667,Bacteria,Bacteroidota,Bacteroidia,Bacteroidales  ,Tannerellaceae  ,Parabacteroides   ,Parabacteroides johnsonii
ASV_3668,Bacteria,Firmicutes,Clostridia,Oscillospirales  ,Oscillospiraceae  ,UCG-003   ,uncultured bacterium
ASV_3669,Bacteria,Bacteroidota,Bacteroidia,Bacteroidales  ,Prevotellaceae  ,Prevotella 9  ,uncultured organism
ASV_3670,Bacteria,Firmicutes,Clostridia,Christensenellales  ,Christensenellaceae  ,Christensenellaceae R-7 group ,uncultured prokaryote
ASV_3671,Bacteria,Bacteroidota,Bacteroidia,Bacteroidales  ,Bacteroidaceae  ,Bacteroides   ,Bacteroides ovatus
ASV_3672,Bacteria,Proteobacteria,Gammaproteobacteria,Pseudomonadales  ,Pseudomonadaceae  ,Pseudomonas   ,Pseudomonas aeruginosa
ASV_3673,Bacteria,Proteobacteria,Gammaproteobacteria,Burkholderiales  ,Sutterellaceae  ,Sutterella   ,Burkholderia sp.
ASV_3674,Bacteria,Bacteroidota,Bacteroidia,Bacteroidales  ,Prevotellaceae  ,Prevotella   ,gut metagenome
ASV_3675,Bacteria,Proteobacteria,Gammaproteobacteria,Burkholderiales  ,Sutterellaceae  ,Sutterella   ,gut metagenome
ASV_3676,Bacteria,Bacteroidota,Bacteroidia,Bacteroidales  ,Bacteroidaceae  ,Bacteroides   ,Bacteroides ovatus
ASV_3677,Bacteria,Bacteroidota,Bacteroidia,Bacteroidales  ,Bacteroidaceae  ,Bacteroides   ,Bacteroides massiliensis
ASV_3678,Bacteria,Bacteroidota,Bacteroidia,Bacteroidales  ,Bacteroidaceae  ,Bacteroides   ,Bacteroides uniformis
ASV_3679,Bacteria,Firmicutes,Clostridia,Lachnospirales  ,Lachnospiraceae  ,Eubacterium hallii group ,uncultured organism
ASV_3680,Bacteria,Firmicutes,Clostridia,Oscillospirales  ,Oscillospiraceae  ,UCG-002   ,uncultured organism
ASV_3681,Bacteria,Firmicutes,Clostridia,Oscillospirales  ,Oscillospiraceae  ,UCG-005   ,uncultured prokaryote
ASV_3682,Bacteria,Firmicutes,Clostridia,Lachnospirales  ,Lachnospiraceae  ,Lachnospiraceae NK4A136 group ,NA
ASV_3683,Bacteria,Firmicutes,Clostridia,Lachnospirales  ,Lachnospiraceae  ,Eubacterium hallii group ,uncultured organism
ASV_3684,Bacteria,Bacteroidota,Bacteroidia,Bacteroidales  ,Prevotellaceae  ,Prevotella 7  ,Massiliprevotella massiliensis
ASV_3685,Bacteria,Actinobacteriota,Actinobacteria,Bifidobacteriales  ,Bifidobacteriaceae  ,Bifidobacterium   ,Bifidobacterium bifidum
ASV_3686,Bacteria,Firmicutes,Clostridia,Lachnospirales  ,Lachnospiraceae  ,Roseburia   ,uncultured organism
ASV_3687,Bacteria,Firmicutes,Clostridia,Lachnospirales  ,Lachnospiraceae  ,Lachnoclostridium   ,uncultured organism
ASV_3688,Bacteria,Bacteroidota,Bacteroidia,Bacteroidales  ,Bacteroidaceae  ,Bacteroides   ,Bacteroides vulgatus
ASV_3689,Bacteria,Proteobacteria,Gammaproteobacteria,Burkholderiales  ,Sutterellaceae  ,Sutterella   ,Sutterellaceae bacterium
ASV_3690,Bacteria,Firmicutes,Clostridia,NA,NA,NA,NA
ASV_3691,Bacteria,Bacteroidota,Bacteroidia,Bacteroidales  ,Tannerellaceae  ,Parabacteroides   ,Parabacteroides merdae
ASV_3692,Bacteria,Bacteroidota,Bacteroidia,Bacteroidales  ,Bacteroidaceae  ,Bacteroides   ,Bacteroides thetaiotaomicron
ASV_3693,Bacteria,Firmicutes,Clostridia,Lachnospirales  ,Lachnospiraceae  ,Lachnoclostridium   ,NA
ASV_3694,Bacteria,Cyanobacteria,Vampirivibrionia,Gastranaerophilales  ,Gastranaerophilales  ,Gastranaerophilales   ,uncultured bacterium
ASV_3695,Bacteria,Firmicutes,Clostridia,Oscillospirales  ,Oscillospiraceae  ,UCG-002   ,NA
ASV_3696,Bacteria,Firmicutes,Clostridia,Oscillospirales  ,Oscillospiraceae  ,uncultured   ,Clostridium sp.
ASV_3697,Bacteria,Proteobacteria,Alphaproteobacteria,Rhodospirillales  ,uncultured  ,uncultured   ,Azospirillum sp.
ASV_3698,Bacteria,Actinobacteriota,Coriobacteriia,Coriobacteriales  ,Coriobacteriaceae  ,Collinsella   ,Collinsella aerofaciens
ASV_3699,Bacteria,Firmicutes,Clostridia,Oscillospirales  ,Butyricicoccaceae  ,Butyricicoccus   ,uncultured organism
ASV_3700,Bacteria,Firmicutes,Clostridia,Lachnospirales  ,Lachnospiraceae  ,Lachnoclostridium   ,NA
ASV_3701,Bacteria,Firmicutes,uncultured,uncultured  ,uncultured  ,uncultured   ,uncultured Peptococcaceae
ASV_3702,Bacteria,Firmicutes,Clostridia,Lachnospirales  ,Lachnospiraceae  ,Coprococcus   ,metagenome 
ASV_3703,Bacteria,Firmicutes,Clostridia,Lachnospirales  ,Lachnospiraceae  ,NA,NA
ASV_3704,Bacteria,Firmicutes,Clostridia,Lachnospirales  ,Lachnospiraceae  ,Dorea   ,uncultured bacterium
ASV_3705,Bacteria,Firmicutes,Clostridia,Lachnospirales  ,Lachnospiraceae  ,Lachnospiraceae UCG-004  ,NA
ASV_3706,Bacteria,Bacteroidota,Bacteroidia,Bacteroidales  ,Bacteroidaceae  ,Bacteroides   ,Bacteroides fragilis
ASV_3707,Bacteria,Bacteroidota,Bacteroidia,Bacteroidales  ,Marinifilaceae  ,Odoribacter   ,Odoribacter splanchnicus
ASV_3708,Bacteria,Bacteroidota,Bacteroidia,Bacteroidales  ,Bacteroidaceae  ,Bacteroides   ,Bacteroides vulgatus
ASV_3709,Bacteria,Firmicutes,Clostridia,Lachnospirales  ,Lachnospiraceae  ,Agathobacter   ,uncultured bacterium
ASV_3710,Bacteria,Firmicutes,Clostridia,Oscillospirales  ,Oscillospiraceae  ,uncultured   ,Clostridium sp.
ASV_3711,Bacteria,Firmicutes,Clostridia,Oscillospirales  ,Eubacterium coprostanoligenes group,Eubacterium coprostanoligenes group ,gut metagenome
ASV_3712,Bacteria,Firmicutes,Clostridia,Lachnospirales  ,Lachnospiraceae  ,Lachnoclostridium   ,Clostridium glycyrrhizinilyticum
ASV_3713,Bacteria,Firmicutes,Clostridia,Oscillospirales  ,Oscillospiraceae  ,UCG-002   ,NA
ASV_3714,Bacteria,Bacteroidota,Bacteroidia,Bacteroidales  ,Bacteroidaceae  ,Bacteroides   ,Bacteroides coprocola
ASV_3715,Bacteria,Bacteroidota,Bacteroidia,Bacteroidales  ,Rikenellaceae  ,Alistipes   ,Alistipes indistinctus
ASV_3716,Bacteria,Firmicutes,Clostridia,Lachnospirales  ,Lachnospiraceae  ,Roseburia   ,uncultured Roseburia
ASV_3717,Bacteria,Bacteroidota,Bacteroidia,Bacteroidales  ,Bacteroidaceae  ,Bacteroides   ,Bacteroides massiliensis
ASV_3718,Bacteria,Firmicutes,Clostridia,Lachnospirales  ,Lachnospiraceae  ,Lachnospiraceae UCG-001  ,metagenome 
ASV_3719,Bacteria,Bacteroidota,Bacteroidia,Bacteroidales  ,Barnesiellaceae  ,Barnesiella   ,uncultured organism
ASV_3720,Bacteria,Firmicutes,Clostridia,Lachnospirales  ,Lachnospiraceae  ,Anaerosporobacter   ,uncultured organism
ASV_3721,Bacteria,Firmicutes,Clostridia,Oscillospirales  ,Butyricicoccaceae  ,UCG-009   ,uncultured organism
ASV_3722,Bacteria,Firmicutes,Clostridia,Lachnospirales  ,Lachnospiraceae  ,Roseburia   ,gut metagenome
ASV_3723,Bacteria,Cyanobacteria,Vampirivibrionia,Gastranaerophilales  ,Gastranaerophilales  ,Gastranaerophilales   ,Candidatus Gastranaerophilales
ASV_3724,Bacteria,Firmicutes,Clostridia,Oscillospirales  ,Oscillospiraceae  ,Oscillibacter   ,uncultured organism
ASV_3725,Bacteria,Firmicutes,Clostridia,Lachnospirales  ,Lachnospiraceae  ,Roseburia   ,gut metagenome
ASV_3726,Bacteria,Firmicutes,uncultured,uncultured  ,uncultured  ,uncultured   ,uncultured Peptococcaceae
ASV_3727,Bacteria,Firmicutes,Clostridia,Oscillospirales  ,Oscillospiraceae  ,Colidextribacter   ,uncultured Flavonifractor
ASV_3728,Bacteria,Bacteroidota,Bacteroidia,Bacteroidales  ,Marinifilaceae  ,Odoribacter   ,Odoribacter splanchnicus
ASV_3729,Bacteria,Bacteroidota,Bacteroidia,Bacteroidales  ,Prevotellaceae  ,Prevotella 9  ,uncultured organism
ASV_3730,Bacteria,Bacteroidota,Bacteroidia,Bacteroidales  ,Bacteroidaceae  ,Bacteroides   ,unidentified 
ASV_3731,Bacteria,Bacteroidota,Bacteroidia,Bacteroidales  ,Bacteroidaceae  ,Bacteroides   ,Bacteroides plebeius
ASV_3732,Bacteria,Firmicutes,Clostridia,Oscillospirales  ,Ruminococcaceae  ,UBA1819   ,uncultured organism
ASV_3733,Bacteria,Firmicutes,Clostridia,Oscillospirales  ,Ruminococcaceae  ,Subdoligranulum   ,metagenome 
ASV_3734,Bacteria,Firmicutes,Clostridia,Lachnospirales  ,Lachnospiraceae  ,Eubacterium hallii group ,uncultured organism
ASV_3735,Bacteria,Desulfobacterota,Desulfovibrionia,Desulfovibrionales  ,Desulfovibrionaceae  ,Bilophila   ,Bilophila wadsworthia
ASV_3736,Bacteria,Bacteroidota,Bacteroidia,Bacteroidales  ,Bacteroidaceae  ,Bacteroides   ,unidentified 
ASV_3737,Bacteria,Firmicutes,Clostridia,Oscillospirales  ,Ruminococcaceae  ,Subdoligranulum   ,uncultured organism
ASV_3738,Bacteria,Firmicutes,Clostridia,Oscillospirales  ,Oscillospiraceae  ,Colidextribacter   ,gut metagenome
ASV_3739,Bacteria,Desulfobacterota,Desulfovibrionia,Desulfovibrionales  ,Desulfovibrionaceae  ,Desulfovibrio   ,gut metagenome
ASV_3740,Bacteria,Firmicutes,Clostridia,Oscillospirales  ,Oscillospiraceae  ,UCG-005   ,uncultured organism
ASV_3741,Bacteria,Bacteroidota,Bacteroidia,Bacteroidales  ,Bacteroidaceae  ,Bacteroides   ,Bacteroides ovatus
ASV_3742,Bacteria,Firmicutes,Negativicutes,Acidaminococcales  ,Acidaminococcaceae  ,Phascolarctobacterium   ,uncultured Firmicutes
ASV_3743,Bacteria,Bacteroidota,Bacteroidia,Bacteroidales  ,Barnesiellaceae  ,Barnesiella   ,uncultured organism
ASV_3744,Bacteria,Firmicutes,Clostridia,Oscillospirales  ,Ruminococcaceae  ,Faecalibacterium   ,NA
ASV_3745,Archaea,Euryarchaeota,Methanobacteria,Methanobacteriales  ,Methanobacteriaceae  ,Methanobrevibacter   ,Methanobrevibacter smithii
ASV_3746,Bacteria,Firmicutes,Clostridia,Oscillospirales  ,Ruminococcaceae  ,Faecalibacterium   ,NA
ASV_3747,Bacteria,Actinobacteriota,Actinobacteria,Bifidobacteriales  ,Bifidobacteriaceae  ,Bifidobacterium   ,Bifidobacterium longum
ASV_3748,Bacteria,Firmicutes,Clostridia,Oscillospirales  ,Oscillospiraceae  ,Flavonifractor   ,uncultured bacterium
ASV_3749,Bacteria,Firmicutes,NA,NA,NA,NA,NA
ASV_3750,Bacteria,Bacteroidota,Bacteroidia,Bacteroidales  ,Bacteroidaceae  ,Bacteroides   ,Bacteroides vulgatus
ASV_3751,Bacteria,Verrucomicrobiota,Verrucomicrobiae,Verrucomicrobiales  ,Akkermansiaceae  ,Akkermansia   ,uncultured bacterium
ASV_3752,Bacteria,Firmicutes,Clostridia,Oscillospirales  ,Ruminococcaceae  ,Faecalibacterium   ,NA
ASV_3753,Bacteria,Firmicutes,Clostridia,Oscillospirales  ,Ruminococcaceae  ,Subdoligranulum   ,uncultured organism
ASV_3754,Bacteria,Bacteroidota,Bacteroidia,Bacteroidales  ,Marinifilaceae  ,Butyricimonas   ,uncultured organism
ASV_3755,Bacteria,Firmicutes,Clostridia,Lachnospirales  ,Lachnospiraceae  ,Ruminococcus torques group ,Ruminococcus faecis
ASV_3756,Bacteria,Bacteroidota,Bacteroidia,Bacteroidales  ,Tannerellaceae  ,Parabacteroides   ,Parabacteroides distasonis
ASV_3757,Bacteria,Bacteroidota,Bacteroidia,Bacteroidales  ,Bacteroidaceae  ,Bacteroides   ,Bacteroides thetaiotaomicron
ASV_3758,Bacteria,Firmicutes,Clostridia,Oscillospirales  ,Butyricicoccaceae  ,UCG-009   ,uncultured organism
ASV_3759,Bacteria,Actinobacteriota,Coriobacteriia,Coriobacteriales  ,Coriobacteriales Incertae Sedis,uncultured   ,gut metagenome
ASV_3760,Bacteria,Firmicutes,Clostridia,Oscillospirales  ,Oscillospiraceae  ,uncultured   ,uncultured organism
ASV_3761,Bacteria,Firmicutes,Clostridia,NA,NA,NA,NA
ASV_3762,Bacteria,Bacteroidota,Bacteroidia,Bacteroidales  ,Rikenellaceae  ,Rikenellaceae RC9 gut group,uncultured bacterium
ASV_3763,Bacteria,Actinobacteriota,Coriobacteriia,Coriobacteriales  ,Coriobacteriales Incertae Sedis,uncultured   ,gut metagenome
ASV_3764,Bacteria,Firmicutes,Clostridia,Oscillospirales  ,Oscillospiraceae  ,UCG-002   ,gut metagenome
ASV_3765,Bacteria,Firmicutes,Clostridia,Lachnospirales  ,Lachnospiraceae  ,Lachnospira   ,gut metagenome
ASV_3766,Bacteria,Firmicutes,Clostridia,Lachnospirales  ,Lachnospiraceae  ,Eubacterium hallii group ,uncultured organism
ASV_3767,Bacteria,Firmicutes,Clostridia,Lachnospirales  ,Lachnospiraceae  ,Ruminococcus gnavus group ,uncultured bacterium
ASV_3768,Bacteria,Bacteroidota,Bacteroidia,Bacteroidales  ,Bacteroidaceae  ,Bacteroides   ,Bacteroides cellulosilyticus
ASV_3769,Bacteria,Firmicutes,Clostridia,Oscillospirales  ,Ruminococcaceae  ,Subdoligranulum   ,uncultured organism
ASV_3770,Bacteria,Bacteroidota,Bacteroidia,Bacteroidales  ,Bacteroidaceae  ,Bacteroides   ,NA
ASV_3771,Bacteria,Bacteroidota,Bacteroidia,Bacteroidales  ,Bacteroidaceae  ,Bacteroides   ,Bacteroides ovatus
ASV_3772,Bacteria,Bacteroidota,Bacteroidia,Bacteroidales  ,NA,NA,NA
ASV_3773,Bacteria,Actinobacteriota,Actinobacteria,Bifidobacteriales  ,Bifidobacteriaceae  ,Bifidobacterium   ,NA
ASV_3774,Bacteria,Firmicutes,Clostridia,Lachnospirales  ,Lachnospiraceae  ,uncultured   ,NA
ASV_3775,Bacteria,Firmicutes,Negativicutes,Acidaminococcales  ,Acidaminococcaceae  ,Phascolarctobacterium   ,uncultured organism
ASV_3776,Bacteria,Bacteroidota,Bacteroidia,Bacteroidales  ,Prevotellaceae  ,Prevotella 9  ,uncultured organism
ASV_3777,Bacteria,Firmicutes,Bacilli,Lactobacillales  ,Lactobacillaceae  ,Limosilactobacillus   ,Lactobacillus fermentum
ASV_3778,Bacteria,Firmicutes,Clostridia,Lachnospirales  ,Lachnospiraceae  ,NA,NA
ASV_3779,Bacteria,Fusobacteriota,Fusobacteriia,Fusobacteriales  ,Fusobacteriaceae  ,Fusobacterium   ,NA
ASV_3780,Bacteria,Bacteroidota,Bacteroidia,Bacteroidales  ,Bacteroidaceae  ,Bacteroides   ,Bacteroides cellulosilyticus
ASV_3781,Bacteria,Firmicutes,Clostridia,Oscillospirales  ,Ruminococcaceae  ,Ruminococcus   ,NA
ASV_3782,Bacteria,Bacteroidota,Bacteroidia,Bacteroidales  ,Muribaculaceae  ,Muribaculaceae   ,uncultured bacterium
ASV_3783,Bacteria,Bacteroidota,Bacteroidia,Bacteroidales  ,Bacteroidaceae  ,Bacteroides   ,Bacteroides massiliensis
ASV_3784,Bacteria,Firmicutes,NA,NA,NA,NA,NA
ASV_3785,Bacteria,Firmicutes,Clostridia,Lachnospirales  ,Lachnospiraceae  ,Lachnoclostridium   ,human gut
ASV_3786,Bacteria,Firmicutes,Clostridia,Lachnospirales  ,Lachnospiraceae  ,Eubacterium ruminantium group ,gut metagenome
ASV_3787,Bacteria,Firmicutes,Clostridia,Oscillospirales  ,Oscillospiraceae  ,Colidextribacter   ,uncultured Flavonifractor
ASV_3788,Bacteria,Firmicutes,Clostridia,Oscillospirales  ,Ruminococcaceae  ,Faecalibacterium   ,NA
ASV_3789,Bacteria,Firmicutes,Clostridia,Lachnospirales  ,Lachnospiraceae  ,Eubacterium hallii group ,uncultured organism
ASV_3790,Bacteria,Firmicutes,Clostridia,Oscillospirales  ,Oscillospiraceae  ,NK4A214 group  ,gut metagenome
ASV_3791,Bacteria,Bacteroidota,Bacteroidia,Bacteroidales  ,Bacteroidaceae  ,Bacteroides   ,Bacteroides massiliensis
ASV_3792,Bacteria,Firmicutes,Clostridia,Lachnospirales  ,Lachnospiraceae  ,Agathobacter   ,Eubacterium ramulus
ASV_3793,Bacteria,Firmicutes,Bacilli,Lactobacillales  ,Enterococcaceae  ,Enterococcus   ,Enterococcus durans
ASV_3794,Bacteria,Firmicutes,Clostridia,Oscillospirales  ,Oscillospiraceae  ,uncultured   ,NA
ASV_3795,Bacteria,Firmicutes,Clostridia,Lachnospirales  ,Lachnospiraceae  ,Hungatella   ,uncultured bacterium
ASV_3796,Bacteria,Firmicutes,Bacilli,Lactobacillales  ,Streptococcaceae  ,Streptococcus   ,Streptococcus australis
ASV_3797,Bacteria,Firmicutes,Bacilli,Lactobacillales  ,Streptococcaceae  ,Lactococcus   ,Lactococcus lactis
ASV_3798,Bacteria,Firmicutes,Bacilli,Erysipelotrichales  ,Erysipelatoclostridiaceae  ,Erysipelatoclostridium   ,Erysipelatoclostridium ramosum
ASV_3799,Bacteria,Firmicutes,Clostridia,Oscillospirales  ,Oscillospiraceae  ,UCG-002   ,gut metagenome
ASV_3800,Bacteria,Bacteroidota,Bacteroidia,Bacteroidales  ,Bacteroidaceae  ,Bacteroides   ,Bacteroides vulgatus
ASV_3801,Bacteria,Bacteroidota,Bacteroidia,Bacteroidales  ,Bacteroidaceae  ,Bacteroides   ,Bacteroides vulgatus
ASV_3802,Bacteria,Firmicutes,Clostridia,Oscillospirales  ,Butyricicoccaceae  ,Butyricicoccus   ,uncultured organism
ASV_3803,Bacteria,Bacteroidota,Bacteroidia,Bacteroidales  ,Tannerellaceae  ,Parabacteroides   ,Parabacteroides goldsteinii
ASV_3804,Bacteria,Firmicutes,Clostridia,Oscillospirales  ,Ruminococcaceae  ,Faecalibacterium   ,metagenome 
ASV_3805,Bacteria,Firmicutes,Negativicutes,Veillonellales-Selenomonadales  ,Veillonellaceae  ,Dialister   ,NA
ASV_3806,Bacteria,Bacteroidota,Bacteroidia,Bacteroidales  ,Bacteroidaceae  ,Bacteroides   ,Bacteroides ovatus
ASV_3807,Bacteria,Firmicutes,Clostridia,Oscillospirales  ,Ruminococcaceae  ,CAG-352   ,uncultured bacterium
ASV_3808,Bacteria,Proteobacteria,Alphaproteobacteria,Rhodospirillales  ,uncultured  ,uncultured   ,gut metagenome
ASV_3809,Bacteria,Bacteroidota,Bacteroidia,Bacteroidales  ,Rikenellaceae  ,Alistipes   ,NA
ASV_3810,Bacteria,Firmicutes,Clostridia,Lachnospirales  ,Lachnospiraceae  ,Lachnospiraceae ND3007 group ,metagenome 
ASV_3811,Bacteria,Firmicutes,Clostridia,Oscillospirales  ,Oscillospiraceae  ,Pseudoflavonifractor   ,uncultured bacterium
ASV_3812,Bacteria,Firmicutes,Clostridia,Oscillospirales  ,Butyricicoccaceae  ,Butyricicoccus   ,uncultured bacterium
ASV_3813,Bacteria,Bacteroidota,Bacteroidia,Bacteroidales  ,Tannerellaceae  ,Parabacteroides   ,Parabacteroides goldsteinii
ASV_3814,Bacteria,Firmicutes,Clostridia,Oscillospirales  ,Ruminococcaceae  ,Faecalibacterium   ,NA
ASV_3815,Bacteria,Firmicutes,Clostridia,Oscillospirales  ,Ruminococcaceae  ,Faecalibacterium   ,metagenome 
ASV_3816,Bacteria,Firmicutes,Clostridia,Oscillospirales  ,Oscillospiraceae  ,NA,NA
ASV_3817,Bacteria,Firmicutes,Clostridia,Lachnospirales  ,Lachnospiraceae  ,Lachnospiraceae NK4A136 group ,NA
ASV_3818,Bacteria,Proteobacteria,Alphaproteobacteria,Rhodospirillales  ,uncultured  ,uncultured   ,uncultured organism
ASV_3819,Bacteria,Firmicutes,Clostridia,Lachnospirales  ,Lachnospiraceae  ,Lachnospira   ,NA
ASV_3820,Bacteria,Bacteroidota,Bacteroidia,Bacteroidales  ,Rikenellaceae  ,Alistipes   ,Alistipes shahii
ASV_3821,Bacteria,Firmicutes,Clostridia,Lachnospirales  ,Lachnospiraceae  ,Lachnospiraceae ND3007 group ,metagenome 
ASV_3822,Bacteria,Firmicutes,Clostridia,Lachnospirales  ,Lachnospiraceae  ,Coprococcus   ,uncultured organism
ASV_3823,Bacteria,Firmicutes,Clostridia,Lachnospirales  ,Lachnospiraceae  ,uncultured   ,human gut
ASV_3824,Bacteria,Firmicutes,Clostridia,Oscillospirales  ,Ruminococcaceae  ,Faecalibacterium   ,NA
ASV_3825,Bacteria,Firmicutes,Clostridia,Lachnospirales  ,Lachnospiraceae  ,Lachnospiraceae NK4A136 group ,NA
ASV_3826,Bacteria,Bacteroidota,Bacteroidia,Bacteroidales  ,Prevotellaceae  ,Prevotella   ,Prevotella stercorea
ASV_3827,Bacteria,Firmicutes,NA,NA,NA,NA,NA
ASV_3828,Bacteria,Firmicutes,Clostridia,Lachnospirales  ,Lachnospiraceae  ,Lachnospiraceae NK4A136 group ,gut metagenome
ASV_3829,Bacteria,Bacteroidota,Bacteroidia,Bacteroidales  ,Tannerellaceae  ,Parabacteroides   ,Parabacteroides johnsonii
ASV_3830,Bacteria,Bacteroidota,Bacteroidia,Bacteroidales  ,Tannerellaceae  ,Parabacteroides   ,Parabacteroides distasonis
ASV_3831,Bacteria,Bacteroidota,Bacteroidia,Bacteroidales  ,Rikenellaceae  ,Alistipes   ,Alistipes inops
ASV_3832,Bacteria,Firmicutes,Clostridia,Lachnospirales  ,Lachnospiraceae  ,Roseburia   ,uncultured organism
ASV_3833,Bacteria,Bacteroidota,Bacteroidia,Bacteroidales  ,Bacteroidaceae  ,Bacteroides   ,Bacteroides salyersiae
ASV_3834,Bacteria,Bacteroidota,Bacteroidia,Bacteroidales  ,Marinifilaceae  ,Odoribacter   ,Odoribacter splanchnicus
ASV_3835,Bacteria,Bacteroidota,Bacteroidia,Bacteroidales  ,Marinifilaceae  ,Butyricimonas   ,uncultured organism
ASV_3836,Bacteria,Firmicutes,Clostridia,Lachnospirales  ,Lachnospiraceae  ,CAG-56   ,uncultured bacterium
ASV_3837,Bacteria,Bacteroidota,Bacteroidia,Bacteroidales  ,Bacteroidaceae  ,Bacteroides   ,NA
ASV_3838,Bacteria,Firmicutes,Clostridia,Oscillospirales  ,Oscillospiraceae  ,Pseudoflavonifractor   ,uncultured bacterium
ASV_3839,Bacteria,Firmicutes,Clostridia,Lachnospirales  ,Lachnospiraceae  ,Ruminococcus torques group ,NA
ASV_3840,Bacteria,Firmicutes,Clostridia,Lachnospirales  ,Lachnospiraceae  ,Agathobacter   ,uncultured bacterium
ASV_3841,Bacteria,Firmicutes,Clostridia,Lachnospirales  ,Lachnospiraceae  ,Lachnospiraceae UCG-004  ,NA
ASV_3842,Bacteria,Bacteroidota,Bacteroidia,Bacteroidales  ,Bacteroidaceae  ,Bacteroides   ,Bacteroides clarus
ASV_3843,Bacteria,Bacteroidota,Bacteroidia,Bacteroidales  ,Prevotellaceae  ,Paraprevotella   ,Paraprevotella xylaniphila
ASV_3844,Bacteria,Firmicutes,Clostridia,Lachnospirales  ,Lachnospiraceae  ,Lachnospiraceae NK4A136 group ,gut metagenome
ASV_3845,Bacteria,Firmicutes,Clostridia,Lachnospirales  ,Lachnospiraceae  ,Lachnospiraceae NK4A136 group ,gut metagenome
ASV_3846,Bacteria,Firmicutes,Clostridia,Oscillospirales  ,Oscillospiraceae  ,Intestinimonas   ,Intestinimonas butyriciproducens
ASV_3847,Bacteria,Proteobacteria,Gammaproteobacteria,Enterobacterales  ,Enterobacteriaceae  ,Klebsiella   ,Klebsiella variicola
ASV_3848,Bacteria,Firmicutes,Clostridia,Oscillospirales  ,Ruminococcaceae  ,Ruminococcus   ,Ruminococcus bicirculans
ASV_3849,Bacteria,Proteobacteria,Gammaproteobacteria,Burkholderiales  ,Sutterellaceae  ,Sutterella   ,Sutterellaceae bacterium
ASV_3850,Bacteria,Firmicutes,Clostridia,Oscillospirales  ,Oscillospiraceae  ,Colidextribacter   ,Anaerostipes hadrus
ASV_3851,Bacteria,Firmicutes,Clostridia,Clostridiales  ,Clostridiaceae  ,Clostridium sensu stricto 1,metagenome 
ASV_3852,Bacteria,Firmicutes,Clostridia,Oscillospirales  ,Ruminococcaceae  ,UBA1819   ,uncultured organism
ASV_3853,Bacteria,Firmicutes,Clostridia,Lachnospirales  ,Lachnospiraceae  ,Agathobacter   ,uncultured bacterium
ASV_3854,Bacteria,Firmicutes,Clostridia,NA,NA,NA,NA
ASV_3855,Bacteria,Cyanobacteria,Vampirivibrionia,Gastranaerophilales  ,Gastranaerophilales  ,Gastranaerophilales   ,uncultured bacterium
ASV_3856,Bacteria,Proteobacteria,Gammaproteobacteria,Burkholderiales  ,Sutterellaceae  ,Sutterella   ,uncultured bacterium
ASV_3857,Bacteria,Bacteroidota,Bacteroidia,Bacteroidales  ,Bacteroidaceae  ,Bacteroides   ,Bacteroides uniformis
ASV_3858,Bacteria,Bacteroidota,Bacteroidia,Bacteroidales  ,Prevotellaceae  ,Paraprevotella   ,Paraprevotella clara
ASV_3859,Bacteria,Bacteroidota,Bacteroidia,Bacteroidales  ,Tannerellaceae  ,Parabacteroides   ,Parabacteroides johnsonii
ASV_3860,Bacteria,Firmicutes,Clostridia,Lachnospirales  ,Lachnospiraceae  ,Agathobacter   ,uncultured bacterium
ASV_3861,Bacteria,Firmicutes,Bacilli,Erysipelotrichales  ,Erysipelatoclostridiaceae  ,Erysipelotrichaceae UCG-003  ,uncultured bacterium
ASV_3862,Bacteria,Bacteroidota,Bacteroidia,Bacteroidales  ,Tannerellaceae  ,Parabacteroides   ,Parabacteroides distasonis
ASV_3863,Bacteria,Firmicutes,Clostridia,Lachnospirales  ,Lachnospiraceae  ,Eubacterium eligens group ,uncultured organism
ASV_3864,Bacteria,Firmicutes,Clostridia,Oscillospirales  ,Ruminococcaceae  ,Subdoligranulum   ,uncultured organism
ASV_3865,Bacteria,Bacteroidota,Bacteroidia,Bacteroidales  ,Bacteroidaceae  ,Bacteroides   ,Bacteroides ovatus
ASV_3866,Bacteria,Firmicutes,Bacilli,Staphylococcales  ,Staphylococcaceae  ,Staphylococcus   ,Staphylococcus warneri
ASV_3867,Bacteria,Firmicutes,Bacilli,Bacillales  ,Bacillaceae  ,Bacillus   ,NA
ASV_3868,Bacteria,Bacteroidota,Bacteroidia,Bacteroidales  ,Tannerellaceae  ,Parabacteroides   ,Parabacteroides merdae
ASV_3869,Bacteria,Firmicutes,Clostridia,Lachnospirales  ,Lachnospiraceae  ,Anaerostipes   ,metagenome 
ASV_3870,Bacteria,Firmicutes,Clostridia,Clostridia UCG-014 ,Clostridia UCG-014 ,Clostridia UCG-014  ,uncultured bacterium
ASV_3871,Bacteria,Firmicutes,Clostridia,Oscillospirales  ,Ruminococcaceae  ,UBA1819   ,uncultured organism
ASV_3872,Bacteria,Firmicutes,Clostridia,Christensenellales  ,Christensenellaceae  ,Christensenellaceae R-7 group ,gut metagenome
ASV_3873,Bacteria,Firmicutes,Clostridia,Lachnospirales  ,Lachnospiraceae  ,Eubacterium xylanophilum group ,uncultured organism
ASV_3874,Bacteria,Firmicutes,Clostridia,Oscillospirales  ,Oscillospiraceae  ,uncultured   ,NA
ASV_3875,Bacteria,Firmicutes,Clostridia,Oscillospirales  ,Ruminococcaceae  ,Subdoligranulum   ,metagenome 
ASV_3876,Bacteria,Firmicutes,Clostridia,Oscillospirales  ,Ruminococcaceae  ,Incertae Sedis  ,Carnobacterium sp.
ASV_3877,Bacteria,Firmicutes,Clostridia,Oscillospirales  ,Oscillospiraceae  ,UCG-003   ,metagenome 
ASV_3878,Bacteria,Firmicutes,Clostridia,Lachnospirales  ,Lachnospiraceae  ,Lachnospiraceae FCS020 group ,uncultured organism
ASV_3879,Bacteria,Proteobacteria,Gammaproteobacteria,Burkholderiales  ,Sutterellaceae  ,Sutterella   ,Burkholderia sp.
ASV_3880,Bacteria,Firmicutes,Clostridia,Oscillospirales  ,Eubacterium coprostanoligenes group,Eubacterium coprostanoligenes group ,gut metagenome
ASV_3881,Bacteria,Firmicutes,Clostridia,Oscillospirales  ,Ruminococcaceae  ,Faecalibacterium   ,metagenome 
ASV_3882,Bacteria,Firmicutes,Clostridia,Oscillospirales  ,Ruminococcaceae  ,Subdoligranulum   ,metagenome 
ASV_3883,Bacteria,Bacteroidota,Bacteroidia,Bacteroidales  ,Bacteroidaceae  ,Bacteroides   ,Bacteroides cellulosilyticus
ASV_3884,Bacteria,Firmicutes,Clostridia,Lachnospirales  ,Lachnospiraceae  ,Lachnoclostridium   ,human gut
ASV_3885,Bacteria,Firmicutes,Clostridia,Lachnospirales  ,Lachnospiraceae  ,Lachnoclostridium   ,Clostridium scindens
ASV_3886,Bacteria,Firmicutes,Clostridia,Lachnospirales  ,Lachnospiraceae  ,Eubacterium ventriosum group ,uncultured Lachnospiraceae
ASV_3887,Bacteria,Firmicutes,Clostridia,Oscillospirales  ,Ruminococcaceae  ,Faecalibacterium   ,NA
ASV_3888,Bacteria,Firmicutes,Clostridia,Lachnospirales  ,Lachnospiraceae  ,Lachnospiraceae NK4A136 group ,gut metagenome
ASV_3889,Bacteria,Actinobacteriota,Coriobacteriia,Coriobacteriales  ,Coriobacteriales Incertae Sedis,uncultured   ,gut metagenome
ASV_3890,Bacteria,Bacteroidota,Bacteroidia,Bacteroidales  ,Prevotellaceae  ,Prevotella 7  ,Massiliprevotella massiliensis
ASV_3891,Bacteria,Firmicutes,Bacilli,Bacillales  ,Bacillaceae  ,Bacillus   ,Bacillus velezensis
ASV_3892,Bacteria,Bacteroidota,Bacteroidia,Bacteroidales  ,Marinifilaceae  ,Odoribacter   ,Odoribacter splanchnicus
ASV_3893,Bacteria,Proteobacteria,Gammaproteobacteria,Burkholderiales  ,Sutterellaceae  ,Sutterella   ,Burkholderia sp.
ASV_3894,Bacteria,Firmicutes,Clostridia,Oscillospirales  ,Ruminococcaceae  ,Eubacterium siraeum group ,Eubacterium siraeum
ASV_3895,Bacteria,Firmicutes,Clostridia,Oscillospirales  ,Ruminococcaceae  ,Faecalibacterium   ,metagenome 
ASV_3896,Bacteria,Bacteroidota,Bacteroidia,Bacteroidales  ,Bacteroidaceae  ,Bacteroides   ,Bacteroides oleiciplenus
ASV_3897,Bacteria,Cyanobacteria,Vampirivibrionia,Gastranaerophilales  ,Gastranaerophilales  ,Gastranaerophilales   ,uncultured bacterium
ASV_3898,Bacteria,Firmicutes,Bacilli,Erysipelotrichales  ,Erysipelatoclostridiaceae  ,Erysipelatoclostridium   ,Massiliomicrobiota timonensis
ASV_3899,Bacteria,Firmicutes,Clostridia,Clostridiales  ,Clostridiaceae  ,Clostridium sensu stricto 1,metagenome 
ASV_3900,Bacteria,Firmicutes,Clostridia,Oscillospirales  ,Oscillospiraceae  ,NA,NA
ASV_3901,Bacteria,Firmicutes,Clostridia,Lachnospirales  ,Lachnospiraceae  ,Lachnospiraceae FCS020 group ,uncultured Clostridium
ASV_3902,Bacteria,Bacteroidota,Bacteroidia,Bacteroidales  ,Prevotellaceae  ,Paraprevotella   ,Paraprevotella xylaniphila
ASV_3903,Bacteria,Firmicutes,Clostridia,Lachnospirales  ,Lachnospiraceae  ,Sellimonas   ,uncultured bacterium
ASV_3904,Bacteria,Firmicutes,Clostridia,Oscillospirales  ,Eubacterium coprostanoligenes group,Eubacterium coprostanoligenes group ,gut metagenome
ASV_3905,Bacteria,Firmicutes,Bacilli,Erysipelotrichales  ,Erysipelatoclostridiaceae  ,Erysipelotrichaceae UCG-003  ,uncultured bacterium
ASV_3906,Bacteria,Proteobacteria,Gammaproteobacteria,Enterobacterales  ,Enterobacteriaceae  ,Klebsiella   ,Klebsiella variicola
ASV_3907,Bacteria,Firmicutes,Clostridia,Oscillospirales  ,Ruminococcaceae  ,NA,NA
ASV_3908,Bacteria,Bacteroidota,Bacteroidia,Bacteroidales  ,NA,NA,NA
ASV_3909,Bacteria,Proteobacteria,Gammaproteobacteria,Burkholderiales  ,Sutterellaceae  ,Sutterella   ,Sutterellaceae bacterium
ASV_3910,Bacteria,Firmicutes,Clostridia,Oscillospirales  ,Ruminococcaceae  ,CAG-352   ,uncultured bacterium
ASV_3911,Bacteria,Firmicutes,Clostridia,Lachnospirales  ,Lachnospiraceae  ,Blautia   ,NA
ASV_3912,Bacteria,Firmicutes,Negativicutes,Acidaminococcales  ,Acidaminococcaceae  ,Acidaminococcus   ,Acidaminococcus sp.
ASV_3913,Bacteria,Firmicutes,Clostridia,Lachnospirales  ,Lachnospiraceae  ,uncultured   ,uncultured organism
ASV_3914,Bacteria,Proteobacteria,Alphaproteobacteria,Rhodospirillales  ,uncultured  ,uncultured   ,uncultured organism
ASV_3915,Bacteria,Firmicutes,Clostridia,Oscillospirales  ,Eubacterium coprostanoligenes group,Eubacterium coprostanoligenes group ,metagenome 
ASV_3916,Bacteria,Bacteroidota,Bacteroidia,Bacteroidales  ,Prevotellaceae  ,Prevotella 9  ,NA
ASV_3917,Bacteria,Firmicutes,Clostridia,Oscillospirales  ,Oscillospiraceae  ,UCG-005   ,uncultured prokaryote
ASV_3918,Bacteria,Firmicutes,Clostridia,Oscillospirales  ,Ruminococcaceae  ,uncultured   ,gut metagenome
ASV_3919,Bacteria,Bacteroidota,Bacteroidia,Bacteroidales  ,Prevotellaceae  ,Prevotella 9  ,uncultured organism
ASV_3920,Bacteria,Firmicutes,Clostridia,Oscillospirales  ,Ruminococcaceae  ,Ruminococcus   ,Ruminococcus bicirculans
ASV_3921,Bacteria,Cyanobacteria,Vampirivibrionia,Gastranaerophilales  ,Gastranaerophilales  ,Gastranaerophilales   ,Candidatus Gastranaerophilales
ASV_3922,Bacteria,Bacteroidota,Bacteroidia,Bacteroidales  ,Marinifilaceae  ,Odoribacter   ,Odoribacter splanchnicus
ASV_3923,Bacteria,Firmicutes,Clostridia,Monoglobales  ,Monoglobaceae  ,Monoglobus   ,uncultured organism
ASV_3924,Bacteria,Bacteroidota,Bacteroidia,Bacteroidales  ,Bacteroidaceae  ,Bacteroides   ,NA
ASV_3925,Bacteria,Firmicutes,Clostridia,Oscillospirales  ,Oscillospiraceae  ,UCG-002   ,Trichuris trichiura
ASV_3926,Bacteria,Proteobacteria,Gammaproteobacteria,Burkholderiales  ,Sutterellaceae  ,Sutterella   ,Burkholderia sp.
ASV_3927,Bacteria,Bacteroidota,Bacteroidia,Bacteroidales  ,Bacteroidaceae  ,Bacteroides   ,unidentified 
ASV_3928,Bacteria,Firmicutes,Clostridia,Oscillospirales  ,Ruminococcaceae  ,Subdoligranulum   ,metagenome 
ASV_3929,Bacteria,Bacteroidota,Bacteroidia,Bacteroidales  ,Bacteroidaceae  ,Bacteroides   ,Bacteroides thetaiotaomicron
ASV_3930,Bacteria,Bacteroidota,Bacteroidia,Bacteroidales  ,Bacteroidaceae  ,Bacteroides   ,Bacteroides vulgatus
ASV_3931,Bacteria,Firmicutes,Bacilli,Erysipelotrichales  ,Erysipelotrichaceae  ,Turicibacter   ,uncultured bacterium
ASV_3932,Bacteria,Bacteroidota,Bacteroidia,Bacteroidales  ,Bacteroidaceae  ,Bacteroides   ,Bacteroides clarus
ASV_3933,Bacteria,Bacteroidota,Bacteroidia,Bacteroidales  ,Prevotellaceae  ,Paraprevotella   ,Paraprevotella clara
ASV_3934,Bacteria,Firmicutes,Clostridia,Oscillospirales  ,Oscillospiraceae  ,UCG-005   ,uncultured organism
ASV_3935,Bacteria,Firmicutes,Incertae Sedis,DTU014  ,DTU014  ,DTU014   ,unidentified 
ASV_3936,Bacteria,Firmicutes,Clostridia,Lachnospirales  ,Lachnospiraceae  ,Coprococcus   ,uncultured organism
ASV_3937,Bacteria,Verrucomicrobiota,Verrucomicrobiae,Verrucomicrobiales  ,Akkermansiaceae  ,Akkermansia   ,uncultured bacterium
ASV_3938,Bacteria,Firmicutes,Clostridia,Lachnospirales  ,Lachnospiraceae  ,Coprococcus   ,NA
ASV_3939,Bacteria,Firmicutes,Clostridia,Lachnospirales  ,Lachnospiraceae  ,Lachnoclostridium   ,Clostridium asparagiforme
ASV_3940,Bacteria,Bacteroidota,Bacteroidia,Bacteroidales  ,Prevotellaceae  ,Prevotella 7  ,Massiliprevotella massiliensis
ASV_3941,Bacteria,Firmicutes,Clostridia,Oscillospirales  ,Butyricicoccaceae  ,Butyricicoccus   ,uncultured organism
ASV_3942,Bacteria,Firmicutes,Clostridia,Lachnospirales  ,Lachnospiraceae  ,Lachnoclostridium   ,Clostridium asparagiforme
ASV_3943,Bacteria,Firmicutes,Bacilli,Lactobacillales  ,Lactobacillaceae  ,Ligilactobacillus   ,NA
ASV_3944,Bacteria,Firmicutes,Clostridia,Oscillospirales  ,Ruminococcaceae  ,Incertae Sedis  ,Clostridium leptum
ASV_3945,Bacteria,Firmicutes,Clostridia,Lachnospirales  ,Lachnospiraceae  ,Tyzzerella   ,Anaerotignum lactatifermentans
ASV_3946,Bacteria,Bacteroidota,Bacteroidia,Bacteroidales  ,Rikenellaceae  ,Alistipes   ,Alistipes indistinctus
ASV_3947,Bacteria,Firmicutes,Bacilli,Lactobacillales  ,Enterococcaceae  ,Enterococcus   ,Enterococcus durans
ASV_3948,Bacteria,Proteobacteria,Gammaproteobacteria,Burkholderiales  ,Sutterellaceae  ,Sutterella   ,uncultured bacterium
ASV_3949,Bacteria,Cyanobacteria,Vampirivibrionia,Gastranaerophilales  ,Gastranaerophilales  ,Gastranaerophilales   ,Acinetobacter sp.
ASV_3950,Bacteria,Firmicutes,Clostridia,Lachnospirales  ,Lachnospiraceae  ,Eubacterium eligens group ,uncultured organism
ASV_3951,Bacteria,Bacteroidota,Bacteroidia,Bacteroidales  ,Prevotellaceae  ,Prevotella 9  ,uncultured organism
ASV_3952,Bacteria,Bacteroidota,Bacteroidia,Bacteroidales  ,Rikenellaceae  ,Alistipes   ,Alistipes inops
ASV_3953,Bacteria,Firmicutes,Clostridia,Oscillospirales  ,Oscillospiraceae  ,Intestinimonas   ,Intestinimonas butyriciproducens
ASV_3954,Bacteria,Firmicutes,Clostridia,Lachnospirales  ,Lachnospiraceae  ,Lachnospiraceae UCG-004  ,uncultured organism
ASV_3955,Bacteria,Firmicutes,Clostridia,NA,NA,NA,NA
ASV_3956,Bacteria,Firmicutes,Clostridia,Oscillospirales  ,Oscillospiraceae  ,uncultured   ,uncultured organism
ASV_3957,Bacteria,Firmicutes,Clostridia,Oscillospirales  ,Eubacterium coprostanoligenes group,Eubacterium coprostanoligenes group ,gut metagenome
ASV_3958,Bacteria,Firmicutes,Clostridia,Oscillospirales  ,Ruminococcaceae  ,Faecalibacterium   ,NA
ASV_3959,Bacteria,Bacteroidota,Bacteroidia,Bacteroidales  ,Prevotellaceae  ,Paraprevotella   ,metagenome 
ASV_3960,Bacteria,Firmicutes,Clostridia,Lachnospirales  ,Lachnospiraceae  ,Eubacterium eligens group ,uncultured organism
ASV_3961,Bacteria,Firmicutes,Clostridia,Lachnospirales  ,Lachnospiraceae  ,Lachnoclostridium   ,NA
ASV_3962,Bacteria,Bacteroidota,Bacteroidia,Bacteroidales  ,Tannerellaceae  ,Parabacteroides   ,Parabacteroides merdae
ASV_3963,Bacteria,Firmicutes,Clostridia,Clostridia UCG-014 ,Clostridia UCG-014 ,Clostridia UCG-014  ,uncultured bacterium
ASV_3964,Bacteria,Firmicutes,Clostridia,Lachnospirales  ,Lachnospiraceae  ,Roseburia   ,uncultured Roseburia
ASV_3965,Bacteria,Firmicutes,Clostridia,Lachnospirales  ,Lachnospiraceae  ,Lachnoclostridium   ,NA
ASV_3966,Bacteria,Firmicutes,Bacilli,Erysipelotrichales  ,Erysipelotrichaceae  ,Turicibacter   ,NA
ASV_3967,Bacteria,Firmicutes,Bacilli,Erysipelotrichales  ,Erysipelotrichaceae  ,Holdemania   ,uncultured bacterium
ASV_3968,Bacteria,Firmicutes,Bacilli,Erysipelotrichales  ,Erysipelotrichaceae  ,Faecalitalea   ,uncultured organism
ASV_3969,Bacteria,Firmicutes,Clostridia,Oscillospirales  ,Oscillospiraceae  ,uncultured   ,uncultured organism
ASV_3970,Bacteria,Bacteroidota,Bacteroidia,Bacteroidales  ,Bacteroidaceae  ,Bacteroides   ,unidentified 
ASV_3971,Bacteria,Firmicutes,Clostridia,Lachnospirales  ,Lachnospiraceae  ,Lachnospiraceae UCG-001  ,metagenome 
ASV_3972,Bacteria,Firmicutes,Clostridia,Clostridia vadinBB60 group,Clostridia vadinBB60 group,Clostridia vadinBB60 group ,uncultured bacterium
ASV_3973,Bacteria,Actinobacteriota,Actinobacteria,Bifidobacteriales  ,Bifidobacteriaceae  ,Bifidobacterium   ,Bifidobacterium catenulatum
ASV_3974,Bacteria,Firmicutes,Clostridia,Lachnospirales  ,Lachnospiraceae  ,Roseburia   ,uncultured Roseburia
ASV_3975,Bacteria,Firmicutes,Clostridia,Clostridia vadinBB60 group,Clostridia vadinBB60 group,Clostridia vadinBB60 group ,uncultured bacterium
ASV_3976,Bacteria,Firmicutes,Bacilli,Lactobacillales  ,Streptococcaceae  ,Streptococcus   ,Streptococcus australis
ASV_3977,Bacteria,Bacteroidota,Bacteroidia,Bacteroidales  ,Bacteroidaceae  ,Bacteroides   ,Bacteroides ovatus
ASV_3978,Bacteria,Firmicutes,Clostridia,Oscillospirales  ,Ruminococcaceae  ,Faecalibacterium   ,NA
ASV_3979,Bacteria,Firmicutes,Clostridia,Clostridia vadinBB60 group,Clostridia vadinBB60 group,Clostridia vadinBB60 group ,gut metagenome
ASV_3980,Bacteria,Bacteroidota,Bacteroidia,Bacteroidales  ,Tannerellaceae  ,Parabacteroides   ,Parabacteroides distasonis
ASV_3981,Bacteria,Proteobacteria,Gammaproteobacteria,Enterobacterales  ,Pasteurellaceae  ,Haemophilus   ,uncultured bacterium
ASV_3982,Bacteria,Firmicutes,Clostridia,Christensenellales  ,Christensenellaceae  ,Christensenellaceae R-7 group ,uncultured prokaryote
ASV_3983,Bacteria,Firmicutes,Clostridia,NA,NA,NA,NA
ASV_3984,Bacteria,Firmicutes,Clostridia,Oscillospirales  ,Ruminococcaceae  ,Faecalibacterium   ,NA
ASV_3985,Bacteria,Firmicutes,Clostridia,Oscillospirales  ,Ruminococcaceae  ,Ruminococcus   ,Ruminococcus bicirculans
ASV_3986,Bacteria,Firmicutes,Clostridia,Lachnospirales  ,Lachnospiraceae  ,Lachnospiraceae UCG-001  ,Lachnospiraceae bacterium
ASV_3987,Bacteria,Firmicutes,Clostridia,NA,NA,NA,NA
ASV_3988,Bacteria,Verrucomicrobiota,Lentisphaeria,Victivallales  ,Victivallaceae  ,Victivallis   ,uncultured bacterium
ASV_3989,Bacteria,Firmicutes,Clostridia,Lachnospirales  ,Lachnospiraceae  ,Ruminococcus torques group ,NA
ASV_3990,Bacteria,Firmicutes,Clostridia,Oscillospirales  ,Ruminococcaceae  ,Faecalibacterium   ,NA
ASV_3991,Bacteria,Proteobacteria,Alphaproteobacteria,Rhodospirillales  ,uncultured  ,uncultured   ,gut metagenome
ASV_3992,Bacteria,Firmicutes,Clostridia,Christensenellales  ,Christensenellaceae  ,Christensenellaceae R-7 group ,uncultured prokaryote
ASV_3993,Bacteria,Firmicutes,Clostridia,Lachnospirales  ,Lachnospiraceae  ,Dorea   ,uncultured Dorea
ASV_3994,Bacteria,Bacteroidota,Bacteroidia,Bacteroidales  ,Tannerellaceae  ,Parabacteroides   ,Parabacteroides distasonis
ASV_3995,Bacteria,Firmicutes,Negativicutes,Acidaminococcales  ,Acidaminococcaceae  ,Phascolarctobacterium   ,uncultured Firmicutes
ASV_3996,Bacteria,Proteobacteria,Alphaproteobacteria,Rhodospirillales  ,uncultured  ,uncultured   ,Azospirillum sp.
ASV_3997,Bacteria,Firmicutes,Clostridia,Oscillospirales  ,Ruminococcaceae  ,Incertae Sedis  ,Carnobacterium sp.
ASV_3998,Bacteria,Firmicutes,Bacilli,Lactobacillales  ,Enterococcaceae  ,Enterococcus   ,Enterococcus durans
ASV_3999,Bacteria,Firmicutes,Clostridia,Lachnospirales  ,Lachnospiraceae  ,NA,NA
ASV_4000,Bacteria,Bacteroidota,Bacteroidia,Bacteroidales  ,Bacteroidaceae  ,Bacteroides   ,Bacteroides thetaiotaomicron
ASV_4001,Bacteria,Firmicutes,NA,NA,NA,NA,NA
ASV_4002,Bacteria,Firmicutes,Clostridia,Lachnospirales  ,Lachnospiraceae  ,Eubacterium eligens group ,uncultured organism
ASV_4003,Bacteria,Firmicutes,Clostridia,Lachnospirales  ,Lachnospiraceae  ,Lachnospiraceae NK4A136 group ,metagenome 
ASV_4004,Bacteria,Firmicutes,Clostridia,Lachnospirales  ,Lachnospiraceae  ,Lachnoclostridium   ,Clostridium asparagiforme
ASV_4005,Bacteria,Firmicutes,Negativicutes,Acidaminococcales  ,Acidaminococcaceae  ,Phascolarctobacterium   ,uncultured Veillonellaceae
ASV_4006,Bacteria,Firmicutes,Bacilli,Izemoplasmatales  ,Izemoplasmatales  ,Izemoplasmatales   ,gut metagenome
ASV_4007,Bacteria,Bacteroidota,Bacteroidia,Bacteroidales  ,Marinifilaceae  ,Odoribacter   ,Odoribacter splanchnicus
ASV_4008,Bacteria,Proteobacteria,Gammaproteobacteria,Burkholderiales  ,Sutterellaceae  ,Sutterella   ,Sutterellaceae bacterium
ASV_4009,Bacteria,Firmicutes,Clostridia,Oscillospirales  ,Oscillospiraceae  ,Flavonifractor   ,uncultured bacterium
ASV_4010,Bacteria,Firmicutes,Clostridia,Lachnospirales  ,Lachnospiraceae  ,Lachnospiraceae UCG-010  ,uncultured bacterium
ASV_4011,Bacteria,Firmicutes,Clostridia,Lachnospirales  ,Lachnospiraceae  ,Eubacterium xylanophilum group ,uncultured organism
ASV_4012,Bacteria,Firmicutes,Clostridia,Christensenellales  ,Christensenellaceae  ,Christensenellaceae R-7 group ,uncultured prokaryote
ASV_4013,Bacteria,Firmicutes,Clostridia,Oscillospirales  ,Ruminococcaceae  ,NA,NA
ASV_4014,Bacteria,Bacteroidota,Bacteroidia,Bacteroidales  ,Bacteroidaceae  ,Bacteroides   ,Bacteroides plebeius
ASV_4015,Bacteria,Firmicutes,Clostridia,Christensenellales  ,Christensenellaceae  ,Christensenellaceae R-7 group ,gut metagenome
ASV_4016,Bacteria,Actinobacteriota,Coriobacteriia,Coriobacteriales  ,Coriobacteriaceae  ,Collinsella   ,Collinsella aerofaciens
ASV_4017,Bacteria,Bacteroidota,Bacteroidia,Bacteroidales  ,Bacteroidaceae  ,Bacteroides   ,NA
ASV_4018,Bacteria,Firmicutes,Clostridia,Oscillospirales  ,Ruminococcaceae  ,DTU089   ,uncultured bacterium
ASV_4019,Bacteria,Firmicutes,Clostridia,NA,NA,NA,NA
ASV_4020,Bacteria,Actinobacteriota,Coriobacteriia,Coriobacteriales  ,Coriobacteriales Incertae Sedis,uncultured   ,uncultured organism
ASV_4021,Bacteria,Firmicutes,Clostridia,Peptostreptococcales-Tissierellales  ,Peptostreptococcaceae  ,Romboutsia   ,uncultured bacterium
ASV_4022,Bacteria,Bacteroidota,Bacteroidia,Bacteroidales  ,Tannerellaceae  ,Parabacteroides   ,Parabacteroides merdae
ASV_4023,Bacteria,Firmicutes,Clostridia,Oscillospirales  ,Ruminococcaceae  ,Eubacterium siraeum group ,Eubacterium siraeum
ASV_4024,Bacteria,Firmicutes,Clostridia,Oscillospirales  ,Eubacterium coprostanoligenes group,Eubacterium coprostanoligenes group ,Eubacterium coprostanoligenes
ASV_4025,Bacteria,Firmicutes,Clostridia,Oscillospirales  ,Ruminococcaceae  ,CAG-352   ,uncultured bacterium
ASV_4026,Bacteria,Bacteroidota,Bacteroidia,Bacteroidales  ,Bacteroidaceae  ,Bacteroides   ,Bacteroides thetaiotaomicron
ASV_4027,Bacteria,Firmicutes,Clostridia,Oscillospirales  ,Ruminococcaceae  ,Faecalibacterium   ,metagenome 
ASV_4028,Bacteria,Firmicutes,Clostridia,Oscillospirales  ,Ruminococcaceae  ,uncultured   ,human gut
ASV_4029,Bacteria,Bacteroidota,Bacteroidia,Bacteroidales  ,Prevotellaceae  ,Prevotella 9  ,metagenome 
ASV_4030,Bacteria,Bacteroidota,Bacteroidia,Bacteroidales  ,Tannerellaceae  ,Parabacteroides   ,Parabacteroides merdae
ASV_4031,Bacteria,Firmicutes,Clostridia,Lachnospirales  ,Lachnospiraceae  ,Roseburia   ,uncultured organism
ASV_4032,Bacteria,Firmicutes,Clostridia,Lachnospirales  ,Lachnospiraceae  ,uncultured   ,NA
ASV_4033,Bacteria,Proteobacteria,Alphaproteobacteria,Rhodospirillales  ,uncultured  ,uncultured   ,NA
ASV_4034,Bacteria,Firmicutes,Clostridia,Oscillospirales  ,Oscillospiraceae  ,uncultured   ,Clostridium sp.
ASV_4035,Bacteria,Bacteroidota,Bacteroidia,Bacteroidales  ,Barnesiellaceae  ,Barnesiella   ,uncultured organism
ASV_4036,Bacteria,Bacteroidota,Bacteroidia,Bacteroidales  ,Tannerellaceae  ,Parabacteroides   ,Parabacteroides johnsonii
ASV_4037,Bacteria,Firmicutes,Clostridia,Oscillospirales  ,Ruminococcaceae  ,CAG-352   ,uncultured bacterium
ASV_4038,Bacteria,Bacteroidota,Bacteroidia,Bacteroidales  ,Tannerellaceae  ,Parabacteroides   ,Parabacteroides distasonis
ASV_4039,Bacteria,Firmicutes,Clostridia,Lachnospirales  ,Lachnospiraceae  ,Lachnospiraceae NK4A136 group ,gut metagenome
ASV_4040,Bacteria,Firmicutes,Clostridia,Oscillospirales  ,Oscillospiraceae  ,UCG-002   ,uncultured Firmicutes
ASV_4041,Bacteria,Bacteroidota,Bacteroidia,Bacteroidales  ,Tannerellaceae  ,Parabacteroides   ,Parabacteroides merdae
ASV_4042,Bacteria,Firmicutes,Clostridia,Lachnospirales  ,Lachnospiraceae  ,Lachnospiraceae NK4A136 group ,NA
ASV_4043,Bacteria,Bacteroidota,Bacteroidia,Bacteroidales  ,Bacteroidaceae  ,Bacteroides   ,Bacteroides vulgatus
ASV_4044,Bacteria,Firmicutes,Clostridia,Lachnospirales  ,Lachnospiraceae  ,uncultured   ,uncultured organism
ASV_4045,Bacteria,Firmicutes,Clostridia,Lachnospirales  ,Lachnospiraceae  ,GCA-900066575   ,NA
ASV_4046,Bacteria,Firmicutes,Clostridia,Lachnospirales  ,Lachnospiraceae  ,NA,NA
ASV_4047,Bacteria,Firmicutes,Clostridia,Lachnospirales  ,Lachnospiraceae  ,Roseburia   ,NA
ASV_4048,Bacteria,Firmicutes,Clostridia,Oscillospirales  ,Oscillospiraceae  ,Colidextribacter   ,gut metagenome
ASV_4049,Bacteria,Proteobacteria,Gammaproteobacteria,Burkholderiales  ,Sutterellaceae  ,Parasutterella   ,uncultured organism
ASV_4050,Bacteria,Firmicutes,Clostridia,Lachnospirales  ,Lachnospiraceae  ,Ruminococcus torques group ,NA
ASV_4051,Bacteria,Firmicutes,Clostridia,Oscillospirales  ,Ruminococcaceae  ,CAG-352   ,uncultured bacterium
ASV_4052,Bacteria,Firmicutes,Clostridia,Clostridia vadinBB60 group,Clostridia vadinBB60 group,Clostridia vadinBB60 group ,gut metagenome
ASV_4053,Bacteria,Firmicutes,Clostridia,Lachnospirales  ,Lachnospiraceae  ,Lachnospiraceae FCS020 group ,uncultured organism
ASV_4054,Bacteria,Desulfobacterota,Desulfovibrionia,Desulfovibrionales  ,Desulfovibrionaceae  ,Desulfovibrio   ,gut metagenome
ASV_4055,Bacteria,Firmicutes,Clostridia,Lachnospirales  ,Lachnospiraceae  ,Ruminococcus torques group ,Ruminococcus faecis
ASV_4056,Bacteria,Firmicutes,Clostridia,Oscillospirales  ,Ruminococcaceae  ,Faecalibacterium   ,NA
ASV_4057,Bacteria,Firmicutes,Clostridia,Lachnospirales  ,Lachnospiraceae  ,Eubacterium hallii group ,uncultured organism
ASV_4058,Bacteria,Firmicutes,Clostridia,Lachnospirales  ,Lachnospiraceae  ,Eubacterium eligens group ,uncultured organism
ASV_4059,Bacteria,Proteobacteria,Gammaproteobacteria,Enterobacterales  ,Enterobacteriaceae  ,Escherichia-Shigella   ,Shigella flexneri
ASV_4060,Bacteria,Firmicutes,Clostridia,NA,NA,NA,NA
ASV_4061,Bacteria,Firmicutes,Clostridia,Oscillospirales  ,Ruminococcaceae  ,Incertae Sedis  ,Carnobacterium sp.
ASV_4062,Bacteria,Proteobacteria,Alphaproteobacteria,Rhodospirillales  ,uncultured  ,uncultured   ,gut metagenome
ASV_4063,Bacteria,Firmicutes,Clostridia,Lachnospirales  ,Lachnospiraceae  ,Anaerostipes   ,NA
ASV_4064,Bacteria,Bacteroidota,Bacteroidia,Bacteroidales  ,Bacteroidaceae  ,Bacteroides   ,Bacteroides massiliensis
ASV_4065,Bacteria,Bacteroidota,Bacteroidia,Bacteroidales  ,Bacteroidaceae  ,Bacteroides   ,unidentified 
ASV_4066,Bacteria,Firmicutes,Clostridia,Oscillospirales  ,Oscillospiraceae  ,Flavonifractor   ,uncultured bacterium
ASV_4067,Bacteria,Firmicutes,Clostridia,Christensenellales  ,Christensenellaceae  ,Christensenellaceae R-7 group ,Clostridiales bacterium
ASV_4068,Bacteria,Bacteroidota,Bacteroidia,Bacteroidales  ,Bacteroidaceae  ,Bacteroides   ,Bacteroides plebeius
ASV_4069,Bacteria,Bacteroidota,Bacteroidia,Bacteroidales  ,Barnesiellaceae  ,Barnesiella   ,uncultured organism
ASV_4070,Bacteria,Firmicutes,Clostridia,Peptococcales  ,Peptococcaceae  ,uncultured   ,unidentified 
ASV_4071,Bacteria,Verrucomicrobiota,Verrucomicrobiae,Verrucomicrobiales  ,Akkermansiaceae  ,Akkermansia   ,uncultured bacterium
ASV_4072,Bacteria,Firmicutes,Clostridia,Lachnospirales  ,Lachnospiraceae  ,Lachnospiraceae UCG-010  ,uncultured organism
ASV_4073,Bacteria,Bacteroidota,Bacteroidia,Bacteroidales  ,Bacteroidaceae  ,Bacteroides   ,Bacteroides massiliensis
ASV_4074,Bacteria,Firmicutes,Clostridia,Oscillospirales  ,Oscillospiraceae  ,Colidextribacter   ,Anaerostipes hadrus
ASV_4075,Bacteria,Firmicutes,Negativicutes,Acidaminococcales  ,Acidaminococcaceae  ,Phascolarctobacterium   ,uncultured Firmicutes
ASV_4076,Bacteria,Firmicutes,Clostridia,Oscillospirales  ,Ruminococcaceae  ,CAG-352   ,uncultured bacterium
ASV_4077,Bacteria,Firmicutes,Clostridia,Monoglobales  ,Monoglobaceae  ,Monoglobus   ,uncultured organism
ASV_4078,Bacteria,Bacteroidota,Bacteroidia,Bacteroidales  ,Tannerellaceae  ,Parabacteroides   ,Parabacteroides distasonis
ASV_4079,Bacteria,Bacteroidota,Bacteroidia,Bacteroidales  ,Tannerellaceae  ,Parabacteroides   ,Parabacteroides distasonis
ASV_4080,Bacteria,Firmicutes,Clostridia,Oscillospirales  ,Ruminococcaceae  ,Subdoligranulum   ,metagenome 
ASV_4081,Bacteria,Firmicutes,Clostridia,Oscillospirales  ,Eubacterium coprostanoligenes group,Eubacterium coprostanoligenes group ,metagenome 
ASV_4082,Bacteria,Firmicutes,Bacilli,Erysipelotrichales  ,Erysipelatoclostridiaceae  ,Erysipelatoclostridium   ,Erysipelatoclostridium ramosum
ASV_4083,Bacteria,Firmicutes,Clostridia,Lachnospirales  ,Lachnospiraceae  ,Roseburia   ,uncultured organism
ASV_4084,Bacteria,Firmicutes,Bacilli,Erysipelotrichales  ,Erysipelatoclostridiaceae  ,Erysipelatoclostridium   ,Massiliomicrobiota timonensis
ASV_4085,Bacteria,Proteobacteria,Gammaproteobacteria,Burkholderiales  ,Sutterellaceae  ,Sutterella   ,NA
ASV_4086,Bacteria,Firmicutes,Clostridia,Lachnospirales  ,Lachnospiraceae  ,Tyzzerella   ,Anaerotignum lactatifermentans
ASV_4087,Bacteria,Cyanobacteria,Vampirivibrionia,Gastranaerophilales  ,Gastranaerophilales  ,Gastranaerophilales   ,Candidatus Gastranaerophilales
ASV_4088,Bacteria,Firmicutes,Clostridia,Lachnospirales  ,Lachnospiraceae  ,Lachnoclostridium   ,Clostridium scindens
ASV_4089,Bacteria,Firmicutes,Clostridia,Oscillospirales  ,Oscillospiraceae  ,UCG-005   ,uncultured prokaryote
ASV_4090,Bacteria,Bacteroidota,Bacteroidia,Bacteroidales  ,Tannerellaceae  ,Parabacteroides   ,Parabacteroides merdae
ASV_4091,Bacteria,Firmicutes,NA,NA,NA,NA,NA
ASV_4092,Bacteria,Firmicutes,Negativicutes,Acidaminococcales  ,Acidaminococcaceae  ,Phascolarctobacterium   ,uncultured organism
ASV_4093,Bacteria,Bacteroidota,Bacteroidia,Bacteroidales  ,Bacteroidaceae  ,Bacteroides   ,Bacteroides vulgatus
ASV_4094,Bacteria,Firmicutes,Clostridia,Lachnospirales  ,Lachnospiraceae  ,Lachnoclostridium   ,Clostridium scindens
ASV_4095,Bacteria,Firmicutes,Bacilli,Erysipelotrichales  ,Erysipelotrichaceae  ,Faecalitalea   ,uncultured organism
ASV_4096,Bacteria,Bacteroidota,Bacteroidia,Bacteroidales  ,Barnesiellaceae  ,Barnesiella   ,uncultured organism
ASV_4097,Bacteria,Firmicutes,Clostridia,Lachnospirales  ,Lachnospiraceae  ,Blautia   ,uncultured Blautia
ASV_4098,Bacteria,Firmicutes,Clostridia,Clostridia UCG-014 ,Clostridia UCG-014 ,Clostridia UCG-014  ,uncultured bacterium
ASV_4099,Bacteria,Firmicutes,Clostridia,Oscillospirales  ,Ruminococcaceae  ,Faecalibacterium   ,NA
ASV_4100,Bacteria,Firmicutes,Clostridia,Clostridia vadinBB60 group,Clostridia vadinBB60 group,Clostridia vadinBB60 group ,uncultured Thermoanaerobacterales
ASV_4101,Bacteria,Firmicutes,Negativicutes,Veillonellales-Selenomonadales  ,Veillonellaceae  ,Veillonella   ,Veillonella parvula
ASV_4102,Bacteria,Firmicutes,Clostridia,Oscillospirales  ,Ruminococcaceae  ,Faecalibacterium   ,NA
ASV_4103,Bacteria,Bacteroidota,Bacteroidia,Bacteroidales  ,Bacteroidaceae  ,Bacteroides   ,Bacteroides thetaiotaomicron
ASV_4104,Bacteria,Firmicutes,Clostridia,Lachnospirales  ,Lachnospiraceae  ,Tyzzerella   ,Anaerotignum lactatifermentans
ASV_4105,Bacteria,Bacteroidota,Bacteroidia,Bacteroidales  ,Barnesiellaceae  ,Barnesiella   ,uncultured organism
ASV_4106,Bacteria,Cyanobacteria,Vampirivibrionia,Gastranaerophilales  ,Gastranaerophilales  ,Gastranaerophilales   ,Acinetobacter sp.
ASV_4107,Bacteria,Firmicutes,Clostridia,Lachnospirales  ,Lachnospiraceae  ,Lachnospira   ,NA
ASV_4108,Bacteria,Firmicutes,Clostridia,Oscillospirales  ,Ruminococcaceae  ,Faecalibacterium   ,NA
ASV_4109,Bacteria,Firmicutes,Clostridia,Lachnospirales  ,Lachnospiraceae  ,Lachnoclostridium   ,human gut
ASV_4110,Bacteria,Firmicutes,Clostridia,Lachnospirales  ,Lachnospiraceae  ,Anaerostipes   ,metagenome 
ASV_4111,Bacteria,Bacteroidota,Bacteroidia,Bacteroidales  ,Bacteroidaceae  ,Bacteroides   ,Bacteroides plebeius
ASV_4112,Bacteria,Bacteroidota,Bacteroidia,Bacteroidales  ,Bacteroidaceae  ,Bacteroides   ,Bacteroides uniformis
ASV_4113,Bacteria,Proteobacteria,Alphaproteobacteria,Rhodospirillales  ,uncultured  ,uncultured   ,gut metagenome
ASV_4114,Bacteria,Bacteroidota,Bacteroidia,Bacteroidales  ,Tannerellaceae  ,Parabacteroides   ,Parabacteroides distasonis
ASV_4115,Bacteria,Firmicutes,Clostridia,Clostridia vadinBB60 group,Clostridia vadinBB60 group,Clostridia vadinBB60 group ,gut metagenome
ASV_4116,Bacteria,Firmicutes,Clostridia,Oscillospirales  ,Ruminococcaceae  ,Faecalibacterium   ,NA
ASV_4117,Bacteria,Bacteroidota,Bacteroidia,Bacteroidales  ,Bacteroidaceae  ,Bacteroides   ,Bacteroides fragilis
ASV_4118,Bacteria,Bacteroidota,Bacteroidia,Bacteroidales  ,Barnesiellaceae  ,Barnesiella   ,uncultured organism
ASV_4119,Bacteria,Firmicutes,Clostridia,Lachnospirales  ,Lachnospiraceae  ,Anaerosporobacter   ,uncultured organism
ASV_4120,Bacteria,Bacteroidota,Bacteroidia,Bacteroidales  ,Tannerellaceae  ,Parabacteroides   ,Parabacteroides merdae
ASV_4121,Bacteria,Firmicutes,Negativicutes,Acidaminococcales  ,Acidaminococcaceae  ,Phascolarctobacterium   ,uncultured organism
ASV_4122,Bacteria,Firmicutes,Clostridia,Lachnospirales  ,Lachnospiraceae  ,Lachnospiraceae NK4A136 group ,gut metagenome
ASV_4123,Bacteria,Proteobacteria,Gammaproteobacteria,Burkholderiales  ,Sutterellaceae  ,Sutterella   ,Burkholderia sp.
ASV_4124,Bacteria,Firmicutes,Clostridia,Lachnospirales  ,Lachnospiraceae  ,Roseburia   ,Roseburia hominis
ASV_4125,Bacteria,Bacteroidota,Bacteroidia,Bacteroidales  ,Rikenellaceae  ,Alistipes   ,Alistipes obesi
ASV_4126,Bacteria,Bacteroidota,Bacteroidia,Bacteroidales  ,Tannerellaceae  ,Parabacteroides   ,Parabacteroides distasonis
ASV_4127,Bacteria,Proteobacteria,Alphaproteobacteria,Rhodospirillales  ,uncultured  ,uncultured   ,uncultured organism
ASV_4128,Bacteria,Bacteroidota,Bacteroidia,Bacteroidales  ,Barnesiellaceae  ,Barnesiella   ,uncultured organism
ASV_4129,Bacteria,Firmicutes,Clostridia,Oscillospirales  ,Oscillospiraceae  ,Pseudoflavonifractor   ,uncultured bacterium
ASV_4130,Bacteria,Firmicutes,Clostridia,Lachnospirales  ,Lachnospiraceae  ,NA,NA
ASV_4131,Bacteria,Firmicutes,Bacilli,Lactobacillales  ,Streptococcaceae  ,Streptococcus   ,Streptococcus salivarius
ASV_4132,Bacteria,Cyanobacteria,Vampirivibrionia,Gastranaerophilales  ,Gastranaerophilales  ,Gastranaerophilales   ,Acinetobacter sp.
ASV_4133,Bacteria,Bacteroidota,Bacteroidia,Bacteroidales  ,Barnesiellaceae  ,Barnesiella   ,uncultured organism
ASV_4134,Bacteria,Firmicutes,Clostridia,Lachnospirales  ,Lachnospiraceae  ,Ruminococcus torques group ,NA
ASV_4135,Bacteria,Actinobacteriota,Actinobacteria,Bifidobacteriales  ,Bifidobacteriaceae  ,Bifidobacterium   ,Bifidobacterium longum
ASV_4136,Bacteria,Firmicutes,Clostridia,Lachnospirales  ,Lachnospiraceae  ,Ruminococcus torques group ,Ruminococcus faecis
ASV_4137,Bacteria,Firmicutes,Clostridia,Oscillospirales  ,Ruminococcaceae  ,CAG-352   ,uncultured bacterium
ASV_4138,Bacteria,Actinobacteriota,Actinobacteria,Bifidobacteriales  ,Bifidobacteriaceae  ,Bifidobacterium   ,Bifidobacterium catenulatum
ASV_4139,Bacteria,Firmicutes,Clostridia,Oscillospirales  ,Oscillospiraceae  ,UCG-003   ,metagenome 
ASV_4140,Bacteria,Bacteroidota,Bacteroidia,Bacteroidales  ,Rikenellaceae  ,Alistipes   ,Alistipes sp.
ASV_4141,Bacteria,Firmicutes,Clostridia,Oscillospirales  ,Butyricicoccaceae  ,Butyricicoccus   ,NA
ASV_4142,Bacteria,Firmicutes,Clostridia,Lachnospirales  ,Lachnospiraceae  ,Anaerostipes   ,NA
ASV_4143,Bacteria,Bacteroidota,Bacteroidia,Bacteroidales  ,Rikenellaceae  ,Alistipes   ,Alistipes obesi
ASV_4144,Bacteria,Firmicutes,Clostridia,Oscillospirales  ,Ruminococcaceae  ,UBA1819   ,uncultured organism
ASV_4145,Bacteria,Firmicutes,Clostridia,Oscillospirales  ,Oscillospiraceae  ,Oscillibacter   ,uncultured organism
ASV_4146,Bacteria,Firmicutes,Clostridia,Lachnospirales  ,Lachnospiraceae  ,Lachnospiraceae NK4A136 group ,gut metagenome
ASV_4147,Bacteria,Firmicutes,Clostridia,Oscillospirales  ,Oscillospiraceae  ,Flavonifractor   ,uncultured bacterium
ASV_4148,Bacteria,Firmicutes,Clostridia,Oscillospirales  ,Eubacterium coprostanoligenes group,Eubacterium coprostanoligenes group ,gut metagenome
ASV_4149,Bacteria,Firmicutes,Clostridia,Lachnospirales  ,Lachnospiraceae  ,Lachnospiraceae UCG-004  ,uncultured organism
ASV_4150,Bacteria,Firmicutes,Clostridia,Lachnospirales  ,Lachnospiraceae  ,Coprococcus   ,metagenome 
ASV_4151,Bacteria,Firmicutes,Clostridia,Oscillospirales  ,Oscillospiraceae  ,Colidextribacter   ,Anaerostipes hadrus
ASV_4152,Bacteria,Firmicutes,Clostridia,Oscillospirales  ,Ruminococcaceae  ,Faecalibacterium   ,NA
ASV_4153,Bacteria,Firmicutes,Bacilli,Erysipelotrichales  ,Erysipelatoclostridiaceae  ,Erysipelatoclostridium   ,Massiliomicrobiota timonensis
ASV_4154,Bacteria,Firmicutes,Clostridia,Lachnospirales  ,Lachnospiraceae  ,uncultured   ,Faecalimonas umbilicata
ASV_4155,Bacteria,Firmicutes,Negativicutes,Veillonellales-Selenomonadales  ,Veillonellaceae  ,Dialister   ,NA
ASV_4156,Bacteria,Firmicutes,Clostridia,Oscillospirales  ,Ruminococcaceae  ,Negativibacillus   ,Ruminococcus sp.
ASV_4157,Bacteria,Proteobacteria,Gammaproteobacteria,Burkholderiales  ,Sutterellaceae  ,Sutterella   ,uncultured bacterium
ASV_4158,Bacteria,Bacteroidota,Bacteroidia,Bacteroidales  ,Bacteroidaceae  ,Bacteroides   ,Bacteroides uniformis
ASV_4159,Bacteria,Firmicutes,Clostridia,Oscillospirales  ,Ruminococcaceae  ,Faecalibacterium   ,NA
ASV_4160,Bacteria,Bacteroidota,Bacteroidia,Bacteroidales  ,Barnesiellaceae  ,Barnesiella   ,uncultured organism
ASV_4161,Bacteria,Bacteroidota,Bacteroidia,Bacteroidales  ,Barnesiellaceae  ,Barnesiella   ,uncultured organism
ASV_4162,Bacteria,Bacteroidota,Bacteroidia,Bacteroidales  ,Bacteroidaceae  ,Bacteroides   ,Bacteroides ovatus
ASV_4163,Bacteria,Firmicutes,Clostridia,Lachnospirales  ,Lachnospiraceae  ,Eisenbergiella   ,Lachnospiraceae bacterium
ASV_4164,Bacteria,Actinobacteriota,Actinobacteria,Bifidobacteriales  ,Bifidobacteriaceae  ,Bifidobacterium   ,NA
ASV_4165,Bacteria,Bacteroidota,Bacteroidia,Bacteroidales  ,Bacteroidaceae  ,Bacteroides   ,Bacteroides coprocola
ASV_4166,Bacteria,Firmicutes,Clostridia,Lachnospirales  ,Lachnospiraceae  ,uncultured   ,human gut
ASV_4167,Bacteria,Firmicutes,Clostridia,NA,NA,NA,NA
ASV_4168,Bacteria,Firmicutes,Clostridia,Oscillospirales  ,Ruminococcaceae  ,Eubacterium siraeum group ,Eubacterium siraeum
ASV_4169,Bacteria,Firmicutes,Clostridia,Oscillospirales  ,Butyricicoccaceae  ,Butyricicoccus   ,uncultured organism
ASV_4170,Bacteria,Proteobacteria,Alphaproteobacteria,Rhodospirillales  ,uncultured  ,uncultured   ,Azospirillum sp.
ASV_4171,Bacteria,Firmicutes,Clostridia,Lachnospirales  ,Lachnospiraceae  ,Coprococcus   ,metagenome 
ASV_4172,Bacteria,Bacteroidota,Bacteroidia,Bacteroidales  ,Rikenellaceae  ,Alistipes   ,Alistipes obesi
ASV_4173,Bacteria,Firmicutes,Clostridia,Lachnospirales  ,Lachnospiraceae  ,Coprococcus   ,metagenome 
ASV_4174,Bacteria,Firmicutes,Clostridia,Lachnospirales  ,Lachnospiraceae  ,Lachnoclostridium   ,human gut
ASV_4175,Bacteria,Firmicutes,Clostridia,Lachnospirales  ,Lachnospiraceae  ,Agathobacter   ,uncultured bacterium
ASV_4176,Bacteria,Firmicutes,Clostridia,Lachnospirales  ,Lachnospiraceae  ,Roseburia   ,uncultured organism
ASV_4177,Bacteria,Firmicutes,Clostridia,Lachnospirales  ,Lachnospiraceae  ,Coprococcus   ,Lachnospiraceae bacterium
ASV_4178,Bacteria,Bacteroidota,Bacteroidia,Bacteroidales  ,Bacteroidaceae  ,Bacteroides   ,Bacteroides eggerthii
ASV_4179,Archaea,Euryarchaeota,Methanobacteria,Methanobacteriales  ,Methanobacteriaceae  ,Methanobrevibacter   ,Methanobrevibacter smithii
ASV_4180,Archaea,Euryarchaeota,Methanobacteria,Methanobacteriales  ,Methanobacteriaceae  ,Methanobrevibacter   ,Methanobrevibacter smithii
ASV_4181,Bacteria,Bacteroidota,Bacteroidia,Bacteroidales  ,Bacteroidaceae  ,Bacteroides   ,Bacteroides coprocola
ASV_4182,Bacteria,Firmicutes,Clostridia,Lachnospirales  ,Lachnospiraceae  ,CAG-56   ,uncultured bacterium
ASV_4183,Bacteria,Firmicutes,Clostridia,Lachnospirales  ,Lachnospiraceae  ,Eubacterium eligens group ,uncultured organism
ASV_4184,Bacteria,Firmicutes,Clostridia,Oscillospirales  ,Ruminococcaceae  ,Incertae Sedis  ,Clostridium leptum
ASV_4185,Bacteria,Firmicutes,Clostridia,Oscillospirales  ,Oscillospiraceae  ,UCG-002   ,gut metagenome
ASV_4186,Bacteria,Firmicutes,Clostridia,Lachnospirales  ,Lachnospiraceae  ,Lachnospiraceae NK4A136 group ,gut metagenome
ASV_4187,Bacteria,Firmicutes,Clostridia,Oscillospirales  ,Ruminococcaceae  ,Faecalibacterium   ,NA
ASV_4188,Bacteria,Firmicutes,Clostridia,Oscillospirales  ,Oscillospiraceae  ,Oscillibacter   ,human gut
ASV_4189,Bacteria,Firmicutes,Clostridia,Lachnospirales  ,Lachnospiraceae  ,Lachnospiraceae FCS020 group ,uncultured Clostridium
ASV_4190,Bacteria,Bacteroidota,Bacteroidia,Bacteroidales  ,Prevotellaceae  ,Prevotella 9  ,uncultured organism
ASV_4191,Bacteria,Firmicutes,Clostridia,Lachnospirales  ,Lachnospiraceae  ,Eubacterium xylanophilum group ,uncultured organism
ASV_4192,Bacteria,Actinobacteriota,Actinobacteria,Bifidobacteriales  ,Bifidobacteriaceae  ,Bifidobacterium   ,Bifidobacterium longum
ASV_4193,Bacteria,Firmicutes,Clostridia,Lachnospirales  ,Lachnospiraceae  ,Eubacterium xylanophilum group ,uncultured organism
ASV_4194,Bacteria,Desulfobacterota,Desulfovibrionia,Desulfovibrionales  ,Desulfovibrionaceae  ,Bilophila   ,Bilophila wadsworthia
ASV_4195,Bacteria,Actinobacteriota,Actinobacteria,Bifidobacteriales  ,Bifidobacteriaceae  ,Bifidobacterium   ,Bifidobacterium longum
ASV_4196,Bacteria,Bacteroidota,Bacteroidia,Bacteroidales  ,Bacteroidaceae  ,Bacteroides   ,Bacteroides vulgatus
ASV_4197,Bacteria,Firmicutes,Clostridia,Lachnospirales  ,Lachnospiraceae  ,Blautia   ,Ruminococcus sp.
ASV_4198,Bacteria,Firmicutes,Clostridia,Oscillospirales  ,Ruminococcaceae  ,uncultured   ,human gut
ASV_4199,Bacteria,Firmicutes,Clostridia,Oscillospirales  ,Oscillospiraceae  ,UCG-005   ,gut metagenome
ASV_4200,Bacteria,Cyanobacteria,Vampirivibrionia,Gastranaerophilales  ,Gastranaerophilales  ,Gastranaerophilales   ,Candidatus Gastranaerophilales
ASV_4201,Bacteria,Firmicutes,Bacilli,Erysipelotrichales  ,Erysipelatoclostridiaceae  ,Erysipelotrichaceae UCG-003  ,uncultured bacterium
ASV_4202,Bacteria,Firmicutes,Clostridia,Lachnospirales  ,Lachnospiraceae  ,Hungatella   ,uncultured bacterium
ASV_4203,Bacteria,Firmicutes,Bacilli,Lactobacillales  ,Lactobacillaceae  ,Limosilactobacillus   ,Lactobacillus fermentum
ASV_4204,Bacteria,Firmicutes,Clostridia,Clostridia vadinBB60 group,Clostridia vadinBB60 group,Clostridia vadinBB60 group ,uncultured bacterium
ASV_4205,Bacteria,Bacteroidota,Bacteroidia,Bacteroidales  ,Marinifilaceae  ,Butyricimonas   ,uncultured organism
ASV_4206,Bacteria,Firmicutes,Clostridia,Oscillospirales  ,Oscillospiraceae  ,UCG-002   ,gut metagenome
ASV_4207,Bacteria,Firmicutes,Bacilli,Erysipelotrichales  ,Erysipelatoclostridiaceae  ,Erysipelatoclostridium   ,Clostridium spiroforme
ASV_4208,Bacteria,Bacteroidota,Bacteroidia,Bacteroidales  ,Prevotellaceae  ,Prevotella   ,gut metagenome
ASV_4209,Bacteria,Firmicutes,Clostridia,Oscillospirales  ,Oscillospiraceae  ,UCG-003   ,metagenome 
ASV_4210,Bacteria,Firmicutes,Clostridia,Lachnospirales  ,Lachnospiraceae  ,Eubacterium ventriosum group ,uncultured organism
ASV_4211,Bacteria,Firmicutes,Clostridia,Lachnospirales  ,Lachnospiraceae  ,Anaerostipes   ,NA
ASV_4212,Bacteria,Firmicutes,Clostridia,Lachnospirales  ,Lachnospiraceae  ,Lachnoclostridium   ,NA
ASV_4213,Bacteria,Bacteroidota,Bacteroidia,Bacteroidales  ,Prevotellaceae  ,Paraprevotella   ,Paraprevotella clara
ASV_4214,Bacteria,Firmicutes,Clostridia,Lachnospirales  ,Lachnospiraceae  ,NA,NA
ASV_4215,Bacteria,Bacteroidota,Bacteroidia,Bacteroidales  ,Prevotellaceae  ,Paraprevotella   ,metagenome 
ASV_4216,Bacteria,Firmicutes,Clostridia,Lachnospirales  ,Lachnospiraceae  ,Agathobacter   ,uncultured bacterium
ASV_4217,Bacteria,Verrucomicrobiota,Verrucomicrobiae,Verrucomicrobiales  ,Akkermansiaceae  ,Akkermansia   ,NA
ASV_4218,Bacteria,Firmicutes,Clostridia,Oscillospirales  ,Ruminococcaceae  ,Ruminococcus   ,Ruminococcus bicirculans
ASV_4219,Bacteria,Bacteroidota,Bacteroidia,Bacteroidales  ,Barnesiellaceae  ,Barnesiella   ,uncultured organism
ASV_4220,Bacteria,Bacteroidota,Bacteroidia,Bacteroidales  ,Marinifilaceae  ,Butyricimonas   ,uncultured organism
ASV_4221,Bacteria,Firmicutes,Clostridia,Lachnospirales  ,Lachnospiraceae  ,Ruminococcus gnavus group ,uncultured bacterium
ASV_4222,Bacteria,Bacteroidota,Bacteroidia,Bacteroidales  ,Prevotellaceae  ,Paraprevotella   ,Paraprevotella xylaniphila
ASV_4223,Bacteria,Firmicutes,Clostridia,Monoglobales  ,Monoglobaceae  ,Monoglobus   ,uncultured organism
ASV_4224,Bacteria,Verrucomicrobiota,Verrucomicrobiae,Verrucomicrobiales  ,Akkermansiaceae  ,Akkermansia   ,uncultured bacterium
ASV_4225,Bacteria,Firmicutes,Clostridia,Oscillospirales  ,Eubacterium coprostanoligenes group,Eubacterium coprostanoligenes group ,gut metagenome
ASV_4226,Bacteria,Firmicutes,Clostridia,Lachnospirales  ,Lachnospiraceae  ,Coprococcus   ,metagenome 
ASV_4227,Bacteria,Bacteroidota,Bacteroidia,Bacteroidales  ,Prevotellaceae  ,Paraprevotella   ,metagenome 
ASV_4228,Bacteria,Desulfobacterota,Desulfovibrionia,Desulfovibrionales  ,Desulfovibrionaceae  ,Bilophila   ,Bilophila wadsworthia
ASV_4229,Bacteria,Firmicutes,Clostridia,Lachnospirales  ,Lachnospiraceae  ,Lachnoclostridium   ,human gut
ASV_4230,Bacteria,Bacteroidota,Bacteroidia,Bacteroidales  ,Bacteroidaceae  ,Bacteroides   ,Bacteroides thetaiotaomicron
ASV_4231,Bacteria,Firmicutes,Clostridia,Clostridia UCG-014 ,Clostridia UCG-014 ,Clostridia UCG-014  ,uncultured bacterium
ASV_4232,Bacteria,Firmicutes,Clostridia,Oscillospirales  ,Ruminococcaceae  ,UBA1819   ,uncultured organism
ASV_4233,Bacteria,Firmicutes,Clostridia,Oscillospirales  ,Oscillospiraceae  ,UCG-005   ,uncultured organism
ASV_4234,Bacteria,Bacteroidota,Bacteroidia,Bacteroidales  ,Bacteroidaceae  ,Bacteroides   ,Bacteroides uniformis
ASV_4235,Bacteria,Firmicutes,Clostridia,Lachnospirales  ,Lachnospiraceae  ,Hungatella   ,uncultured bacterium
ASV_4236,Bacteria,Firmicutes,Clostridia,Oscillospirales  ,Oscillospiraceae  ,UCG-005   ,gut metagenome
ASV_4237,Bacteria,Firmicutes,Clostridia,Oscillospirales  ,Ruminococcaceae  ,Incertae Sedis  ,Clostridium sp.
ASV_4238,Bacteria,Firmicutes,Clostridia,Lachnospirales  ,Lachnospiraceae  ,Agathobacter   ,uncultured bacterium
ASV_4239,Bacteria,Firmicutes,Clostridia,Oscillospirales  ,Eubacterium coprostanoligenes group,Eubacterium coprostanoligenes group ,gut metagenome
ASV_4240,Bacteria,Firmicutes,Clostridia,Clostridia vadinBB60 group,Clostridia vadinBB60 group,Clostridia vadinBB60 group ,uncultured bacterium
ASV_4241,Bacteria,Firmicutes,Clostridia,Oscillospirales  ,Ruminococcaceae  ,Eubacterium siraeum group ,Eubacterium siraeum
ASV_4242,Bacteria,Firmicutes,Clostridia,NA,NA,NA,NA
ASV_4243,Bacteria,Firmicutes,Clostridia,Oscillospirales  ,Ruminococcaceae  ,Ruminococcus   ,uncultured Ruminococcus
ASV_4244,Bacteria,Firmicutes,Clostridia,Oscillospirales  ,Oscillospiraceae  ,uncultured   ,uncultured bacterium
ASV_4245,Bacteria,Bacteroidota,Bacteroidia,Bacteroidales  ,Bacteroidaceae  ,Bacteroides   ,Bacteroides eggerthii
ASV_4246,Bacteria,Firmicutes,Clostridia,Lachnospirales  ,Lachnospiraceae  ,uncultured   ,uncultured organism
ASV_4247,Bacteria,Bacteroidota,Bacteroidia,Bacteroidales  ,Bacteroidaceae  ,Bacteroides   ,Bacteroides vulgatus
ASV_4248,Bacteria,Firmicutes,Clostridia,Oscillospirales  ,Ruminococcaceae  ,CAG-352   ,NA
ASV_4249,Bacteria,Firmicutes,Clostridia,Lachnospirales  ,Lachnospiraceae  ,Eubacterium hallii group ,uncultured organism
ASV_4250,Bacteria,Firmicutes,Clostridia,NA,NA,NA,NA
ASV_4251,Bacteria,Firmicutes,Clostridia,Lachnospirales  ,Lachnospiraceae  ,Agathobacter   ,Eubacterium ramulus
ASV_4252,Bacteria,Bacteroidota,Bacteroidia,Bacteroidales  ,Rikenellaceae  ,Alistipes   ,Alistipes shahii
ASV_4253,Bacteria,Actinobacteriota,Coriobacteriia,Coriobacteriales  ,Coriobacteriales Incertae Sedis,uncultured   ,uncultured organism
ASV_4254,Bacteria,Firmicutes,Clostridia,Oscillospirales  ,Oscillospiraceae  ,UCG-003   ,uncultured bacterium
ASV_4255,Bacteria,Firmicutes,Bacilli,Lactobacillales  ,Streptococcaceae  ,Streptococcus   ,Streptococcus salivarius
ASV_4256,Bacteria,Firmicutes,Clostridia,Christensenellales  ,Christensenellaceae  ,Christensenellaceae R-7 group ,Clostridiales bacterium
ASV_4257,Bacteria,Proteobacteria,Gammaproteobacteria,Enterobacterales  ,Enterobacteriaceae  ,Klebsiella   ,Klebsiella variicola
ASV_4258,Bacteria,Firmicutes,Clostridia,Oscillospirales  ,Oscillospiraceae  ,NA,NA
ASV_4259,Bacteria,Firmicutes,Clostridia,Lachnospirales  ,Lachnospiraceae  ,Anaerostipes   ,NA
ASV_4260,Bacteria,Bacteroidota,Bacteroidia,Bacteroidales  ,Muribaculaceae  ,Muribaculaceae   ,uncultured bacterium
ASV_4261,Bacteria,Bacteroidota,Bacteroidia,Bacteroidales  ,Marinifilaceae  ,Butyricimonas   ,uncultured organism
ASV_4262,Bacteria,Firmicutes,Clostridia,Lachnospirales  ,Lachnospiraceae  ,Anaerostipes   ,Clostridium indolis
ASV_4263,Bacteria,Firmicutes,Clostridia,Oscillospirales  ,Oscillospiraceae  ,UCG-003   ,metagenome 
ASV_4264,Bacteria,Firmicutes,Clostridia,Oscillospirales  ,Ruminococcaceae  ,Ruminococcus   ,NA
ASV_4265,Bacteria,Firmicutes,Clostridia,Lachnospirales  ,Lachnospiraceae  ,Lachnospira   ,uncultured organism
ASV_4266,Bacteria,Firmicutes,Clostridia,Lachnospirales  ,Lachnospiraceae  ,Eubacterium eligens group ,uncultured organism
ASV_4267,Bacteria,Bacteroidota,Bacteroidia,Bacteroidales  ,Bacteroidaceae  ,Bacteroides   ,Bacteroides vulgatus
ASV_4268,Bacteria,Firmicutes,Clostridia,Oscillospirales  ,Ruminococcaceae  ,uncultured   ,human gut
ASV_4269,Bacteria,Firmicutes,Clostridia,Oscillospirales  ,Oscillospiraceae  ,UCG-005   ,gut metagenome
ASV_4270,Bacteria,Firmicutes,Bacilli,Lactobacillales  ,Streptococcaceae  ,Streptococcus   ,Streptococcus australis
ASV_4271,Bacteria,Bacteroidota,Bacteroidia,Bacteroidales  ,Tannerellaceae  ,Parabacteroides   ,Parabacteroides distasonis
ASV_4272,Bacteria,Firmicutes,Clostridia,Lachnospirales  ,Lachnospiraceae  ,uncultured   ,metagenome 
ASV_4273,Bacteria,Firmicutes,Clostridia,Lachnospirales  ,Lachnospiraceae  ,NA,NA
ASV_4274,Bacteria,Firmicutes,Clostridia,Lachnospirales  ,Lachnospiraceae  ,Anaerostipes   ,Clostridium indolis
ASV_4275,Bacteria,Firmicutes,Clostridia,Lachnospirales  ,Lachnospiraceae  ,Lachnospiraceae UCG-008  ,uncultured organism
ASV_4276,Bacteria,Firmicutes,Negativicutes,Veillonellales-Selenomonadales  ,Veillonellaceae  ,Veillonella   ,uncultured organism
ASV_4277,Bacteria,Proteobacteria,Gammaproteobacteria,Burkholderiales  ,Sutterellaceae  ,Sutterella   ,gut metagenome
ASV_4278,Bacteria,Firmicutes,Clostridia,Lachnospirales  ,Lachnospiraceae  ,Lachnoclostridium   ,Clostridium aldenense
ASV_4279,Bacteria,Firmicutes,Clostridia,Lachnospirales  ,Lachnospiraceae  ,Eubacterium hallii group ,uncultured organism
ASV_4280,Bacteria,Bacteroidota,Bacteroidia,Bacteroidales  ,Prevotellaceae  ,Prevotella 9  ,uncultured organism
ASV_4281,Bacteria,Bacteroidota,Bacteroidia,Bacteroidales  ,Bacteroidaceae  ,Bacteroides   ,Bacteroides coprocola
ASV_4282,Bacteria,Firmicutes,Clostridia,NA,NA,NA,NA
ASV_4283,Bacteria,Firmicutes,Clostridia,Oscillospirales  ,Oscillospiraceae  ,UCG-002   ,uncultured organism
ASV_4284,Bacteria,Bacteroidota,Bacteroidia,Bacteroidales  ,Bacteroidaceae  ,Bacteroides   ,Bacteroides salyersiae
ASV_4285,Bacteria,Bacteroidota,Bacteroidia,Bacteroidales  ,Bacteroidaceae  ,Bacteroides   ,NA
ASV_4286,Bacteria,Firmicutes,Clostridia,Lachnospirales  ,Lachnospiraceae  ,Lachnospiraceae UCG-001  ,Lachnospiraceae bacterium
ASV_4287,Bacteria,Firmicutes,Clostridia,Oscillospirales  ,Oscillospiraceae  ,Intestinimonas   ,Intestinimonas butyriciproducens
ASV_4288,Bacteria,Firmicutes,Clostridia,Lachnospirales  ,Lachnospiraceae  ,Lachnoclostridium   ,NA
ASV_4289,Bacteria,Bacteroidota,Bacteroidia,Bacteroidales  ,Muribaculaceae  ,Muribaculaceae   ,uncultured bacterium
ASV_4290,Bacteria,Firmicutes,Clostridia,Oscillospirales  ,Oscillospiraceae  ,Colidextribacter   ,gut metagenome
ASV_4291,Bacteria,Firmicutes,Clostridia,Lachnospirales  ,Lachnospiraceae  ,Anaerostipes   ,metagenome 
ASV_4292,Bacteria,Firmicutes,Clostridia,Lachnospirales  ,Lachnospiraceae  ,uncultured   ,metagenome 
ASV_4293,Bacteria,Firmicutes,Clostridia,Lachnospirales  ,Lachnospiraceae  ,Blautia   ,Ruminococcus sp.
ASV_4294,Bacteria,Firmicutes,Clostridia,Lachnospirales  ,Lachnospiraceae  ,Sellimonas   ,uncultured bacterium
ASV_4295,Bacteria,Firmicutes,Clostridia,Lachnospirales  ,Lachnospiraceae  ,Lachnoclostridium   ,Clostridium glycyrrhizinilyticum
ASV_4296,Bacteria,Firmicutes,Clostridia,Oscillospirales  ,Ruminococcaceae  ,CAG-352   ,uncultured bacterium
ASV_4297,Bacteria,Bacteroidota,Bacteroidia,Bacteroidales  ,Marinifilaceae  ,Odoribacter   ,Odoribacter splanchnicus
ASV_4298,Bacteria,Bacteroidota,Bacteroidia,Bacteroidales  ,Prevotellaceae  ,Prevotella 9  ,NA
ASV_4299,Bacteria,Firmicutes,Clostridia,Lachnospirales  ,Lachnospiraceae  ,Lachnospira   ,gut metagenome
ASV_4300,Bacteria,Firmicutes,Clostridia,Oscillospirales  ,Ruminococcaceae  ,CAG-352   ,uncultured bacterium
ASV_4301,Bacteria,Bacteroidota,Bacteroidia,Bacteroidales  ,Tannerellaceae  ,Parabacteroides   ,Parabacteroides distasonis
ASV_4302,Bacteria,Bacteroidota,Bacteroidia,Bacteroidales  ,Prevotellaceae  ,Prevotella 9  ,metagenome 
ASV_4303,Bacteria,Bacteroidota,Bacteroidia,Bacteroidales  ,Bacteroidaceae  ,Bacteroides   ,Bacteroides vulgatus
ASV_4304,Bacteria,Bacteroidota,Bacteroidia,Bacteroidales  ,Bacteroidaceae  ,Bacteroides   ,NA
ASV_4305,Bacteria,Bacteroidota,Bacteroidia,Bacteroidales  ,Bacteroidaceae  ,Bacteroides   ,Bacteroides ovatus
ASV_4306,Bacteria,Firmicutes,Clostridia,Lachnospirales  ,Lachnospiraceae  ,Eubacterium eligens group ,uncultured organism
ASV_4307,Bacteria,Bacteroidota,Bacteroidia,Bacteroidales  ,Prevotellaceae  ,Prevotella   ,gut metagenome
ASV_4308,Bacteria,Bacteroidota,Bacteroidia,Bacteroidales  ,Bacteroidaceae  ,Bacteroides   ,Bacteroides vulgatus
ASV_4309,Bacteria,Firmicutes,Clostridia,Lachnospirales  ,Lachnospiraceae  ,Lachnospiraceae ND3007 group ,metagenome 
ASV_4310,Bacteria,Bacteroidota,Bacteroidia,Bacteroidales  ,Tannerellaceae  ,Parabacteroides   ,Parabacteroides distasonis
ASV_4311,Bacteria,Proteobacteria,Gammaproteobacteria,Burkholderiales  ,Sutterellaceae  ,Sutterella   ,Burkholderia sp.
ASV_4312,Bacteria,Firmicutes,Clostridia,Oscillospirales  ,Oscillospiraceae  ,Flavonifractor   ,uncultured bacterium
ASV_4313,Bacteria,Firmicutes,Clostridia,Lachnospirales  ,Lachnospiraceae  ,Lachnospiraceae UCG-001  ,NA
ASV_4314,Bacteria,Bacteroidota,Bacteroidia,Bacteroidales  ,Prevotellaceae  ,Prevotella 9  ,metagenome 
ASV_4315,Bacteria,Firmicutes,Clostridia,Oscillospirales  ,Butyricicoccaceae  ,Butyricicoccus   ,uncultured organism
ASV_4316,Bacteria,Bacteroidota,Bacteroidia,Bacteroidales  ,Bacteroidaceae  ,Bacteroides   ,Bacteroides uniformis
ASV_4317,Bacteria,Firmicutes,Clostridia,Lachnospirales  ,Lachnospiraceae  ,Lachnospiraceae UCG-001  ,Lachnospiraceae bacterium
ASV_4318,Bacteria,Cyanobacteria,Vampirivibrionia,Gastranaerophilales  ,Gastranaerophilales  ,Gastranaerophilales   ,Acinetobacter sp.
ASV_4319,Bacteria,Firmicutes,NA,NA,NA,NA,NA
ASV_4320,Bacteria,Firmicutes,Clostridia,Oscillospirales  ,Ruminococcaceae  ,Incertae Sedis  ,Clostridium leptum
ASV_4321,Bacteria,Firmicutes,Clostridia,Oscillospirales  ,Eubacterium coprostanoligenes group,Eubacterium coprostanoligenes group ,gut metagenome
ASV_4322,Bacteria,Firmicutes,Clostridia,Oscillospirales  ,Eubacterium coprostanoligenes group,Eubacterium coprostanoligenes group ,gut metagenome
ASV_4323,Bacteria,Bacteroidota,Bacteroidia,Bacteroidales  ,Marinifilaceae  ,Butyricimonas   ,uncultured organism
ASV_4324,Bacteria,Firmicutes,Clostridia,Lachnospirales  ,Lachnospiraceae  ,Ruminococcus torques group ,Ruminococcus faecis
ASV_4325,Bacteria,Firmicutes,NA,NA,NA,NA,NA
ASV_4326,Bacteria,Firmicutes,Clostridia,Oscillospirales  ,Oscillospiraceae  ,UCG-005   ,uncultured prokaryote
ASV_4327,Bacteria,Firmicutes,Clostridia,Oscillospirales  ,Ruminococcaceae  ,Faecalibacterium   ,NA
ASV_4328,Bacteria,Bacteroidota,Bacteroidia,Bacteroidales  ,Prevotellaceae  ,Prevotella 9  ,metagenome 
ASV_4329,Bacteria,Bacteroidota,Bacteroidia,Bacteroidales  ,Prevotellaceae  ,Paraprevotella   ,metagenome 
ASV_4330,Bacteria,Actinobacteriota,Actinobacteria,Bifidobacteriales  ,Bifidobacteriaceae  ,Bifidobacterium   ,Bifidobacterium longum
ASV_4331,Bacteria,Proteobacteria,Gammaproteobacteria,Burkholderiales  ,Sutterellaceae  ,Parasutterella   ,uncultured organism
ASV_4332,Bacteria,Bacteroidota,Bacteroidia,Bacteroidales  ,Barnesiellaceae  ,Barnesiella   ,uncultured organism
ASV_4333,Bacteria,Bacteroidota,Bacteroidia,Bacteroidales  ,Barnesiellaceae  ,Barnesiella   ,uncultured organism
ASV_4334,Bacteria,Proteobacteria,Gammaproteobacteria,Burkholderiales  ,Sutterellaceae  ,Sutterella   ,Burkholderia sp.
ASV_4335,Bacteria,Proteobacteria,Gammaproteobacteria,Burkholderiales  ,Sutterellaceae  ,Sutterella   ,NA
ASV_4336,Bacteria,Firmicutes,Clostridia,Monoglobales  ,Monoglobaceae  ,Monoglobus   ,uncultured Clostridiales
ASV_4337,Bacteria,Firmicutes,Clostridia,Lachnospirales  ,Lachnospiraceae  ,Eisenbergiella   ,Lachnospiraceae bacterium
ASV_4338,Bacteria,Cyanobacteria,Vampirivibrionia,Gastranaerophilales  ,Gastranaerophilales  ,Gastranaerophilales   ,Acinetobacter sp.
ASV_4339,Bacteria,Firmicutes,Clostridia,Lachnospirales  ,Lachnospiraceae  ,Eubacterium xylanophilum group ,metagenome 
ASV_4340,Bacteria,Firmicutes,Clostridia,Lachnospirales  ,Lachnospiraceae  ,Tyzzerella   ,Tyzzerella sp.
ASV_4341,Bacteria,Firmicutes,Clostridia,Clostridia vadinBB60 group,Clostridia vadinBB60 group,Clostridia vadinBB60 group ,uncultured Thermoanaerobacterales
ASV_4342,Bacteria,Firmicutes,Clostridia,Oscillospirales  ,Eubacterium coprostanoligenes group,Eubacterium coprostanoligenes group ,unidentified 
ASV_4343,Bacteria,Firmicutes,Bacilli,Lactobacillales  ,Lactobacillaceae  ,Limosilactobacillus   ,Lactobacillus fermentum
ASV_4344,Bacteria,Firmicutes,Clostridia,Oscillospirales  ,Oscillospiraceae  ,UCG-002   ,Trichuris trichiura
ASV_4345,Bacteria,Firmicutes,Clostridia,Oscillospirales  ,Butyricicoccaceae  ,Butyricicoccus   ,uncultured organism
ASV_4346,Bacteria,Bacteroidota,Bacteroidia,Bacteroidales  ,Bacteroidaceae  ,Bacteroides   ,Bacteroides uniformis
ASV_4347,Bacteria,Firmicutes,Clostridia,Clostridia vadinBB60 group,Clostridia vadinBB60 group,Clostridia vadinBB60 group ,uncultured organism
ASV_4348,Bacteria,Bacteroidota,Bacteroidia,Bacteroidales  ,Tannerellaceae  ,Parabacteroides   ,Parabacteroides johnsonii
ASV_4349,Bacteria,Firmicutes,Bacilli,Erysipelotrichales  ,Erysipelatoclostridiaceae  ,Erysipelatoclostridium   ,Massiliomicrobiota timonensis
ASV_4350,Bacteria,Bacteroidota,Bacteroidia,Bacteroidales  ,Bacteroidaceae  ,Bacteroides   ,Bacteroides plebeius
ASV_4351,Bacteria,Proteobacteria,Alphaproteobacteria,Rhodospirillales  ,uncultured  ,uncultured   ,gut metagenome
ASV_4352,Bacteria,Bacteroidota,Bacteroidia,Bacteroidales  ,Barnesiellaceae  ,Coprobacter   ,NA
ASV_4353,Bacteria,Bacteroidota,Bacteroidia,Bacteroidales  ,Bacteroidaceae  ,Bacteroides   ,Bacteroides uniformis
ASV_4354,Bacteria,Firmicutes,Clostridia,Oscillospirales  ,Oscillospiraceae  ,Oscillibacter   ,uncultured organism
ASV_4355,Bacteria,Firmicutes,Clostridia,Oscillospirales  ,Ruminococcaceae  ,Incertae Sedis  ,Clostridium leptum
ASV_4356,Bacteria,Firmicutes,Clostridia,Oscillospirales  ,Oscillospiraceae  ,UCG-002   ,gut metagenome
ASV_4357,Bacteria,Firmicutes,Clostridia,Lachnospirales  ,Lachnospiraceae  ,Lachnospiraceae UCG-003  ,uncultured bacterium
ASV_4358,Bacteria,Firmicutes,Clostridia,Oscillospirales  ,Oscillospiraceae  ,UCG-003   ,metagenome 
ASV_4359,Bacteria,Bacteroidota,Bacteroidia,Bacteroidales  ,Bacteroidaceae  ,Bacteroides   ,Bacteroides intestinalis
ASV_4360,Bacteria,Firmicutes,Clostridia,Lachnospirales  ,Lachnospiraceae  ,Eubacterium ruminantium group ,gut metagenome
ASV_4361,Bacteria,Firmicutes,Clostridia,Oscillospirales  ,Ruminococcaceae  ,NA,NA
ASV_4362,Bacteria,Firmicutes,Clostridia,Lachnospirales  ,Lachnospiraceae  ,Dorea   ,uncultured bacterium
ASV_4363,Bacteria,Verrucomicrobiota,Lentisphaeria,Victivallales  ,vadinBE97  ,vadinBE97   ,uncultured rumen
ASV_4364,Bacteria,Firmicutes,Bacilli,Lactobacillales  ,Streptococcaceae  ,Streptococcus   ,Streptococcus australis
ASV_4365,Bacteria,Bacteroidota,Bacteroidia,Bacteroidales  ,Tannerellaceae  ,Parabacteroides   ,Parabacteroides johnsonii
ASV_4366,Bacteria,Bacteroidota,Bacteroidia,Bacteroidales  ,Rikenellaceae  ,Alistipes   ,Bacteroides sp.
ASV_4367,Bacteria,Proteobacteria,Gammaproteobacteria,Burkholderiales  ,Sutterellaceae  ,Sutterella   ,gut metagenome
ASV_4368,Bacteria,Bacteroidota,Bacteroidia,Bacteroidales  ,Bacteroidaceae  ,Bacteroides   ,Bacteroides fragilis
ASV_4369,Bacteria,Bacteroidota,Bacteroidia,Bacteroidales  ,Prevotellaceae  ,uncultured   ,uncultured bacterium
ASV_4370,Bacteria,Firmicutes,Clostridia,Lachnospirales  ,Lachnospiraceae  ,Lachnospiraceae UCG-010  ,uncultured organism
ASV_4371,Bacteria,Bacteroidota,Bacteroidia,Bacteroidales  ,Rikenellaceae  ,Alistipes   ,Alistipes finegoldii
ASV_4372,Bacteria,Firmicutes,Clostridia,Lachnospirales  ,Lachnospiraceae  ,uncultured   ,uncultured organism
ASV_4373,Bacteria,Firmicutes,Clostridia,Oscillospirales  ,Oscillospiraceae  ,Intestinimonas   ,Intestinimonas butyriciproducens
ASV_4374,Bacteria,Firmicutes,Bacilli,Erysipelotrichales  ,Erysipelatoclostridiaceae  ,Erysipelotrichaceae UCG-003  ,uncultured bacterium
ASV_4375,Bacteria,Actinobacteriota,Coriobacteriia,Coriobacteriales  ,Coriobacteriales Incertae Sedis,uncultured   ,gut metagenome
ASV_4376,Bacteria,Firmicutes,Clostridia,Lachnospirales  ,Lachnospiraceae  ,Blautia   ,NA
ASV_4377,Bacteria,Bacteroidota,Bacteroidia,Bacteroidales  ,Marinifilaceae  ,Odoribacter   ,Odoribacter splanchnicus
ASV_4378,Bacteria,Actinobacteriota,Actinobacteria,Bifidobacteriales  ,Bifidobacteriaceae  ,Bifidobacterium   ,NA
ASV_4379,Bacteria,Bacteroidota,Bacteroidia,Bacteroidales  ,Bacteroidaceae  ,Bacteroides   ,Bacteroides vulgatus
ASV_4380,Bacteria,Firmicutes,Clostridia,Oscillospirales  ,Oscillospiraceae  ,uncultured   ,uncultured organism
ASV_4381,Bacteria,Firmicutes,Negativicutes,Veillonellales-Selenomonadales  ,Veillonellaceae  ,Veillonella   ,NA
ASV_4382,Bacteria,Firmicutes,Clostridia,Oscillospirales  ,Oscillospiraceae  ,Intestinimonas   ,uncultured organism
ASV_4383,Bacteria,Firmicutes,Bacilli,Erysipelotrichales  ,Erysipelatoclostridiaceae  ,Erysipelotrichaceae UCG-003  ,uncultured bacterium
ASV_4384,Bacteria,Bacteroidota,Bacteroidia,Bacteroidales  ,Bacteroidaceae  ,Bacteroides   ,Bacteroides massiliensis
ASV_4385,Bacteria,Firmicutes,Clostridia,Oscillospirales  ,Oscillospiraceae  ,UCG-003   ,uncultured bacterium
ASV_4386,Bacteria,Firmicutes,Clostridia,Oscillospirales  ,Ruminococcaceae  ,Incertae Sedis  ,Carnobacterium sp.
ASV_4387,Bacteria,Firmicutes,Bacilli,Erysipelotrichales  ,Erysipelotrichaceae  ,Holdemania   ,uncultured bacterium
ASV_4388,Bacteria,Firmicutes,Clostridia,Lachnospirales  ,Lachnospiraceae  ,NA,NA
ASV_4389,Bacteria,Bacteroidota,Bacteroidia,Bacteroidales  ,Rikenellaceae  ,Alistipes   ,Bacteroides sp.
ASV_4390,Bacteria,Firmicutes,Bacilli,Erysipelotrichales  ,Erysipelatoclostridiaceae  ,Erysipelatoclostridium   ,Erysipelatoclostridium ramosum
ASV_4391,Bacteria,Bacteroidota,Bacteroidia,Bacteroidales  ,Bacteroidaceae  ,Bacteroides   ,Bacteroides vulgatus
ASV_4392,Bacteria,Firmicutes,Clostridia,Lachnospirales  ,Lachnospiraceae  ,Blautia   ,uncultured Blautia
ASV_4393,Bacteria,Firmicutes,Clostridia,Oscillospirales  ,Ruminococcaceae  ,Faecalibacterium   ,metagenome 
ASV_4394,Bacteria,Bacteroidota,Bacteroidia,Bacteroidales  ,Bacteroidaceae  ,Bacteroides   ,Bacteroides ovatus
ASV_4395,Bacteria,Proteobacteria,Alphaproteobacteria,Rhodospirillales  ,uncultured  ,uncultured   ,gut metagenome
ASV_4396,Bacteria,Firmicutes,Clostridia,Oscillospirales  ,Oscillospiraceae  ,Colidextribacter   ,Anaerostipes hadrus
ASV_4397,Bacteria,Proteobacteria,Gammaproteobacteria,Burkholderiales  ,Sutterellaceae  ,Sutterella   ,Burkholderia sp.
ASV_4398,Bacteria,Firmicutes,Clostridia,Oscillospirales  ,Ruminococcaceae  ,CAG-352   ,uncultured bacterium
ASV_4399,Bacteria,Proteobacteria,Alphaproteobacteria,Rhodospirillales  ,uncultured  ,uncultured   ,gut metagenome
ASV_4400,Bacteria,Firmicutes,Clostridia,Lachnospirales  ,Lachnospiraceae  ,Roseburia   ,uncultured Roseburia
ASV_4401,Bacteria,Firmicutes,Clostridia,Oscillospirales  ,Oscillospiraceae  ,NA,NA
ASV_4402,Bacteria,Bacteroidota,Bacteroidia,Bacteroidales  ,Prevotellaceae  ,Prevotella 9  ,uncultured organism
ASV_4403,Bacteria,Firmicutes,Clostridia,Oscillospirales  ,Ruminococcaceae  ,Faecalibacterium   ,NA
ASV_4404,Bacteria,Firmicutes,Clostridia,Oscillospirales  ,Oscillospirales  ,Hydrogenoanaerobacterium   ,Selenomonadales bacterium
ASV_4405,Bacteria,Firmicutes,Clostridia,Oscillospirales  ,Oscillospiraceae  ,UCG-005   ,uncultured organism
ASV_4406,Bacteria,Firmicutes,Clostridia,Oscillospirales  ,Oscillospiraceae  ,UCG-003   ,uncultured bacterium
ASV_4407,Bacteria,Firmicutes,Clostridia,Lachnospirales  ,Lachnospiraceae  ,Lachnoclostridium   ,human gut
ASV_4408,Bacteria,Actinobacteriota,Actinobacteria,Bifidobacteriales  ,Bifidobacteriaceae  ,Bifidobacterium   ,Bifidobacterium longum
ASV_4409,Bacteria,Firmicutes,Clostridia,Oscillospirales  ,Ruminococcaceae  ,Faecalibacterium   ,metagenome 
ASV_4410,Bacteria,Firmicutes,Clostridia,Lachnospirales  ,Lachnospiraceae  ,Lachnoclostridium   ,human gut
ASV_4411,Bacteria,Firmicutes,Clostridia,Oscillospirales  ,Ruminococcaceae  ,CAG-352   ,NA
ASV_4412,Bacteria,Firmicutes,Clostridia,Lachnospirales  ,Lachnospiraceae  ,Tyzzerella   ,Anaerotignum lactatifermentans
ASV_4413,Bacteria,Firmicutes,Clostridia,Lachnospirales  ,Lachnospiraceae  ,uncultured   ,uncultured Eubacterium
ASV_4414,Bacteria,Actinobacteriota,Actinobacteria,Bifidobacteriales  ,Bifidobacteriaceae  ,Bifidobacterium   ,Bifidobacterium longum
ASV_4415,Bacteria,Firmicutes,Clostridia,Lachnospirales  ,Lachnospiraceae  ,Lachnospiraceae FCS020 group ,uncultured organism
ASV_4416,Bacteria,Firmicutes,Clostridia,Lachnospirales  ,Lachnospiraceae  ,Lachnospiraceae FCS020 group ,uncultured Clostridium
ASV_4417,Bacteria,Firmicutes,Clostridia,Oscillospirales  ,Ruminococcaceae  ,Eubacterium siraeum group ,NA
ASV_4418,Bacteria,Firmicutes,Clostridia,Lachnospirales  ,Lachnospiraceae  ,Lachnoclostridium   ,human gut
ASV_4419,Bacteria,Firmicutes,Clostridia,Monoglobales  ,Monoglobaceae  ,Monoglobus   ,uncultured organism
ASV_4420,Bacteria,Bacteroidota,Bacteroidia,Bacteroidales  ,Tannerellaceae  ,Parabacteroides   ,Parabacteroides distasonis
ASV_4421,Bacteria,Firmicutes,Clostridia,Oscillospirales  ,Ruminococcaceae  ,UBA1819   ,uncultured organism
ASV_4422,Bacteria,Firmicutes,Clostridia,Clostridia vadinBB60 group,Clostridia vadinBB60 group,Clostridia vadinBB60 group ,metagenome 
ASV_4423,Bacteria,Proteobacteria,Gammaproteobacteria,Enterobacterales  ,Enterobacteriaceae  ,Klebsiella   ,Klebsiella variicola
ASV_4424,Bacteria,Firmicutes,Clostridia,Lachnospirales  ,Lachnospiraceae  ,Lachnospiraceae NK4A136 group ,metagenome 
ASV_4425,Bacteria,Proteobacteria,Gammaproteobacteria,Burkholderiales  ,Sutterellaceae  ,Sutterella   ,NA
ASV_4426,Bacteria,Firmicutes,Clostridia,Oscillospirales  ,Oscillospiraceae  ,UCG-005   ,uncultured organism
ASV_4427,Bacteria,Firmicutes,Clostridia,Oscillospirales  ,Oscillospiraceae  ,uncultured   ,NA
ASV_4428,Bacteria,Bacteroidota,Bacteroidia,Bacteroidales  ,Prevotellaceae  ,Prevotella   ,Prevotella stercorea
ASV_4429,Bacteria,Firmicutes,Clostridia,Lachnospirales  ,Lachnospiraceae  ,Lachnoclostridium   ,human gut
ASV_4430,Bacteria,Firmicutes,Clostridia,Lachnospirales  ,Lachnospiraceae  ,Lachnospiraceae UCG-008  ,uncultured organism
ASV_4431,Bacteria,Bacteroidota,Bacteroidia,Bacteroidales  ,Bacteroidaceae  ,Bacteroides   ,Bacteroides ovatus
ASV_4432,Bacteria,Bacteroidota,Bacteroidia,Bacteroidales  ,Bacteroidaceae  ,Bacteroides   ,Bacteroides uniformis
ASV_4433,Bacteria,Firmicutes,Clostridia,Lachnospirales  ,Lachnospiraceae  ,Anaerosporobacter   ,uncultured organism
ASV_4434,Bacteria,Actinobacteriota,Coriobacteriia,Coriobacteriales  ,Eggerthellaceae  ,Senegalimassilia   ,uncultured bacterium
ASV_4435,Bacteria,Firmicutes,NA,NA,NA,NA,NA
ASV_4436,Bacteria,Firmicutes,Clostridia,Oscillospirales  ,Oscillospirales  ,Hydrogenoanaerobacterium   ,Selenomonadales bacterium
ASV_4437,Bacteria,Firmicutes,Clostridia,Oscillospirales  ,Oscillospiraceae  ,UCG-002   ,NA
ASV_4438,Bacteria,Bacteroidota,Bacteroidia,Bacteroidales  ,Barnesiellaceae  ,Coprobacter   ,NA
ASV_4439,Bacteria,Firmicutes,Clostridia,Lachnospirales  ,Lachnospiraceae  ,Tyzzerella   ,Tyzzerella sp.
ASV_4440,Bacteria,Firmicutes,Clostridia,Oscillospirales  ,Oscillospiraceae  ,Colidextribacter   ,gut metagenome
ASV_4441,Bacteria,Firmicutes,Clostridia,Oscillospirales  ,Oscillospiraceae  ,uncultured   ,Clostridium sp.
ASV_4442,Bacteria,Bacteroidota,Bacteroidia,Bacteroidales  ,Rikenellaceae  ,Alistipes   ,Alistipes sp.
ASV_4443,Bacteria,Bacteroidota,Bacteroidia,Bacteroidales  ,Bacteroidaceae  ,Bacteroides   ,Bacteroides vulgatus
ASV_4444,Bacteria,Firmicutes,Clostridia,Lachnospirales  ,Lachnospiraceae  ,Lachnospiraceae UCG-010  ,uncultured organism
ASV_4445,Bacteria,Bacteroidota,Bacteroidia,Bacteroidales  ,Rikenellaceae  ,Alistipes   ,Alistipes finegoldii
ASV_4446,Bacteria,Firmicutes,Clostridia,Oscillospirales  ,Oscillospiraceae  ,UCG-002   ,uncultured organism
ASV_4447,Bacteria,Firmicutes,Clostridia,Oscillospirales  ,Ruminococcaceae  ,Ruminococcus   ,metagenome 
ASV_4448,Bacteria,Bacteroidota,Bacteroidia,Bacteroidales  ,Rikenellaceae  ,Alistipes   ,Alistipes obesi
ASV_4449,Bacteria,Bacteroidota,Bacteroidia,Bacteroidales  ,Bacteroidaceae  ,Bacteroides   ,Bacteroides fragilis
ASV_4450,Bacteria,Proteobacteria,Gammaproteobacteria,Burkholderiales  ,Sutterellaceae  ,Parasutterella   ,uncultured organism
ASV_4451,Bacteria,Firmicutes,Clostridia,Lachnospirales  ,Lachnospiraceae  ,NA,NA
ASV_4452,Bacteria,Firmicutes,Negativicutes,Acidaminococcales  ,Acidaminococcaceae  ,Phascolarctobacterium   ,uncultured organism
ASV_4453,Bacteria,Firmicutes,Bacilli,Erysipelotrichales  ,Erysipelatoclostridiaceae  ,Erysipelotrichaceae UCG-003  ,uncultured bacterium
ASV_4454,Bacteria,Firmicutes,Clostridia,Oscillospirales  ,Oscillospiraceae  ,UCG-002   ,uncultured rumen
ASV_4455,Bacteria,Bacteroidota,Bacteroidia,Bacteroidales  ,Marinifilaceae  ,Butyricimonas   ,uncultured organism
ASV_4456,Bacteria,Firmicutes,Clostridia,Lachnospirales  ,Lachnospiraceae  ,Lachnospiraceae UCG-010  ,uncultured organism
ASV_4457,Bacteria,Firmicutes,Clostridia,Oscillospirales  ,Oscillospiraceae  ,Flavonifractor   ,uncultured bacterium
ASV_4458,Bacteria,Cyanobacteria,Vampirivibrionia,Gastranaerophilales  ,Gastranaerophilales  ,Gastranaerophilales   ,Clostridium sp.
ASV_4459,Bacteria,Firmicutes,Clostridia,Lachnospirales  ,Lachnospiraceae  ,Lachnoclostridium   ,NA
ASV_4460,Bacteria,Bacteroidota,Bacteroidia,Bacteroidales  ,Tannerellaceae  ,Parabacteroides   ,Parabacteroides merdae
ASV_4461,Bacteria,Firmicutes,Clostridia,Oscillospirales  ,Eubacterium coprostanoligenes group,Eubacterium coprostanoligenes group ,gut metagenome
ASV_4462,Bacteria,Firmicutes,Clostridia,Lachnospirales  ,Lachnospiraceae  ,Lachnospiraceae UCG-001  ,Lachnospiraceae bacterium
ASV_4463,Bacteria,Firmicutes,Clostridia,Oscillospirales  ,Ruminococcaceae  ,Faecalibacterium   ,NA
ASV_4464,Bacteria,Firmicutes,Clostridia,Lachnospirales  ,Lachnospiraceae  ,GCA-900066575   ,NA
ASV_4465,Bacteria,Verrucomicrobiota,Verrucomicrobiae,Verrucomicrobiales  ,Akkermansiaceae  ,Akkermansia   ,NA
ASV_4466,Bacteria,Firmicutes,Clostridia,Peptostreptococcales-Tissierellales  ,Peptostreptococcaceae  ,Intestinibacter   ,uncultured bacterium
ASV_4467,Bacteria,Firmicutes,Clostridia,Oscillospirales  ,Oscillospiraceae  ,Oscillibacter   ,uncultured organism
ASV_4468,Bacteria,Firmicutes,Bacilli,Lactobacillales  ,Enterococcaceae  ,Enterococcus   ,Enterococcus durans
ASV_4469,Bacteria,Proteobacteria,Gammaproteobacteria,Enterobacterales  ,Pasteurellaceae  ,Haemophilus   ,uncultured bacterium
ASV_4470,Bacteria,Firmicutes,Clostridia,Lachnospirales  ,Lachnospiraceae  ,uncultured   ,metagenome 
ASV_4471,Bacteria,Bacteroidota,Bacteroidia,Bacteroidales  ,Prevotellaceae  ,Prevotella 9  ,metagenome 
ASV_4472,Bacteria,Bacteroidota,Bacteroidia,Bacteroidales  ,Bacteroidaceae  ,Bacteroides   ,Bacteroides ovatus
ASV_4473,Bacteria,Actinobacteriota,Coriobacteriia,Coriobacteriales  ,Coriobacteriales Incertae Sedis,uncultured   ,gut metagenome
ASV_4474,Bacteria,Firmicutes,Clostridia,Lachnospirales  ,Lachnospiraceae  ,Lachnospiraceae UCG-001  ,Lachnospiraceae bacterium
ASV_4475,Bacteria,Bacteroidota,Bacteroidia,Bacteroidales  ,Bacteroidaceae  ,Bacteroides   ,Bacteroides vulgatus
ASV_4476,Bacteria,Bacteroidota,Bacteroidia,Bacteroidales  ,Prevotellaceae  ,Prevotella 9  ,uncultured organism
ASV_4477,Bacteria,Bacteroidota,Bacteroidia,Bacteroidales  ,Prevotellaceae  ,Prevotella 9  ,metagenome 
ASV_4478,Bacteria,Firmicutes,Clostridia,Oscillospirales  ,Oscillospiraceae  ,UCG-002   ,uncultured Firmicutes
ASV_4479,Bacteria,Bacteroidota,Bacteroidia,Bacteroidales  ,Bacteroidaceae  ,Bacteroides   ,Bacteroides uniformis
ASV_4480,Bacteria,Firmicutes,Clostridia,Peptostreptococcales-Tissierellales  ,Anaerovoracaceae  ,Family XIII AD3011 group,uncultured bacterium
ASV_4481,Bacteria,Firmicutes,Bacilli,Lactobacillales  ,Streptococcaceae  ,Streptococcus   ,Streptococcus australis
ASV_4482,Bacteria,Firmicutes,Clostridia,Oscillospirales  ,Butyricicoccaceae  ,Butyricicoccus   ,uncultured organism
ASV_4483,Bacteria,Firmicutes,Clostridia,Christensenellales  ,Christensenellaceae  ,Christensenellaceae R-7 group ,uncultured Spirochaetales
ASV_4484,Bacteria,Firmicutes,Clostridia,Oscillospirales  ,Eubacterium coprostanoligenes group,Eubacterium coprostanoligenes group ,metagenome 
ASV_4485,Bacteria,Firmicutes,NA,NA,NA,NA,NA
ASV_4486,Bacteria,Firmicutes,Clostridia,Lachnospirales  ,Lachnospiraceae  ,Tyzzerella   ,unidentified 
ASV_4487,Bacteria,Bacteroidota,Bacteroidia,Bacteroidales  ,Barnesiellaceae  ,Barnesiella   ,uncultured organism
ASV_4488,Bacteria,Bacteroidota,Bacteroidia,Bacteroidales  ,Bacteroidaceae  ,Bacteroides   ,Bacteroides plebeius
ASV_4489,Bacteria,Bacteroidota,Bacteroidia,Bacteroidales  ,Bacteroidaceae  ,Bacteroides   ,Bacteroides fragilis
ASV_4490,Bacteria,Firmicutes,Clostridia,Oscillospirales  ,Oscillospiraceae  ,Intestinimonas   ,Intestinimonas butyriciproducens
ASV_4491,Bacteria,Firmicutes,Clostridia,Oscillospirales  ,Oscillospiraceae  ,Flavonifractor   ,uncultured bacterium
ASV_4492,Bacteria,Firmicutes,Clostridia,Lachnospirales  ,Lachnospiraceae  ,Tyzzerella   ,unidentified 
ASV_4493,Bacteria,Firmicutes,Clostridia,Lachnospirales  ,Lachnospiraceae  ,Coprococcus   ,metagenome 
ASV_4494,Bacteria,Bacteroidota,Bacteroidia,Bacteroidales  ,Bacteroidaceae  ,Bacteroides   ,Bacteroides uniformis
ASV_4495,Bacteria,Firmicutes,Clostridia,Monoglobales  ,Monoglobaceae  ,Monoglobus   ,Monoglobus pectinilyticus
ASV_4496,Bacteria,Actinobacteriota,Coriobacteriia,Coriobacteriales  ,Eggerthellaceae  ,Adlercreutzia   ,uncultured bacterium
ASV_4497,Bacteria,Firmicutes,Clostridia,Peptostreptococcales-Tissierellales  ,Peptostreptococcaceae  ,Intestinibacter   ,uncultured bacterium
ASV_4498,Bacteria,Firmicutes,Bacilli,Bacillales  ,Bacillaceae  ,Bacillus   ,NA
ASV_4499,Bacteria,Bacteroidota,Bacteroidia,Bacteroidales  ,Prevotellaceae  ,Paraprevotella   ,Paraprevotella xylaniphila
ASV_4500,Bacteria,Proteobacteria,Gammaproteobacteria,Enterobacterales  ,Enterobacteriaceae  ,Escherichia-Shigella   ,Shigella flexneri
ASV_4501,Bacteria,Bacteroidota,Bacteroidia,Bacteroidales  ,Bacteroidaceae  ,Bacteroides   ,Bacteroides uniformis
ASV_4502,Bacteria,Firmicutes,Clostridia,Monoglobales  ,Monoglobaceae  ,Monoglobus   ,uncultured organism
ASV_4503,Bacteria,Firmicutes,Clostridia,Lachnospirales  ,Lachnospiraceae  ,Lachnospiraceae NK4A136 group ,gut metagenome
ASV_4504,Bacteria,Firmicutes,Clostridia,Lachnospirales  ,Lachnospiraceae  ,Lachnospiraceae NK4A136 group ,NA
ASV_4505,Bacteria,Proteobacteria,Gammaproteobacteria,Burkholderiales  ,Sutterellaceae  ,Sutterella   ,gut metagenome
ASV_4506,Bacteria,Actinobacteriota,Actinobacteria,Bifidobacteriales  ,Bifidobacteriaceae  ,Bifidobacterium   ,NA
ASV_4507,Bacteria,Firmicutes,Clostridia,Christensenellales  ,Christensenellaceae  ,Christensenellaceae R-7 group ,bacterium YE57
ASV_4508,Bacteria,Proteobacteria,Gammaproteobacteria,Burkholderiales  ,Sutterellaceae  ,Sutterella   ,Sutterellaceae bacterium
ASV_4509,Bacteria,Bacteroidota,Bacteroidia,Bacteroidales  ,Bacteroidaceae  ,Bacteroides   ,NA
ASV_4510,Bacteria,Firmicutes,Clostridia,Lachnospirales  ,Lachnospiraceae  ,Eubacterium xylanophilum group ,uncultured organism
ASV_4511,Bacteria,Firmicutes,Clostridia,Oscillospirales  ,Ruminococcaceae  ,Ruminococcus   ,uncultured Ruminococcus
ASV_4512,Bacteria,Firmicutes,Negativicutes,Acidaminococcales  ,Acidaminococcaceae  ,Phascolarctobacterium   ,uncultured organism
ASV_4513,Bacteria,Firmicutes,Clostridia,Oscillospirales  ,Butyricicoccaceae  ,Butyricicoccus   ,uncultured organism
ASV_4514,Bacteria,Bacteroidota,Bacteroidia,Bacteroidales  ,Bacteroidaceae  ,Bacteroides   ,Bacteroides vulgatus
ASV_4515,Bacteria,Bacteroidota,Bacteroidia,Bacteroidales  ,Rikenellaceae  ,Alistipes   ,Bacteroides sp.
ASV_4516,Bacteria,Bacteroidota,Bacteroidia,Bacteroidales  ,Bacteroidaceae  ,Bacteroides   ,Bacteroides finegoldii
ASV_4517,Bacteria,Firmicutes,Clostridia,Lachnospirales  ,Lachnospiraceae  ,Lachnospiraceae ND3007 group ,metagenome 
ASV_4518,Bacteria,Firmicutes,Clostridia,Oscillospirales  ,Ruminococcaceae  ,UBA1819   ,uncultured organism
ASV_4519,Bacteria,Firmicutes,Clostridia,Clostridia vadinBB60 group,Clostridia vadinBB60 group,Clostridia vadinBB60 group ,gut metagenome
ASV_4520,Bacteria,Firmicutes,Clostridia,Oscillospirales  ,Oscillospiraceae  ,UCG-005   ,gut metagenome
ASV_4521,Bacteria,Firmicutes,Clostridia,Lachnospirales  ,Lachnospiraceae  ,Agathobacter   ,uncultured bacterium
ASV_4522,Bacteria,Firmicutes,Clostridia,Oscillospirales  ,Oscillospiraceae  ,UCG-005   ,uncultured prokaryote
ASV_4523,Bacteria,Firmicutes,Clostridia,Lachnospirales  ,Lachnospiraceae  ,Eubacterium hallii group ,uncultured organism
ASV_4524,Bacteria,Bacteroidota,Bacteroidia,Bacteroidales  ,Bacteroidaceae  ,Bacteroides   ,Bacteroides plebeius
ASV_4525,Bacteria,Proteobacteria,Gammaproteobacteria,Burkholderiales  ,Sutterellaceae  ,Sutterella   ,NA
ASV_4526,Bacteria,Cyanobacteria,Vampirivibrionia,Gastranaerophilales  ,Gastranaerophilales  ,Gastranaerophilales   ,Acinetobacter sp.
ASV_4527,Bacteria,Bacteroidota,Bacteroidia,Bacteroidales  ,Bacteroidaceae  ,Bacteroides   ,Bacteroides uniformis
ASV_4528,Bacteria,Bacteroidota,Bacteroidia,Bacteroidales  ,Bacteroidaceae  ,Bacteroides   ,Bacteroides ovatus
ASV_4529,Bacteria,Bacteroidota,Bacteroidia,Bacteroidales  ,Tannerellaceae  ,Parabacteroides   ,Parabacteroides merdae
ASV_4530,Bacteria,Firmicutes,Clostridia,Lachnospirales  ,Lachnospiraceae  ,Eubacterium xylanophilum group ,uncultured bacterium
ASV_4531,Bacteria,Firmicutes,Clostridia,Oscillospirales  ,Butyricicoccaceae  ,Butyricicoccus   ,uncultured organism
ASV_4532,Bacteria,Bacteroidota,Bacteroidia,Bacteroidales  ,Prevotellaceae  ,Prevotella 9  ,metagenome 
ASV_4533,Bacteria,Cyanobacteria,Vampirivibrionia,Gastranaerophilales  ,Gastranaerophilales  ,Gastranaerophilales   ,uncultured bacterium
ASV_4534,Bacteria,Firmicutes,Clostridia,Lachnospirales  ,Lachnospiraceae  ,Lachnospiraceae UCG-008  ,uncultured organism
ASV_4535,Bacteria,Bacteroidota,Bacteroidia,Bacteroidales  ,Rikenellaceae  ,Alistipes   ,uncultured organism
ASV_4536,Bacteria,Firmicutes,Clostridia,Oscillospirales  ,Ruminococcaceae  ,uncultured   ,gut metagenome
ASV_4537,Bacteria,Firmicutes,Clostridia,Lachnospirales  ,Lachnospiraceae  ,Ruminococcus gauvreauii group ,uncultured Clostridiales
ASV_4538,Bacteria,Firmicutes,Clostridia,Oscillospirales  ,Oscillospiraceae  ,NK4A214 group  ,metagenome 
ASV_4539,Bacteria,Bacteroidota,Bacteroidia,Bacteroidales  ,Bacteroidaceae  ,Bacteroides   ,Bacteroides clarus
ASV_4540,Bacteria,Firmicutes,Clostridia,Oscillospirales  ,Ruminococcaceae  ,uncultured   ,gut metagenome
ASV_4541,Bacteria,Verrucomicrobiota,Verrucomicrobiae,Verrucomicrobiales  ,Akkermansiaceae  ,Akkermansia   ,NA
ASV_4542,Bacteria,Bacteroidota,Bacteroidia,Bacteroidales  ,Tannerellaceae  ,Parabacteroides   ,Parabacteroides distasonis
ASV_4543,Bacteria,Firmicutes,Clostridia,Oscillospirales  ,Ruminococcaceae  ,Faecalibacterium   ,NA
ASV_4544,Bacteria,Bacteroidota,Bacteroidia,Bacteroidales  ,Rikenellaceae  ,Alistipes   ,Alistipes finegoldii
ASV_4545,Bacteria,Firmicutes,Clostridia,Oscillospirales  ,Ruminococcaceae  ,Subdoligranulum   ,metagenome 
ASV_4546,Bacteria,Bacteroidota,Bacteroidia,Bacteroidales  ,Bacteroidaceae  ,Bacteroides   ,Bacteroides plebeius
ASV_4547,Bacteria,Firmicutes,Bacilli,Lactobacillales  ,Streptococcaceae  ,Lactococcus   ,Lactococcus garvieae
ASV_4548,Bacteria,Firmicutes,Clostridia,Lachnospirales  ,Lachnospiraceae  ,Agathobacter   ,uncultured bacterium
ASV_4549,Bacteria,Bacteroidota,Bacteroidia,Bacteroidales  ,Barnesiellaceae  ,Barnesiella   ,uncultured organism
ASV_4550,Bacteria,Firmicutes,Negativicutes,Acidaminococcales  ,Acidaminococcaceae  ,Phascolarctobacterium   ,uncultured Veillonellaceae
ASV_4551,Bacteria,Proteobacteria,Gammaproteobacteria,Burkholderiales  ,Sutterellaceae  ,Sutterella   ,Sutterellaceae bacterium
ASV_4552,Bacteria,Bacteroidota,Bacteroidia,Bacteroidales  ,Marinifilaceae  ,Butyricimonas   ,uncultured organism
ASV_4553,Bacteria,Firmicutes,Negativicutes,Veillonellales-Selenomonadales  ,Selenomonadaceae  ,Megamonas   ,uncultured organism
ASV_4554,Bacteria,Firmicutes,Clostridia,Lachnospirales  ,Lachnospiraceae  ,Dorea   ,uncultured bacterium
ASV_4555,Bacteria,Firmicutes,Clostridia,Christensenellales  ,Christensenellaceae  ,Christensenellaceae R-7 group ,metagenome 
ASV_4556,Bacteria,Firmicutes,Clostridia,NA,NA,NA,NA
ASV_4557,Bacteria,Firmicutes,Clostridia,Lachnospirales  ,Lachnospiraceae  ,Lachnoclostridium   ,human gut
ASV_4558,Bacteria,Firmicutes,Clostridia,Lachnospirales  ,Lachnospiraceae  ,Blautia   ,uncultured Blautia
ASV_4559,Bacteria,Bacteroidota,Bacteroidia,Bacteroidales  ,Bacteroidaceae  ,Bacteroides   ,Bacteroides plebeius
ASV_4560,Bacteria,Firmicutes,Incertae Sedis,DTU014  ,DTU014  ,DTU014   ,unidentified 
ASV_4561,Bacteria,Firmicutes,Clostridia,Christensenellales  ,Christensenellaceae  ,Christensenellaceae R-7 group ,Clostridiales bacterium
ASV_4562,Bacteria,Firmicutes,Clostridia,Lachnospirales  ,Lachnospiraceae  ,Lachnoclostridium   ,human gut
ASV_4563,Bacteria,Bacteroidota,Bacteroidia,Bacteroidales  ,Rikenellaceae  ,Alistipes   ,NA
ASV_4564,Bacteria,Firmicutes,Clostridia,Oscillospirales  ,Ruminococcaceae  ,Faecalibacterium   ,NA
ASV_4565,Bacteria,Bacteroidota,Bacteroidia,Bacteroidales  ,Rikenellaceae  ,Alistipes   ,Alistipes sp.
ASV_4566,Bacteria,Firmicutes,Clostridia,Lachnospirales  ,Lachnospiraceae  ,Blautia   ,NA
ASV_4567,Bacteria,Firmicutes,Clostridia,Lachnospirales  ,Lachnospiraceae  ,NA,NA
ASV_4568,Bacteria,Firmicutes,Clostridia,Lachnospirales  ,Lachnospiraceae  ,Lachnoclostridium   ,NA
ASV_4569,Bacteria,Firmicutes,Clostridia,Oscillospirales  ,Ruminococcaceae  ,Incertae Sedis  ,uncultured organism
ASV_4570,Bacteria,Firmicutes,Clostridia,Oscillospirales  ,Oscillospiraceae  ,UCG-003   ,uncultured bacterium
ASV_4571,Bacteria,Actinobacteriota,Actinobacteria,Bifidobacteriales  ,Bifidobacteriaceae  ,Bifidobacterium   ,Bifidobacterium longum
ASV_4572,Bacteria,Firmicutes,Clostridia,Oscillospirales  ,Butyricicoccaceae  ,Butyricicoccus   ,uncultured organism
ASV_4573,Bacteria,Firmicutes,Clostridia,Oscillospirales  ,Ruminococcaceae  ,Subdoligranulum   ,metagenome 
ASV_4574,Bacteria,Bacteroidota,Bacteroidia,Bacteroidales  ,Bacteroidaceae  ,Bacteroides   ,Bacteroides uniformis
ASV_4575,Bacteria,Firmicutes,Clostridia,Lachnospirales  ,Lachnospiraceae  ,Lachnoclostridium   ,bacterium NLAE-zl-G121
ASV_4576,Bacteria,Firmicutes,Bacilli,Erysipelotrichales  ,Erysipelatoclostridiaceae  ,Erysipelatoclostridium   ,Erysipelatoclostridium ramosum
ASV_4577,Bacteria,Bacteroidota,Bacteroidia,Bacteroidales  ,Marinifilaceae  ,Butyricimonas   ,NA
ASV_4578,Bacteria,Firmicutes,Clostridia,Oscillospirales  ,Eubacterium coprostanoligenes group,Eubacterium coprostanoligenes group ,unidentified 
ASV_4579,Bacteria,Bacteroidota,Bacteroidia,Bacteroidales  ,Bacteroidaceae  ,Bacteroides   ,Bacteroides plebeius
ASV_4580,Bacteria,Bacteroidota,Bacteroidia,Bacteroidales  ,Bacteroidaceae  ,Bacteroides   ,Bacteroides vulgatus
ASV_4581,Bacteria,Firmicutes,Clostridia,Lachnospirales  ,Lachnospiraceae  ,Eubacterium eligens group ,uncultured organism
ASV_4582,Bacteria,Verrucomicrobiota,Lentisphaeria,Victivallales  ,vadinBE97  ,vadinBE97   ,uncultured rumen
ASV_4583,Bacteria,Firmicutes,Clostridia,Peptostreptococcales-Tissierellales  ,Peptostreptococcaceae  ,Romboutsia   ,uncultured bacterium
ASV_4584,Bacteria,Firmicutes,NA,NA,NA,NA,NA
ASV_4585,Bacteria,Firmicutes,Clostridia,Oscillospirales  ,Ruminococcaceae  ,Faecalibacterium   ,NA
ASV_4586,Bacteria,Desulfobacterota,Desulfovibrionia,Desulfovibrionales  ,Desulfovibrionaceae  ,Bilophila   ,Bilophila wadsworthia
ASV_4587,Bacteria,Firmicutes,Clostridia,Oscillospirales  ,Oscillospiraceae  ,UCG-002   ,uncultured Firmicutes
ASV_4588,Bacteria,Bacteroidota,Bacteroidia,Bacteroidales  ,Prevotellaceae  ,Prevotella 9  ,uncultured organism
ASV_4589,Bacteria,Bacteroidota,Bacteroidia,Bacteroidales  ,Prevotellaceae  ,Prevotella   ,Prevotella stercorea
ASV_4590,Bacteria,Firmicutes,Clostridia,Oscillospirales  ,Ruminococcaceae  ,uncultured   ,human gut
ASV_4591,Bacteria,Firmicutes,Clostridia,Lachnospirales  ,Lachnospiraceae  ,uncultured   ,metagenome 
ASV_4592,Bacteria,Firmicutes,Clostridia,Lachnospirales  ,Lachnospiraceae  ,NA,NA
ASV_4593,Bacteria,Bacteroidota,Bacteroidia,Bacteroidales  ,Rikenellaceae  ,Alistipes   ,Alistipes finegoldii
ASV_4594,Bacteria,Proteobacteria,Alphaproteobacteria,Rhodospirillales  ,uncultured  ,uncultured   ,Azospirillum sp.
ASV_4595,Bacteria,Bacteroidota,Bacteroidia,Bacteroidales  ,Tannerellaceae  ,Parabacteroides   ,Parabacteroides merdae
ASV_4596,Bacteria,Bacteroidota,Bacteroidia,Bacteroidales  ,uncultured  ,uncultured   ,uncultured bacterium
ASV_4597,Bacteria,Firmicutes,Clostridia,Oscillospirales  ,Ruminococcaceae  ,uncultured   ,human gut
ASV_4598,Bacteria,Bacteroidota,Bacteroidia,Bacteroidales  ,Rikenellaceae  ,Alistipes   ,Bacteroides sp.
ASV_4599,Bacteria,Firmicutes,Clostridia,Lachnospirales  ,Lachnospiraceae  ,NA,NA
ASV_4600,Bacteria,Firmicutes,Clostridia,Oscillospirales  ,Ruminococcaceae  ,NA,NA
ASV_4601,Bacteria,Firmicutes,Clostridia,Oscillospirales  ,Ruminococcaceae  ,Subdoligranulum   ,uncultured organism
ASV_4602,Bacteria,Firmicutes,Clostridia,Oscillospirales  ,Ruminococcaceae  ,UBA1819   ,uncultured organism
ASV_4603,Bacteria,Firmicutes,Clostridia,Christensenellales  ,Christensenellaceae  ,Christensenellaceae R-7 group ,gut metagenome
ASV_4604,Bacteria,Firmicutes,Negativicutes,Veillonellales-Selenomonadales  ,Veillonellaceae  ,Veillonella   ,uncultured organism
ASV_4605,Bacteria,Firmicutes,Clostridia,Lachnospirales  ,Lachnospiraceae  ,NA,NA
ASV_4606,Bacteria,Firmicutes,Clostridia,Lachnospirales  ,Lachnospiraceae  ,Roseburia   ,uncultured organism
ASV_4607,Bacteria,Bacteroidota,Bacteroidia,Bacteroidales  ,Bacteroidaceae  ,Bacteroides   ,Bacteroides thetaiotaomicron
ASV_4608,Bacteria,Proteobacteria,Gammaproteobacteria,Enterobacterales  ,Pasteurellaceae  ,Haemophilus   ,uncultured bacterium
ASV_4609,Bacteria,Firmicutes,Bacilli,Lactobacillales  ,Streptococcaceae  ,Lactococcus   ,Lactococcus lactis
ASV_4610,Bacteria,Firmicutes,Clostridia,Oscillospirales  ,Oscillospiraceae  ,Flavonifractor   ,uncultured bacterium
ASV_4611,Bacteria,Firmicutes,Clostridia,Lachnospirales  ,Lachnospiraceae  ,Eubacterium ventriosum group ,uncultured Lachnospiraceae
ASV_4612,Bacteria,Firmicutes,Clostridia,Lachnospirales  ,Lachnospiraceae  ,Anaerostipes   ,metagenome 
ASV_4613,Bacteria,Bacteroidota,Bacteroidia,Bacteroidales  ,Tannerellaceae  ,Parabacteroides   ,Parabacteroides distasonis
ASV_4614,Bacteria,Firmicutes,Clostridia,Oscillospirales  ,Ruminococcaceae  ,Incertae Sedis  ,Carnobacterium sp.
ASV_4615,Bacteria,Firmicutes,Negativicutes,Veillonellales-Selenomonadales  ,Veillonellaceae  ,Dialister   ,Dialister sp.
ASV_4616,Bacteria,Firmicutes,Clostridia,NA,NA,NA,NA
ASV_4617,Bacteria,Firmicutes,Clostridia,Peptostreptococcales-Tissierellales  ,Peptostreptococcaceae  ,Intestinibacter   ,uncultured bacterium
ASV_4618,Bacteria,Bacteroidota,Bacteroidia,Bacteroidales  ,Bacteroidaceae  ,Bacteroides   ,NA
ASV_4619,Bacteria,Bacteroidota,Bacteroidia,Bacteroidales  ,Prevotellaceae  ,Paraprevotella   ,Paraprevotella xylaniphila
ASV_4620,Bacteria,Firmicutes,Clostridia,Oscillospirales  ,Ruminococcaceae  ,Subdoligranulum   ,uncultured organism
ASV_4621,Bacteria,Firmicutes,Clostridia,Clostridiales  ,Clostridiaceae  ,Clostridium sensu stricto 1,uncultured Firmicutes
ASV_4622,Bacteria,Firmicutes,Clostridia,Oscillospirales  ,Oscillospiraceae  ,UCG-005   ,uncultured organism
ASV_4623,Bacteria,Bacteroidota,Bacteroidia,Bacteroidales  ,Bacteroidaceae  ,Bacteroides   ,Bacteroides vulgatus
ASV_4624,Bacteria,Firmicutes,Clostridia,Lachnospirales  ,Lachnospiraceae  ,Lachnoclostridium   ,Clostridium aldenense
ASV_4625,Bacteria,Firmicutes,NA,NA,NA,NA,NA
ASV_4626,Bacteria,Firmicutes,Clostridia,Lachnospirales  ,Lachnospiraceae  ,Roseburia   ,NA
ASV_4627,Bacteria,Firmicutes,Clostridia,Lachnospirales  ,Lachnospiraceae  ,Ruminococcus torques group ,Ruminococcus lactaris
ASV_4628,Bacteria,Bacteroidota,Bacteroidia,Bacteroidales  ,Bacteroidaceae  ,Bacteroides   ,Bacteroides fragilis
ASV_4629,Bacteria,Bacteroidota,Bacteroidia,Bacteroidales  ,Bacteroidaceae  ,Bacteroides   ,Bacteroides cellulosilyticus
ASV_4630,Bacteria,Firmicutes,Bacilli,Erysipelotrichales  ,Erysipelotrichaceae  ,Holdemanella   ,uncultured bacterium
ASV_4631,Bacteria,Firmicutes,Clostridia,Lachnospirales  ,Lachnospiraceae  ,Ruminococcus torques group ,NA
ASV_4632,Bacteria,Firmicutes,Clostridia,Oscillospirales  ,Oscillospiraceae  ,Intestinimonas   ,Intestinimonas butyriciproducens
ASV_4633,Bacteria,Bacteroidota,Bacteroidia,Bacteroidales  ,Rikenellaceae  ,Alistipes   ,Alistipes obesi
ASV_4634,Bacteria,Bacteroidota,Bacteroidia,Bacteroidales  ,Bacteroidaceae  ,Bacteroides   ,Bacteroides ovatus
ASV_4635,Bacteria,Firmicutes,Clostridia,Oscillospirales  ,Butyricicoccaceae  ,UCG-009   ,uncultured organism
ASV_4636,Bacteria,Cyanobacteria,Vampirivibrionia,Gastranaerophilales  ,Gastranaerophilales  ,Gastranaerophilales   ,Clostridium sp.
ASV_4637,Bacteria,Firmicutes,Clostridia,Oscillospirales  ,Ruminococcaceae  ,Incertae Sedis  ,Clostridium leptum
ASV_4638,Bacteria,Firmicutes,Negativicutes,Acidaminococcales  ,Acidaminococcaceae  ,Acidaminococcus   ,uncultured organism
ASV_4639,Bacteria,Actinobacteriota,Coriobacteriia,Coriobacteriales  ,Coriobacteriaceae  ,Collinsella   ,Collinsella aerofaciens
ASV_4640,Bacteria,Firmicutes,Clostridia,Lachnospirales  ,Lachnospiraceae  ,Agathobacter   ,Eubacterium ramulus
ASV_4641,Bacteria,Bacteroidota,Bacteroidia,Bacteroidales  ,Rikenellaceae  ,Alistipes   ,Alistipes indistinctus
ASV_4642,Bacteria,Firmicutes,Clostridia,Oscillospirales  ,Ruminococcaceae  ,Faecalibacterium   ,NA
ASV_4643,Bacteria,Firmicutes,Clostridia,Lachnospirales  ,Lachnospiraceae  ,Lachnospiraceae UCG-008  ,uncultured organism
ASV_4644,Bacteria,Bacteroidota,Bacteroidia,Bacteroidales  ,Marinifilaceae  ,Odoribacter   ,Odoribacter splanchnicus
ASV_4645,Bacteria,Firmicutes,Clostridia,Lachnospirales  ,Lachnospiraceae  ,Eubacterium fissicatena group ,uncultured bacterium
ASV_4646,Bacteria,Firmicutes,Bacilli,Erysipelotrichales  ,Erysipelotrichaceae  ,Faecalitalea   ,Absiella argi
ASV_4647,Bacteria,Bacteroidota,Bacteroidia,Bacteroidales  ,Bacteroidaceae  ,Bacteroides   ,Bacteroides plebeius
ASV_4648,Bacteria,Bacteroidota,Bacteroidia,Bacteroidales  ,Bacteroidaceae  ,Bacteroides   ,Bacteroides uniformis
ASV_4649,Bacteria,Bacteroidota,Bacteroidia,Bacteroidales  ,Bacteroidaceae  ,Bacteroides   ,Bacteroides uniformis
ASV_4650,Bacteria,Bacteroidota,Bacteroidia,Bacteroidales  ,Bacteroidaceae  ,Bacteroides   ,Bacteroides vulgatus
ASV_4651,Bacteria,Firmicutes,Clostridia,Oscillospirales  ,Ruminococcaceae  ,Faecalibacterium   ,NA
ASV_4652,Bacteria,Firmicutes,Clostridia,Lachnospirales  ,Lachnospiraceae  ,Eisenbergiella   ,uncultured organism
ASV_4653,Bacteria,Firmicutes,Clostridia,Clostridia vadinBB60 group,Clostridia vadinBB60 group,Clostridia vadinBB60 group ,gut metagenome
ASV_4654,Bacteria,Firmicutes,Clostridia,Lachnospirales  ,Lachnospiraceae  ,Eubacterium xylanophilum group ,uncultured organism
ASV_4655,Bacteria,Bacteroidota,Bacteroidia,Bacteroidales  ,Tannerellaceae  ,Parabacteroides   ,Parabacteroides distasonis
ASV_4656,Bacteria,Verrucomicrobiota,Verrucomicrobiae,Verrucomicrobiales  ,Akkermansiaceae  ,Akkermansia   ,NA
ASV_4657,Bacteria,Firmicutes,Clostridia,Lachnospirales  ,Lachnospiraceae  ,Blautia   ,NA
ASV_4658,Bacteria,Bacteroidota,Bacteroidia,Bacteroidales  ,Marinifilaceae  ,Butyricimonas   ,uncultured organism
ASV_4659,Bacteria,Firmicutes,Clostridia,Oscillospirales  ,Oscillospiraceae  ,UCG-002   ,uncultured rumen
ASV_4660,Bacteria,Bacteroidota,Bacteroidia,Bacteroidales  ,Bacteroidaceae  ,Bacteroides   ,Bacteroides vulgatus
ASV_4661,Bacteria,Bacteroidota,Bacteroidia,Bacteroidales  ,Bacteroidaceae  ,Bacteroides   ,Bacteroides ovatus
ASV_4662,Bacteria,Firmicutes,Clostridia,Clostridia vadinBB60 group,Clostridia vadinBB60 group,Clostridia vadinBB60 group ,uncultured organism
ASV_4663,Bacteria,Bacteroidota,Bacteroidia,Bacteroidales  ,Bacteroidaceae  ,Bacteroides   ,Bacteroides vulgatus
ASV_4664,Bacteria,Firmicutes,Clostridia,Lachnospirales  ,Lachnospiraceae  ,Coprococcus   ,Lachnospiraceae bacterium
ASV_4665,Bacteria,Firmicutes,Clostridia,Peptostreptococcales-Tissierellales  ,Anaerovoracaceae  ,Eubacterium brachy group ,uncultured bacterium
ASV_4666,Bacteria,Firmicutes,Clostridia,Oscillospirales  ,Oscillospiraceae  ,UCG-005   ,uncultured organism
ASV_4667,Bacteria,Firmicutes,Clostridia,Oscillospirales  ,Ruminococcaceae  ,UBA1819   ,uncultured organism
ASV_4668,Bacteria,Firmicutes,Negativicutes,Acidaminococcales  ,Acidaminococcaceae  ,Acidaminococcus   ,uncultured organism
ASV_4669,Bacteria,Firmicutes,Negativicutes,Veillonellales-Selenomonadales  ,Veillonellaceae  ,Megasphaera   ,NA
ASV_4670,Bacteria,Firmicutes,Clostridia,Lachnospirales  ,Lachnospiraceae  ,Lachnoclostridium   ,Clostridium aldenense
ASV_4671,Bacteria,Firmicutes,Clostridia,Lachnospirales  ,Lachnospiraceae  ,Lachnospiraceae NK4A136 group ,gut metagenome
ASV_4672,Bacteria,Firmicutes,Clostridia,Lachnospirales  ,Lachnospiraceae  ,Ruminococcus torques group ,Ruminococcus faecis
ASV_4673,Bacteria,Firmicutes,Clostridia,Oscillospirales  ,Eubacterium coprostanoligenes group,Eubacterium coprostanoligenes group ,gut metagenome
ASV_4674,Bacteria,Firmicutes,Clostridia,Lachnospirales  ,Lachnospiraceae  ,uncultured   ,human gut
ASV_4675,Bacteria,Firmicutes,Clostridia,Clostridia vadinBB60 group,Clostridia vadinBB60 group,Clostridia vadinBB60 group ,uncultured Thermoanaerobacterales
ASV_4676,Bacteria,Firmicutes,Clostridia,Lachnospirales  ,Lachnospiraceae  ,uncultured   ,human gut
ASV_4677,Bacteria,Firmicutes,Clostridia,Lachnospirales  ,Lachnospiraceae  ,Lachnospiraceae ND3007 group ,metagenome 
ASV_4678,Bacteria,Firmicutes,Clostridia,NA,NA,NA,NA
ASV_4679,Bacteria,Firmicutes,Negativicutes,Veillonellales-Selenomonadales  ,Veillonellaceae  ,Dialister   ,Dialister sp.
ASV_4680,Bacteria,Bacteroidota,Bacteroidia,Bacteroidales  ,Tannerellaceae  ,Parabacteroides   ,Parabacteroides distasonis
ASV_4681,Bacteria,Firmicutes,Clostridia,Lachnospirales  ,Lachnospiraceae  ,Eubacterium hallii group ,uncultured organism
ASV_4682,Bacteria,Bacteroidota,Bacteroidia,Bacteroidales  ,Tannerellaceae  ,Parabacteroides   ,Parabacteroides merdae
ASV_4683,Bacteria,Firmicutes,Clostridia,Lachnospirales  ,Lachnospiraceae  ,Eubacterium eligens group ,uncultured organism
ASV_4684,Bacteria,Firmicutes,Clostridia,Christensenellales  ,Christensenellaceae  ,Christensenellaceae R-7 group ,uncultured prokaryote
ASV_4685,Bacteria,Firmicutes,Clostridia,Lachnospirales  ,Lachnospiraceae  ,Lachnospiraceae UCG-010  ,uncultured bacterium
ASV_4686,Bacteria,Firmicutes,Clostridia,Lachnospirales  ,Defluviitaleaceae  ,Defluviitaleaceae UCG-011  ,uncultured bacterium
ASV_4687,Bacteria,Firmicutes,Clostridia,Lachnospirales  ,Lachnospiraceae  ,Eisenbergiella   ,uncultured organism
ASV_4688,Bacteria,Firmicutes,Clostridia,Christensenellales  ,Christensenellaceae  ,Christensenellaceae R-7 group ,Clostridiales bacterium
ASV_4689,Bacteria,Bacteroidota,Bacteroidia,Bacteroidales  ,Tannerellaceae  ,Parabacteroides   ,Parabacteroides merdae
ASV_4690,Bacteria,Firmicutes,Clostridia,Oscillospirales  ,Ruminococcaceae  ,Eubacterium siraeum group ,uncultured bacterium
ASV_4691,Bacteria,Bacteroidota,Bacteroidia,Bacteroidales  ,Tannerellaceae  ,Parabacteroides   ,Parabacteroides distasonis
ASV_4692,Bacteria,Firmicutes,Clostridia,Lachnospirales  ,Lachnospiraceae  ,uncultured   ,human gut
ASV_4693,Bacteria,Bacteroidota,Bacteroidia,Bacteroidales  ,Bacteroidaceae  ,Bacteroides   ,Bacteroides fragilis
ASV_4694,Bacteria,Firmicutes,Clostridia,Oscillospirales  ,Oscillospiraceae  ,Flavonifractor   ,uncultured bacterium
ASV_4695,Bacteria,Bacteroidota,Bacteroidia,Bacteroidales  ,Rikenellaceae  ,Alistipes   ,Alistipes obesi
ASV_4696,Bacteria,Firmicutes,Clostridia,Oscillospirales  ,Eubacterium coprostanoligenes group,Eubacterium coprostanoligenes group ,unidentified 
ASV_4697,Bacteria,Firmicutes,Clostridia,Lachnospirales  ,Lachnospiraceae  ,Eisenbergiella   ,uncultured organism
ASV_4698,Bacteria,Actinobacteriota,Actinobacteria,Bifidobacteriales  ,Bifidobacteriaceae  ,Bifidobacterium   ,Bifidobacterium longum
ASV_4699,Bacteria,Cyanobacteria,Vampirivibrionia,Gastranaerophilales  ,Gastranaerophilales  ,Gastranaerophilales   ,Clostridium sp.
ASV_4700,Bacteria,Actinobacteriota,Actinobacteria,Bifidobacteriales  ,Bifidobacteriaceae  ,Bifidobacterium   ,Bifidobacterium longum
ASV_4701,Bacteria,Firmicutes,Clostridia,Oscillospirales  ,Oscillospiraceae  ,uncultured   ,uncultured bacterium
ASV_4702,Bacteria,Firmicutes,Clostridia,Lachnospirales  ,Lachnospiraceae  ,Lachnospiraceae NK4A136 group ,gut metagenome
ASV_4703,Bacteria,Firmicutes,Clostridia,Oscillospirales  ,Ruminococcaceae  ,CAG-352   ,uncultured bacterium
ASV_4704,Bacteria,Firmicutes,Clostridia,Lachnospirales  ,Lachnospiraceae  ,Roseburia   ,gut metagenome
ASV_4705,Bacteria,Bacteroidota,Bacteroidia,Bacteroidales  ,Prevotellaceae  ,Prevotella 9  ,uncultured organism
ASV_4706,Bacteria,Bacteroidota,Bacteroidia,Bacteroidales  ,Bacteroidaceae  ,Bacteroides   ,Bacteroides ovatus
ASV_4707,Bacteria,Proteobacteria,Gammaproteobacteria,Burkholderiales  ,Sutterellaceae  ,Sutterella   ,gut metagenome
ASV_4708,Bacteria,Bacteroidota,Bacteroidia,Bacteroidales  ,Bacteroidaceae  ,Bacteroides   ,Bacteroides ovatus
ASV_4709,Bacteria,Firmicutes,Clostridia,Lachnospirales  ,Lachnospiraceae  ,Anaerostipes   ,metagenome 
ASV_4710,Bacteria,Bacteroidota,Bacteroidia,Bacteroidales  ,Bacteroidaceae  ,Bacteroides   ,Bacteroides massiliensis
ASV_4711,Bacteria,Firmicutes,Clostridia,Oscillospirales  ,Ruminococcaceae  ,CAG-352   ,NA
ASV_4712,Bacteria,Firmicutes,Clostridia,Oscillospirales  ,Eubacterium coprostanoligenes group,Eubacterium coprostanoligenes group ,gut metagenome
ASV_4713,Bacteria,Firmicutes,Clostridia,Oscillospirales  ,Ruminococcaceae  ,Eubacterium siraeum group ,Eubacterium siraeum
ASV_4714,Bacteria,Bacteroidota,Bacteroidia,Bacteroidales  ,Bacteroidaceae  ,Bacteroides   ,Bacteroides intestinalis
ASV_4715,Bacteria,Firmicutes,Clostridia,Lachnospirales  ,Lachnospiraceae  ,Coprococcus   ,metagenome 
ASV_4716,Bacteria,Firmicutes,Clostridia,Oscillospirales  ,Oscillospiraceae  ,UCG-002   ,uncultured Firmicutes
ASV_4717,Bacteria,Firmicutes,Clostridia,Oscillospirales  ,Ruminococcaceae  ,uncultured   ,uncultured Ruminococcus
ASV_4718,Bacteria,Firmicutes,Clostridia,Lachnospirales  ,Lachnospiraceae  ,Lachnospiraceae UCG-001  ,NA
ASV_4719,Bacteria,Bacteroidota,Bacteroidia,Bacteroidales  ,Prevotellaceae  ,Prevotella 9  ,uncultured organism
ASV_4720,Bacteria,Bacteroidota,Bacteroidia,Bacteroidales  ,Bacteroidaceae  ,Bacteroides   ,Bacteroides massiliensis
ASV_4721,Bacteria,Desulfobacterota,Desulfovibrionia,Desulfovibrionales  ,Desulfovibrionaceae  ,Desulfovibrio   ,Desulfovibrio desulfuricans
ASV_4722,Bacteria,Bacteroidota,Bacteroidia,Bacteroidales  ,Bacteroidaceae  ,Bacteroides   ,Bacteroides plebeius
ASV_4723,Bacteria,Bacteroidota,Bacteroidia,Bacteroidales  ,Barnesiellaceae  ,Barnesiella   ,uncultured organism
ASV_4724,Bacteria,Proteobacteria,Alphaproteobacteria,Rhodospirillales  ,uncultured  ,uncultured   ,gut metagenome
ASV_4725,Bacteria,Firmicutes,Clostridia,Oscillospirales  ,Ruminococcaceae  ,Faecalibacterium   ,metagenome 
ASV_4726,Bacteria,Bacteroidota,Bacteroidia,Bacteroidales  ,Tannerellaceae  ,Parabacteroides   ,Parabacteroides merdae
ASV_4727,Bacteria,Bacteroidota,Bacteroidia,Bacteroidales  ,Bacteroidaceae  ,Bacteroides   ,unidentified 
ASV_4728,Bacteria,Bacteroidota,Bacteroidia,Bacteroidales  ,Tannerellaceae  ,Parabacteroides   ,Parabacteroides distasonis
ASV_4729,Bacteria,Firmicutes,Bacilli,Erysipelotrichales  ,Erysipelatoclostridiaceae  ,Candidatus Stoquefichus  ,Longibaculum muris
ASV_4730,Bacteria,Firmicutes,Clostridia,Lachnospirales  ,Lachnospiraceae  ,Ruminococcus gnavus group ,uncultured bacterium
ASV_4731,Bacteria,Bacteroidota,Bacteroidia,Bacteroidales  ,Bacteroidaceae  ,Bacteroides   ,Bacteroides vulgatus
ASV_4732,Bacteria,Bacteroidota,Bacteroidia,Bacteroidales  ,Bacteroidaceae  ,Bacteroides   ,Bacteroides uniformis
ASV_4733,Bacteria,Proteobacteria,Gammaproteobacteria,Enterobacterales  ,Enterobacteriaceae  ,Escherichia-Shigella   ,Shigella flexneri
ASV_4734,Bacteria,Firmicutes,Clostridia,Lachnospirales  ,Lachnospiraceae  ,NA,NA
ASV_4735,Bacteria,Firmicutes,Clostridia,Monoglobales  ,Monoglobaceae  ,Monoglobus   ,Monoglobus pectinilyticus
ASV_4736,Bacteria,Firmicutes,Clostridia,Oscillospirales  ,Oscillospiraceae  ,NK4A214 group  ,metagenome 
ASV_4737,Bacteria,Bacteroidota,Bacteroidia,Bacteroidales  ,Bacteroidaceae  ,Bacteroides   ,Bacteroides oleiciplenus
ASV_4738,Bacteria,Bacteroidota,Bacteroidia,Bacteroidales  ,Barnesiellaceae  ,Barnesiella   ,uncultured organism
ASV_4739,Bacteria,Firmicutes,Clostridia,Lachnospirales  ,Lachnospiraceae  ,Eubacterium ventriosum group ,uncultured bacterium
ASV_4740,Bacteria,Firmicutes,Clostridia,Lachnospirales  ,Lachnospiraceae  ,Eubacterium ventriosum group ,uncultured organism
ASV_4741,Bacteria,Firmicutes,Clostridia,Peptostreptococcales-Tissierellales  ,Peptostreptococcaceae  ,Intestinibacter   ,uncultured bacterium
ASV_4742,Bacteria,Bacteroidota,Bacteroidia,Bacteroidales  ,Rikenellaceae  ,Alistipes   ,Alistipes shahii
ASV_4743,Bacteria,Bacteroidota,Bacteroidia,Bacteroidales  ,Rikenellaceae  ,Alistipes   ,Alistipes inops
ASV_4744,Bacteria,Firmicutes,Bacilli,Lactobacillales  ,Streptococcaceae  ,Streptococcus   ,Streptococcus oralis
ASV_4745,Bacteria,Firmicutes,Clostridia,Lachnospirales  ,Lachnospiraceae  ,Tyzzerella   ,Anaerotignum lactatifermentans
ASV_4746,Bacteria,Firmicutes,Clostridia,Oscillospirales  ,Ruminococcaceae  ,UBA1819   ,uncultured organism
ASV_4747,Bacteria,Firmicutes,Clostridia,Lachnospirales  ,Lachnospiraceae  ,Lachnoclostridium   ,Clostridium scindens
ASV_4748,Bacteria,Bacteroidota,Bacteroidia,Bacteroidales  ,Marinifilaceae  ,Butyricimonas   ,NA
ASV_4749,Bacteria,Firmicutes,Clostridia,Lachnospirales  ,Lachnospiraceae  ,Blautia   ,Blautia caecimuris
ASV_4750,Bacteria,Firmicutes,Clostridia,Oscillospirales  ,Ruminococcaceae  ,CAG-352   ,uncultured bacterium
ASV_4751,Bacteria,Proteobacteria,Alphaproteobacteria,Rhodospirillales  ,uncultured  ,uncultured   ,gut metagenome
ASV_4752,Bacteria,Firmicutes,Clostridia,Lachnospirales  ,Lachnospiraceae  ,Eubacterium hallii group ,uncultured organism
ASV_4753,Bacteria,Firmicutes,Clostridia,Lachnospirales  ,Lachnospiraceae  ,Lachnospiraceae UCG-010  ,uncultured organism
ASV_4754,Bacteria,Firmicutes,Clostridia,Oscillospirales  ,Oscillospiraceae  ,Colidextribacter   ,uncultured Flavonifractor
ASV_4755,Bacteria,Firmicutes,Clostridia,Lachnospirales  ,Lachnospiraceae  ,Ruminococcus torques group ,uncultured organism
ASV_4756,Bacteria,Firmicutes,Clostridia,Oscillospirales  ,Oscillospiraceae  ,UCG-005   ,uncultured organism
ASV_4757,Bacteria,Firmicutes,Clostridia,Oscillospirales  ,Oscillospiraceae  ,UCG-005   ,uncultured organism
ASV_4758,Bacteria,Bacteroidota,Bacteroidia,Bacteroidales  ,Marinifilaceae  ,Butyricimonas   ,uncultured organism
ASV_4759,Bacteria,Firmicutes,Clostridia,Oscillospirales  ,Eubacterium coprostanoligenes group,Eubacterium coprostanoligenes group ,gut metagenome
ASV_4760,Bacteria,Bacteroidota,Bacteroidia,Bacteroidales  ,Tannerellaceae  ,Parabacteroides   ,Parabacteroides distasonis
ASV_4761,Bacteria,Firmicutes,Clostridia,Oscillospirales  ,Ruminococcaceae  ,Faecalibacterium   ,NA
ASV_4762,Bacteria,Firmicutes,Clostridia,Oscillospirales  ,Eubacterium coprostanoligenes group,Eubacterium coprostanoligenes group ,gut metagenome
ASV_4763,Bacteria,Firmicutes,Clostridia,Lachnospirales  ,Lachnospiraceae  ,Lachnospiraceae NK4A136 group ,metagenome 
ASV_4764,Bacteria,Firmicutes,Clostridia,Lachnospirales  ,Lachnospiraceae  ,Ruminococcus gauvreauii group ,uncultured Clostridiales
ASV_4765,Bacteria,Firmicutes,Clostridia,Lachnospirales  ,Lachnospiraceae  ,Lachnoclostridium   ,human gut
ASV_4766,Bacteria,Bacteroidota,Bacteroidia,Bacteroidales  ,Prevotellaceae  ,Prevotella 9  ,metagenome 
ASV_4767,Bacteria,Bacteroidota,Bacteroidia,Bacteroidales  ,Barnesiellaceae  ,Barnesiella   ,uncultured organism
ASV_4768,Bacteria,Bacteroidota,Bacteroidia,Bacteroidales  ,Bacteroidaceae  ,Bacteroides   ,Bacteroides ovatus
ASV_4769,Bacteria,Firmicutes,Clostridia,Lachnospirales  ,Lachnospiraceae  ,Lachnoclostridium   ,Clostridium glycyrrhizinilyticum
ASV_4770,Bacteria,Firmicutes,Clostridia,Oscillospirales  ,Ruminococcaceae  ,CAG-352   ,NA
ASV_4771,Bacteria,Bacteroidota,Bacteroidia,Bacteroidales  ,Tannerellaceae  ,Parabacteroides   ,Parabacteroides distasonis
ASV_4772,Bacteria,Firmicutes,Clostridia,Lachnospirales  ,Lachnospiraceae  ,Blautia   ,Blautia stercoris
ASV_4773,Bacteria,Firmicutes,Clostridia,Lachnospirales  ,Lachnospiraceae  ,Lachnospira   ,uncultured organism
ASV_4774,Bacteria,Firmicutes,Clostridia,Lachnospirales  ,Lachnospiraceae  ,Eubacterium ruminantium group ,gut metagenome
ASV_4775,Bacteria,Firmicutes,Clostridia,Lachnospirales  ,Lachnospiraceae  ,CAG-56   ,uncultured bacterium
ASV_4776,Bacteria,Bacteroidota,Bacteroidia,Bacteroidales  ,Rikenellaceae  ,Alistipes   ,NA
ASV_4777,Bacteria,Firmicutes,Clostridia,Oscillospirales  ,Oscillospiraceae  ,UCG-005   ,uncultured organism
ASV_4778,Bacteria,Proteobacteria,Gammaproteobacteria,Enterobacterales  ,Enterobacteriaceae  ,Escherichia-Shigella   ,Shigella flexneri
ASV_4779,Bacteria,Firmicutes,Clostridia,Lachnospirales  ,Lachnospiraceae  ,Ruminococcus torques group ,Ruminococcus lactaris
ASV_4780,Bacteria,Bacteroidota,Bacteroidia,Bacteroidales  ,NA,NA,NA
ASV_4781,Bacteria,Firmicutes,Clostridia,Lachnospirales  ,Lachnospiraceae  ,Lachnospiraceae ND3007 group ,metagenome 
ASV_4782,Bacteria,Bacteroidota,Bacteroidia,Bacteroidales  ,Barnesiellaceae  ,Barnesiella   ,uncultured organism
ASV_4783,Bacteria,Firmicutes,Clostridia,NA,NA,NA,NA
ASV_4784,Bacteria,Bacteroidota,Bacteroidia,Bacteroidales  ,Prevotellaceae  ,Paraprevotella   ,Paraprevotella xylaniphila
ASV_4785,Bacteria,Firmicutes,Clostridia,Lachnospirales  ,Lachnospiraceae  ,Lachnospiraceae NK4A136 group ,NA
ASV_4786,Bacteria,Firmicutes,Clostridia,Lachnospirales  ,Lachnospiraceae  ,Lachnoclostridium   ,Clostridium scindens
ASV_4787,Bacteria,Bacteroidota,Bacteroidia,Bacteroidales  ,Bacteroidaceae  ,Bacteroides   ,Bacteroides ovatus
ASV_4788,Bacteria,Bacteroidota,Bacteroidia,Bacteroidales  ,Prevotellaceae  ,Prevotella 9  ,uncultured organism
ASV_4789,Bacteria,Firmicutes,Clostridia,Oscillospirales  ,Eubacterium coprostanoligenes group,Eubacterium coprostanoligenes group ,gut metagenome
ASV_4790,Bacteria,Firmicutes,Clostridia,Lachnospirales  ,Lachnospiraceae  ,Tyzzerella   ,Anaerotignum lactatifermentans
ASV_4791,Bacteria,Firmicutes,Clostridia,Christensenellales  ,Christensenellaceae  ,Christensenellaceae R-7 group ,gut metagenome
ASV_4792,Bacteria,Firmicutes,Clostridia,Lachnospirales  ,Lachnospiraceae  ,Agathobacter   ,Eubacterium ramulus
ASV_4793,Bacteria,Verrucomicrobiota,Lentisphaeria,Victivallales  ,Victivallaceae  ,Victivallis   ,uncultured bacterium
ASV_4794,Bacteria,Firmicutes,Clostridia,Oscillospirales  ,Ruminococcaceae  ,Ruminococcus   ,Ruminococcus bicirculans
ASV_4795,Bacteria,Bacteroidota,Bacteroidia,Bacteroidales  ,Prevotellaceae  ,Prevotella 9  ,NA
ASV_4796,Bacteria,Firmicutes,Clostridia,Lachnospirales  ,Lachnospiraceae  ,Eubacterium eligens group ,uncultured organism
ASV_4797,Bacteria,Bacteroidota,Bacteroidia,Bacteroidales  ,Bacteroidaceae  ,Bacteroides   ,Bacteroides plebeius
ASV_4798,Bacteria,Firmicutes,Clostridia,Lachnospirales  ,Lachnospiraceae  ,Lachnospira   ,gut metagenome
ASV_4799,Bacteria,Firmicutes,Bacilli,Bacillales  ,Bacillaceae  ,Bacillus   ,NA
ASV_4800,Bacteria,Actinobacteriota,Actinobacteria,Bifidobacteriales  ,Bifidobacteriaceae  ,Bifidobacterium   ,NA
ASV_4801,Bacteria,Firmicutes,Clostridia,Lachnospirales  ,Lachnospiraceae  ,Ruminococcus torques group ,Ruminococcus faecis
ASV_4802,Bacteria,Firmicutes,Bacilli,Lactobacillales  ,Lactobacillaceae  ,Limosilactobacillus   ,Lactobacillus fermentum
ASV_4803,Bacteria,Bacteroidota,Bacteroidia,Bacteroidales  ,Rikenellaceae  ,Alistipes   ,Alistipes finegoldii
ASV_4804,Bacteria,Firmicutes,Clostridia,Oscillospirales  ,Ruminococcaceae  ,Subdoligranulum   ,metagenome 
ASV_4805,Bacteria,Proteobacteria,Gammaproteobacteria,Enterobacterales  ,Pasteurellaceae  ,Haemophilus   ,uncultured bacterium
ASV_4806,Bacteria,Firmicutes,Clostridia,Oscillospirales  ,Oscillospiraceae  ,NA,NA
ASV_4807,Bacteria,Firmicutes,Clostridia,Lachnospirales  ,Lachnospiraceae  ,Eubacterium eligens group ,uncultured organism
ASV_4808,Bacteria,Firmicutes,Clostridia,Clostridiales  ,Clostridiaceae  ,Clostridium sensu stricto 1,uncultured Firmicutes
ASV_4809,Bacteria,Firmicutes,Negativicutes,Veillonellales-Selenomonadales  ,Veillonellaceae  ,Dialister   ,Dialister sp.
ASV_4810,Bacteria,Bacteroidota,Bacteroidia,Bacteroidales  ,Prevotellaceae  ,Prevotella 9  ,metagenome 
ASV_4811,Bacteria,Bacteroidota,Bacteroidia,Bacteroidales  ,Bacteroidaceae  ,Bacteroides   ,Bacteroides vulgatus
ASV_4812,Bacteria,Bacteroidota,Bacteroidia,Bacteroidales  ,Prevotellaceae  ,Prevotella 9  ,uncultured organism
ASV_4813,Bacteria,Firmicutes,Clostridia,Clostridiales  ,Clostridiaceae  ,Clostridium sensu stricto 1,uncultured Firmicutes
ASV_4814,Bacteria,Proteobacteria,Gammaproteobacteria,Burkholderiales  ,Sutterellaceae  ,Sutterella   ,Sutterellaceae bacterium
ASV_4815,Bacteria,Firmicutes,Clostridia,Lachnospirales  ,Lachnospiraceae  ,Lachnospiraceae NK4A136 group ,gut metagenome
ASV_4816,Bacteria,Firmicutes,Clostridia,Oscillospirales  ,Butyricicoccaceae  ,Butyricicoccus   ,uncultured organism
ASV_4817,Bacteria,Firmicutes,Clostridia,Lachnospirales  ,Lachnospiraceae  ,Frisingicoccus   ,NA
ASV_4818,Bacteria,Firmicutes,Clostridia,Oscillospirales  ,Ruminococcaceae  ,Faecalibacterium   ,NA
ASV_4819,Bacteria,Firmicutes,NA,NA,NA,NA,NA
ASV_4820,Bacteria,Firmicutes,Clostridia,Oscillospirales  ,Oscillospiraceae  ,Oscillibacter   ,uncultured organism
ASV_4821,Bacteria,Firmicutes,Clostridia,Lachnospirales  ,Lachnospiraceae  ,Sellimonas   ,uncultured bacterium
ASV_4822,Bacteria,Firmicutes,Clostridia,Clostridia vadinBB60 group,Clostridia vadinBB60 group,Clostridia vadinBB60 group ,uncultured bacterium
ASV_4823,Bacteria,Bacteroidota,Bacteroidia,Bacteroidales  ,Rikenellaceae  ,Alistipes   ,Alistipes finegoldii
ASV_4824,Bacteria,Proteobacteria,Gammaproteobacteria,Enterobacterales  ,Enterobacteriaceae  ,Escherichia-Shigella   ,Shigella flexneri
ASV_4825,Bacteria,Firmicutes,Clostridia,Lachnospirales  ,Lachnospiraceae  ,Tyzzerella   ,unidentified 
ASV_4826,Bacteria,Firmicutes,Clostridia,Lachnospirales  ,Lachnospiraceae  ,Agathobacter   ,uncultured bacterium
ASV_4827,Bacteria,Cyanobacteria,Vampirivibrionia,Gastranaerophilales  ,Gastranaerophilales  ,Gastranaerophilales   ,Candidatus Gastranaerophilales
ASV_4828,Bacteria,Firmicutes,Clostridia,Lachnospirales  ,Lachnospiraceae  ,Blautia   ,Blautia sp.
ASV_4829,Bacteria,Bacteroidota,Bacteroidia,Bacteroidales  ,Bacteroidaceae  ,Bacteroides   ,Bacteroides uniformis
ASV_4830,Bacteria,Bacteroidota,Bacteroidia,Bacteroidales  ,Bacteroidaceae  ,Bacteroides   ,Bacteroides plebeius
ASV_4831,Bacteria,Bacteroidota,Bacteroidia,Bacteroidales  ,Barnesiellaceae  ,Barnesiella   ,uncultured organism
ASV_4832,Bacteria,Bacteroidota,Bacteroidia,Bacteroidales  ,Barnesiellaceae  ,Barnesiella   ,uncultured organism
ASV_4833,Bacteria,Firmicutes,Clostridia,Christensenellales  ,Christensenellaceae  ,Christensenellaceae R-7 group ,Clostridiales bacterium
ASV_4834,Bacteria,Bacteroidota,Bacteroidia,Bacteroidales  ,Tannerellaceae  ,Parabacteroides   ,Parabacteroides distasonis
ASV_4835,Bacteria,Firmicutes,Clostridia,Peptostreptococcales-Tissierellales  ,Anaerovoracaceae  ,Family XIII UCG-001 ,uncultured bacterium
ASV_4836,Bacteria,Firmicutes,Clostridia,Oscillospirales  ,Ruminococcaceae  ,Faecalibacterium   ,NA
ASV_4837,Bacteria,Bacteroidota,Bacteroidia,Bacteroidales  ,Bacteroidaceae  ,Bacteroides   ,Bacteroides vulgatus
ASV_4838,Bacteria,Firmicutes,Clostridia,Lachnospirales  ,Lachnospiraceae  ,Blautia   ,uncultured Blautia
ASV_4839,Bacteria,Bacteroidota,Bacteroidia,Bacteroidales  ,Prevotellaceae  ,Prevotella 9  ,uncultured organism
ASV_4840,Bacteria,Firmicutes,Clostridia,Lachnospirales  ,Lachnospiraceae  ,Lachnoclostridium   ,human gut
ASV_4841,Bacteria,Firmicutes,Clostridia,Lachnospirales  ,Lachnospiraceae  ,Roseburia   ,NA
ASV_4842,Bacteria,Firmicutes,Clostridia,Christensenellales  ,Christensenellaceae  ,Christensenellaceae R-7 group ,uncultured prokaryote
ASV_4843,Bacteria,Firmicutes,Clostridia,Oscillospirales  ,Oscillospiraceae  ,UCG-005   ,uncultured prokaryote
ASV_4844,Bacteria,Firmicutes,Clostridia,Lachnospirales  ,Lachnospiraceae  ,Anaerostipes   ,metagenome 
ASV_4845,Bacteria,Firmicutes,Clostridia,Lachnospirales  ,Lachnospiraceae  ,Lachnospiraceae ND3007 group ,metagenome 
ASV_4846,Bacteria,Firmicutes,Clostridia,Oscillospirales  ,Ruminococcaceae  ,uncultured   ,gut metagenome
ASV_4847,Bacteria,Firmicutes,Clostridia,Lachnospirales  ,Lachnospiraceae  ,uncultured   ,uncultured organism
ASV_4848,Bacteria,Bacteroidota,Bacteroidia,Bacteroidales  ,Tannerellaceae  ,Parabacteroides   ,Parabacteroides distasonis
ASV_4849,Bacteria,Firmicutes,Negativicutes,Veillonellales-Selenomonadales  ,Veillonellaceae  ,Veillonella   ,uncultured organism
ASV_4850,Bacteria,Firmicutes,Clostridia,Lachnospirales  ,Lachnospiraceae  ,Blautia   ,Blautia sp.
ASV_4851,Bacteria,Firmicutes,Clostridia,Lachnospirales  ,Lachnospiraceae  ,Agathobacter   ,Eubacterium ramulus
ASV_4852,Bacteria,Firmicutes,Clostridia,Lachnospirales  ,Lachnospiraceae  ,Frisingicoccus   ,uncultured organism
ASV_4853,Bacteria,Bacteroidota,Bacteroidia,Bacteroidales  ,Rikenellaceae  ,Alistipes   ,Alistipes inops
ASV_4854,Bacteria,Firmicutes,Negativicutes,Veillonellales-Selenomonadales  ,Veillonellaceae  ,Megasphaera   ,NA
ASV_4855,Bacteria,Bacteroidota,Bacteroidia,Bacteroidales  ,Bacteroidaceae  ,Bacteroides   ,unidentified 
ASV_4856,Bacteria,Firmicutes,Clostridia,Christensenellales  ,Christensenellaceae  ,Christensenellaceae R-7 group ,Clostridiales bacterium
ASV_4857,Bacteria,Firmicutes,Clostridia,Oscillospirales  ,Oscillospiraceae  ,NA,NA
ASV_4858,Bacteria,Bacteroidota,Bacteroidia,Bacteroidales  ,Rikenellaceae  ,Alistipes   ,uncultured organism
ASV_4859,Bacteria,Bacteroidota,Bacteroidia,Bacteroidales  ,Bacteroidaceae  ,Bacteroides   ,Bacteroides ovatus
ASV_4860,Bacteria,Firmicutes,Clostridia,Lachnospirales  ,Lachnospiraceae  ,Tyzzerella   ,Anaerotignum lactatifermentans
ASV_4861,Bacteria,Bacteroidota,Bacteroidia,Bacteroidales  ,Bacteroidaceae  ,Bacteroides   ,Bacteroides ovatus
ASV_4862,Bacteria,Firmicutes,Clostridia,Lachnospirales  ,Lachnospiraceae  ,Lachnospira   ,NA
ASV_4863,Bacteria,Bacteroidota,Bacteroidia,Bacteroidales  ,Prevotellaceae  ,Paraprevotella   ,metagenome 
ASV_4864,Bacteria,Firmicutes,Negativicutes,Veillonellales-Selenomonadales  ,Veillonellaceae  ,Megasphaera   ,uncultured organism
ASV_4865,Bacteria,Firmicutes,Clostridia,Lachnospirales  ,Lachnospiraceae  ,Coprococcus   ,metagenome 
ASV_4866,Bacteria,Verrucomicrobiota,Verrucomicrobiae,Verrucomicrobiales  ,Akkermansiaceae  ,Akkermansia   ,uncultured bacterium
ASV_4867,Bacteria,Proteobacteria,Gammaproteobacteria,Burkholderiales  ,Sutterellaceae  ,Sutterella   ,NA
ASV_4868,Bacteria,Firmicutes,Clostridia,Lachnospirales  ,Lachnospiraceae  ,Roseburia   ,uncultured Roseburia
ASV_4869,Bacteria,Firmicutes,Clostridia,Lachnospirales  ,Lachnospiraceae  ,Lachnoclostridium   ,NA
ASV_4870,Bacteria,Firmicutes,Clostridia,Lachnospirales  ,Lachnospiraceae  ,Blautia   ,NA
ASV_4871,Bacteria,Proteobacteria,Gammaproteobacteria,Burkholderiales  ,Sutterellaceae  ,Sutterella   ,gut metagenome
ASV_4872,Bacteria,Firmicutes,Clostridia,Lachnospirales  ,Lachnospiraceae  ,uncultured   ,human gut
ASV_4873,Bacteria,Firmicutes,Clostridia,Oscillospirales  ,UCG-010  ,UCG-010   ,NA
ASV_4874,Bacteria,Firmicutes,Clostridia,Oscillospirales  ,Ruminococcaceae  ,Faecalibacterium   ,NA
ASV_4875,Bacteria,Firmicutes,Clostridia,Lachnospirales  ,Lachnospiraceae  ,Lachnospira   ,NA
ASV_4876,Bacteria,Bacteroidota,Bacteroidia,Bacteroidales  ,Bacteroidaceae  ,Bacteroides   ,Bacteroides uniformis
ASV_4877,Bacteria,Bacteroidota,Bacteroidia,Bacteroidales  ,Rikenellaceae  ,Alistipes   ,Alistipes indistinctus
ASV_4878,Bacteria,Bacteroidota,Bacteroidia,Bacteroidales  ,Bacteroidaceae  ,Bacteroides   ,Bacteroides cellulosilyticus
ASV_4879,Bacteria,Firmicutes,Clostridia,Monoglobales  ,Monoglobaceae  ,Monoglobus   ,Monoglobus pectinilyticus
ASV_4880,Bacteria,Bacteroidota,Bacteroidia,Bacteroidales  ,Bacteroidaceae  ,Bacteroides   ,Bacteroides thetaiotaomicron
ASV_4881,Bacteria,Firmicutes,Clostridia,Monoglobales  ,Monoglobaceae  ,Monoglobus   ,uncultured Clostridiales
ASV_4882,Bacteria,Bacteroidota,Bacteroidia,Bacteroidales  ,Prevotellaceae  ,Paraprevotella   ,metagenome 
ASV_4883,Bacteria,Bacteroidota,Bacteroidia,Bacteroidales  ,Bacteroidaceae  ,Bacteroides   ,Bacteroides ovatus
ASV_4884,Bacteria,Firmicutes,Clostridia,Lachnospirales  ,Lachnospiraceae  ,Sellimonas   ,uncultured bacterium
ASV_4885,Bacteria,Bacteroidota,Bacteroidia,Bacteroidales  ,Tannerellaceae  ,Parabacteroides   ,Parabacteroides distasonis
ASV_4886,Bacteria,Firmicutes,Negativicutes,Veillonellales-Selenomonadales  ,Veillonellaceae  ,Dialister   ,Dialister sp.
ASV_4887,Bacteria,Firmicutes,Clostridia,Lachnospirales  ,Lachnospiraceae  ,Ruminococcus torques group ,Ruminococcus lactaris
ASV_4888,Bacteria,Firmicutes,Clostridia,Lachnospirales  ,Lachnospiraceae  ,Agathobacter   ,Eubacterium ramulus
ASV_4889,Bacteria,Firmicutes,Clostridia,Lachnospirales  ,Lachnospiraceae  ,Tyzzerella   ,unidentified 
ASV_4890,Bacteria,Firmicutes,Clostridia,Lachnospirales  ,Lachnospiraceae  ,Lachnospiraceae UCG-001  ,metagenome 
ASV_4891,Bacteria,Firmicutes,Clostridia,Lachnospirales  ,Lachnospiraceae  ,Lachnospiraceae FCS020 group ,uncultured organism
ASV_4892,Bacteria,Firmicutes,Clostridia,Lachnospirales  ,Lachnospiraceae  ,Eubacterium ventriosum group ,uncultured Lachnospiraceae
ASV_4893,Bacteria,Cyanobacteria,Vampirivibrionia,Gastranaerophilales  ,Gastranaerophilales  ,Gastranaerophilales   ,Acinetobacter sp.
ASV_4894,Bacteria,Firmicutes,NA,NA,NA,NA,NA
ASV_4895,Bacteria,Firmicutes,Clostridia,Lachnospirales  ,Lachnospiraceae  ,UC5-1-2E3   ,Clostridia bacterium
ASV_4896,Bacteria,Firmicutes,Negativicutes,Acidaminococcales  ,Acidaminococcaceae  ,Acidaminococcus   ,uncultured organism
ASV_4897,Bacteria,Bacteroidota,Bacteroidia,Bacteroidales  ,Dysgonomonadaceae  ,Dysgonomonas   ,Dysgonomonas capnocytophagoides
ASV_4898,Bacteria,Firmicutes,Clostridia,Oscillospirales  ,Oscillospiraceae  ,UCG-005   ,gut metagenome
ASV_4899,Bacteria,Bacteroidota,Bacteroidia,Bacteroidales  ,Barnesiellaceae  ,Barnesiella   ,uncultured organism
ASV_4900,Bacteria,Firmicutes,Clostridia,Lachnospirales  ,Lachnospiraceae  ,Lachnospiraceae UCG-004  ,uncultured organism
ASV_4901,Bacteria,Firmicutes,Clostridia,Oscillospirales  ,Ruminococcaceae  ,NA,NA
ASV_4902,Bacteria,Firmicutes,Clostridia,Oscillospirales  ,Eubacterium coprostanoligenes group,Eubacterium coprostanoligenes group ,metagenome 
ASV_4903,Bacteria,Bacteroidota,Bacteroidia,Bacteroidales  ,Rikenellaceae  ,Alistipes   ,Bacteroides sp.
ASV_4904,Bacteria,Firmicutes,Clostridia,Lachnospirales  ,Lachnospiraceae  ,CAG-56   ,uncultured bacterium
ASV_4905,Bacteria,Proteobacteria,Alphaproteobacteria,Rhodospirillales  ,uncultured  ,uncultured   ,gut metagenome
ASV_4906,Bacteria,Firmicutes,Clostridia,Peptococcales  ,Peptococcaceae  ,uncultured   ,unidentified 
ASV_4907,Bacteria,Firmicutes,Clostridia,Lachnospirales  ,Lachnospiraceae  ,Lachnoclostridium   ,human gut
ASV_4908,Bacteria,Bacteroidota,Bacteroidia,Bacteroidales  ,Bacteroidaceae  ,Bacteroides   ,Bacteroides intestinalis
ASV_4909,Bacteria,Firmicutes,Clostridia,Oscillospirales  ,Oscillospiraceae  ,uncultured   ,uncultured bacterium
ASV_4910,Bacteria,Bacteroidota,Bacteroidia,Bacteroidales  ,Bacteroidaceae  ,Bacteroides   ,Bacteroides ovatus
ASV_4911,Bacteria,Proteobacteria,Gammaproteobacteria,Burkholderiales  ,Sutterellaceae  ,Sutterella   ,uncultured bacterium
ASV_4912,Bacteria,Bacteroidota,Bacteroidia,Bacteroidales  ,Rikenellaceae  ,Alistipes   ,Alistipes sp.
ASV_4913,Bacteria,Bacteroidota,Bacteroidia,Bacteroidales  ,Bacteroidaceae  ,Bacteroides   ,Bacteroides vulgatus
ASV_4914,Bacteria,Bacteroidota,Bacteroidia,Bacteroidales  ,Prevotellaceae  ,Prevotella 9  ,metagenome 
ASV_4915,Bacteria,Bacteroidota,Bacteroidia,Bacteroidales  ,Bacteroidaceae  ,Bacteroides   ,Bacteroides cellulosilyticus
ASV_4916,Bacteria,Bacteroidota,Bacteroidia,Bacteroidales  ,Tannerellaceae  ,Parabacteroides   ,Parabacteroides distasonis
ASV_4917,Bacteria,Firmicutes,Clostridia,Oscillospirales  ,Butyricicoccaceae  ,Butyricicoccus   ,uncultured organism
ASV_4918,Bacteria,Firmicutes,Clostridia,Oscillospirales  ,Butyricicoccaceae  ,Butyricicoccus   ,uncultured organism
ASV_4919,Bacteria,Firmicutes,Clostridia,Oscillospirales  ,Eubacterium coprostanoligenes group,Eubacterium coprostanoligenes group ,human gut
ASV_4920,Bacteria,Firmicutes,Clostridia,Oscillospirales  ,Ruminococcaceae  ,Incertae Sedis  ,Clostridium leptum
ASV_4921,Bacteria,Firmicutes,Negativicutes,Veillonellales-Selenomonadales  ,Veillonellaceae  ,Megasphaera   ,uncultured organism
ASV_4922,Bacteria,Bacteroidota,Bacteroidia,Bacteroidales  ,Rikenellaceae  ,Alistipes   ,Alistipes sp.
ASV_4923,Bacteria,Firmicutes,Bacilli,Erysipelotrichales  ,Erysipelatoclostridiaceae  ,Erysipelatoclostridium   ,Erysipelatoclostridium ramosum
ASV_4924,Bacteria,Firmicutes,Clostridia,Oscillospirales  ,Ruminococcaceae  ,Incertae Sedis  ,Clostridium sp.
ASV_4925,Bacteria,Bacteroidota,Bacteroidia,Bacteroidales  ,Prevotellaceae  ,Paraprevotella   ,Paraprevotella xylaniphila
ASV_4926,Bacteria,Firmicutes,Clostridia,Oscillospirales  ,Eubacterium coprostanoligenes group,Eubacterium coprostanoligenes group ,Eubacterium coprostanoligenes
ASV_4927,Bacteria,Firmicutes,Clostridia,Lachnospirales  ,Lachnospiraceae  ,Ruminococcus torques group ,Ruminococcus faecis
ASV_4928,Bacteria,Firmicutes,Clostridia,Oscillospirales  ,Ruminococcaceae  ,Incertae Sedis  ,Carnobacterium sp.
ASV_4929,Bacteria,Bacteroidota,Bacteroidia,Bacteroidales  ,Bacteroidaceae  ,Bacteroides   ,Bacteroides fragilis
ASV_4930,Bacteria,Firmicutes,Clostridia,Oscillospirales  ,Ruminococcaceae  ,CAG-352   ,uncultured bacterium
ASV_4931,Bacteria,Bacteroidota,Bacteroidia,Bacteroidales  ,Bacteroidaceae  ,Bacteroides   ,Bacteroides vulgatus
ASV_4932,Bacteria,Bacteroidota,Bacteroidia,Bacteroidales  ,Bacteroidaceae  ,Bacteroides   ,Bacteroides ovatus
ASV_4933,Bacteria,Firmicutes,Clostridia,Peptostreptococcales-Tissierellales  ,Anaerovoracaceae  ,Family XIII UCG-001 ,uncultured bacterium
ASV_4934,Bacteria,Bacteroidota,Bacteroidia,Bacteroidales  ,Tannerellaceae  ,Parabacteroides   ,Parabacteroides distasonis
ASV_4935,Bacteria,Firmicutes,Clostridia,Oscillospirales  ,Eubacterium coprostanoligenes group,Eubacterium coprostanoligenes group ,gut metagenome
ASV_4936,Bacteria,Bacteroidota,Bacteroidia,Bacteroidales  ,Bacteroidaceae  ,Bacteroides   ,Bacteroides coprocola
ASV_4937,Bacteria,Firmicutes,Clostridia,Oscillospirales  ,Butyricicoccaceae  ,Butyricicoccus   ,uncultured organism
ASV_4938,Bacteria,Bacteroidota,Bacteroidia,Bacteroidales  ,Prevotellaceae  ,Paraprevotella   ,Paraprevotella clara
ASV_4939,Bacteria,Firmicutes,Clostridia,Lachnospirales  ,Lachnospiraceae  ,Tyzzerella   ,unidentified 
ASV_4940,Bacteria,Bacteroidota,Bacteroidia,Bacteroidales  ,Tannerellaceae  ,Parabacteroides   ,Parabacteroides distasonis
ASV_4941,Bacteria,Bacteroidota,Bacteroidia,Bacteroidales  ,Tannerellaceae  ,Parabacteroides   ,Parabacteroides distasonis
ASV_4942,Bacteria,Firmicutes,Clostridia,Oscillospirales  ,Oscillospiraceae  ,uncultured   ,Pseudoflavonifractor sp.
ASV_4943,Bacteria,Firmicutes,Clostridia,Lachnospirales  ,Lachnospiraceae  ,Tyzzerella   ,Anaerotignum lactatifermentans
ASV_4944,Bacteria,Bacteroidota,Bacteroidia,Bacteroidales  ,Bacteroidaceae  ,Bacteroides   ,Bacteroides massiliensis
ASV_4945,Bacteria,Firmicutes,Clostridia,Lachnospirales  ,Lachnospiraceae  ,Agathobacter   ,uncultured bacterium
ASV_4946,Bacteria,Bacteroidota,Bacteroidia,Bacteroidales  ,Tannerellaceae  ,Parabacteroides   ,Parabacteroides distasonis
ASV_4947,Bacteria,Bacteroidota,Bacteroidia,Bacteroidales  ,Bacteroidaceae  ,Bacteroides   ,Bacteroides plebeius
ASV_4948,Bacteria,Bacteroidota,Bacteroidia,Bacteroidales  ,Marinifilaceae  ,Butyricimonas   ,uncultured organism
ASV_4949,Bacteria,Bacteroidota,Bacteroidia,Bacteroidales  ,Prevotellaceae  ,Prevotella 9  ,uncultured organism
ASV_4950,Bacteria,Firmicutes,Clostridia,Oscillospirales  ,Ruminococcaceae  ,uncultured   ,NA
ASV_4951,Bacteria,Firmicutes,Clostridia,Lachnospirales  ,Lachnospiraceae  ,Lachnoclostridium   ,bacterium NLAE-zl-G121
ASV_4952,Bacteria,Firmicutes,Bacilli,Lactobacillales  ,Enterococcaceae  ,Enterococcus   ,Enterococcus durans
ASV_4953,Bacteria,Bacteroidota,Bacteroidia,Bacteroidales  ,Prevotellaceae  ,Prevotella   ,gut metagenome
ASV_4954,Bacteria,Firmicutes,Clostridia,Lachnospirales  ,Lachnospiraceae  ,Tyzzerella   ,unidentified 
ASV_4955,Bacteria,Bacteroidota,Bacteroidia,Bacteroidales  ,Rikenellaceae  ,Alistipes   ,NA
ASV_4956,Bacteria,Firmicutes,Clostridia,Lachnospirales  ,Lachnospiraceae  ,Eubacterium eligens group ,uncultured organism
ASV_4957,Bacteria,Firmicutes,Clostridia,Oscillospirales  ,Oscillospiraceae  ,Oscillibacter   ,uncultured organism
ASV_4958,Bacteria,Firmicutes,Clostridia,Lachnospirales  ,Lachnospiraceae  ,Lachnospiraceae UCG-004  ,uncultured organism
ASV_4959,Bacteria,Firmicutes,Bacilli,Erysipelotrichales  ,Erysipelatoclostridiaceae  ,Erysipelotrichaceae UCG-003  ,uncultured bacterium
ASV_4960,Bacteria,Firmicutes,Clostridia,Oscillospirales  ,Oscillospiraceae  ,UCG-005   ,uncultured prokaryote
ASV_4961,Bacteria,Firmicutes,Clostridia,Lachnospirales  ,Lachnospiraceae  ,Dorea   ,uncultured Dorea
ASV_4962,Bacteria,Bacteroidota,Bacteroidia,Bacteroidales  ,Bacteroidaceae  ,Bacteroides   ,Bacteroides vulgatus
ASV_4963,Bacteria,Bacteroidota,Bacteroidia,Bacteroidales  ,Bacteroidaceae  ,Bacteroides   ,Bacteroides ovatus
ASV_4964,Bacteria,Firmicutes,Clostridia,Lachnospirales  ,Lachnospiraceae  ,Lachnospiraceae UCG-008  ,uncultured organism
ASV_4965,Bacteria,Firmicutes,Clostridia,Oscillospirales  ,Ruminococcaceae  ,Subdoligranulum   ,uncultured organism
ASV_4966,Bacteria,Firmicutes,Clostridia,Oscillospirales  ,Oscillospiraceae  ,UCG-003   ,uncultured bacterium
ASV_4967,Bacteria,Proteobacteria,Gammaproteobacteria,Burkholderiales  ,Sutterellaceae  ,Parasutterella   ,uncultured organism
ASV_4968,Bacteria,Proteobacteria,Gammaproteobacteria,Burkholderiales  ,Sutterellaceae  ,Sutterella   ,gut metagenome
ASV_4969,Bacteria,Bacteroidota,Bacteroidia,Bacteroidales  ,Marinifilaceae  ,Butyricimonas   ,uncultured bacterium
ASV_4970,Bacteria,Firmicutes,Clostridia,Lachnospirales  ,Lachnospiraceae  ,Eubacterium hallii group ,uncultured organism
ASV_4971,Bacteria,Firmicutes,Clostridia,Lachnospirales  ,Lachnospiraceae  ,Eubacterium hallii group ,uncultured organism
ASV_4972,Bacteria,Firmicutes,Clostridia,Lachnospirales  ,Lachnospiraceae  ,CAG-56   ,uncultured bacterium
ASV_4973,Bacteria,Firmicutes,Clostridia,Lachnospirales  ,Lachnospiraceae  ,Sellimonas   ,uncultured bacterium
ASV_4974,Bacteria,Bacteroidota,Bacteroidia,Bacteroidales  ,Bacteroidaceae  ,Bacteroides   ,Bacteroides vulgatus
ASV_4975,Bacteria,Firmicutes,Bacilli,Erysipelotrichales  ,Erysipelatoclostridiaceae  ,Erysipelatoclostridium   ,Erysipelatoclostridium ramosum
ASV_4976,Bacteria,Proteobacteria,Gammaproteobacteria,Burkholderiales  ,Sutterellaceae  ,Sutterella   ,Sutterellaceae bacterium
ASV_4977,Bacteria,Bacteroidota,Bacteroidia,Bacteroidales  ,Rikenellaceae  ,Alistipes   ,Alistipes inops
ASV_4978,Bacteria,Firmicutes,Clostridia,Oscillospirales  ,Oscillospiraceae  ,Colidextribacter   ,Anaerostipes hadrus
ASV_4979,Bacteria,Bacteroidota,Bacteroidia,Bacteroidales  ,Bacteroidaceae  ,Bacteroides   ,unidentified 
ASV_4980,Bacteria,Bacteroidota,Bacteroidia,Bacteroidales  ,Bacteroidaceae  ,Bacteroides   ,Bacteroides uniformis
ASV_4981,Bacteria,Firmicutes,Clostridia,Oscillospirales  ,Eubacterium coprostanoligenes group,Eubacterium coprostanoligenes group ,metagenome 
ASV_4982,Bacteria,Firmicutes,Clostridia,Oscillospirales  ,Ruminococcaceae  ,CAG-352   ,uncultured bacterium
ASV_4983,Bacteria,Firmicutes,Clostridia,Lachnospirales  ,Lachnospiraceae  ,Lachnoclostridium   ,NA
ASV_4984,Bacteria,Firmicutes,Clostridia,Peptostreptococcales-Tissierellales  ,Peptostreptococcaceae  ,Romboutsia   ,uncultured bacterium
ASV_4985,Bacteria,Firmicutes,Negativicutes,Acidaminococcales  ,Acidaminococcaceae  ,Phascolarctobacterium   ,uncultured Veillonellaceae
ASV_4986,Bacteria,Firmicutes,Clostridia,Oscillospirales  ,Oscillospiraceae  ,uncultured   ,uncultured organism
ASV_4987,Bacteria,Firmicutes,Clostridia,Oscillospirales  ,Ruminococcaceae  ,Ruminococcus   ,uncultured Ruminococcus
ASV_4988,Bacteria,Firmicutes,Clostridia,Oscillospirales  ,Ruminococcaceae  ,Eubacterium siraeum group ,Eubacterium siraeum
ASV_4989,Bacteria,Bacteroidota,Bacteroidia,Bacteroidales  ,Bacteroidaceae  ,Bacteroides   ,Bacteroides clarus
ASV_4990,Bacteria,Firmicutes,Clostridia,Lachnospirales  ,Lachnospiraceae  ,Roseburia   ,Roseburia hominis
ASV_4991,Bacteria,Bacteroidota,Bacteroidia,Bacteroidales  ,Tannerellaceae  ,Parabacteroides   ,Parabacteroides distasonis
ASV_4992,Bacteria,Bacteroidota,Bacteroidia,Bacteroidales  ,Bacteroidaceae  ,Bacteroides   ,Bacteroides ovatus
ASV_4993,Bacteria,Bacteroidota,Bacteroidia,Bacteroidales  ,Bacteroidaceae  ,Bacteroides   ,Bacteroides fragilis
ASV_4994,Bacteria,Proteobacteria,Alphaproteobacteria,Rhodospirillales  ,uncultured  ,uncultured   ,gut metagenome
ASV_4995,Bacteria,Firmicutes,Negativicutes,Veillonellales-Selenomonadales  ,Veillonellaceae  ,Veillonella   ,NA
ASV_4996,Bacteria,Bacteroidota,Bacteroidia,Bacteroidales  ,Tannerellaceae  ,Parabacteroides   ,Parabacteroides distasonis
ASV_4997,Bacteria,Firmicutes,Clostridia,Oscillospirales  ,Ruminococcaceae  ,Faecalibacterium   ,NA
ASV_4998,Bacteria,Actinobacteriota,Actinobacteria,Bifidobacteriales  ,Bifidobacteriaceae  ,Bifidobacterium   ,Bifidobacterium longum
ASV_4999,Bacteria,Bacteroidota,Bacteroidia,Bacteroidales  ,Prevotellaceae  ,Paraprevotella   ,Paraprevotella clara
ASV_5000,Bacteria,Firmicutes,Clostridia,Lachnospirales  ,Lachnospiraceae  ,Coprococcus   ,metagenome 
ASV_5001,Bacteria,Firmicutes,Clostridia,Lachnospirales  ,Lachnospiraceae  ,Roseburia   ,uncultured organism
ASV_5002,Bacteria,Bacteroidota,Bacteroidia,Bacteroidales  ,Bacteroidaceae  ,Bacteroides   ,Bacteroides thetaiotaomicron
ASV_5003,Bacteria,Actinobacteriota,Coriobacteriia,Coriobacteriales  ,Eggerthellaceae  ,Adlercreutzia   ,uncultured bacterium
ASV_5004,Bacteria,Firmicutes,Clostridia,Lachnospirales  ,Lachnospiraceae  ,Agathobacter   ,uncultured bacterium
ASV_5005,Bacteria,Proteobacteria,Gammaproteobacteria,Burkholderiales  ,Sutterellaceae  ,Sutterella   ,Burkholderia sp.
ASV_5006,Bacteria,Firmicutes,Clostridia,Oscillospirales  ,Oscillospiraceae  ,UCG-005   ,uncultured prokaryote
ASV_5007,Bacteria,Bacteroidota,Bacteroidia,Bacteroidales  ,Bacteroidaceae  ,Bacteroides   ,unidentified 
ASV_5008,Bacteria,Firmicutes,NA,NA,NA,NA,NA
ASV_5009,Bacteria,Bacteroidota,Bacteroidia,Bacteroidales  ,Rikenellaceae  ,Alistipes   ,Alistipes indistinctus
ASV_5010,Bacteria,Firmicutes,Clostridia,Oscillospirales  ,Eubacterium coprostanoligenes group,Eubacterium coprostanoligenes group ,unidentified 
ASV_5011,Bacteria,Bacteroidota,Bacteroidia,Bacteroidales  ,Bacteroidaceae  ,Bacteroides   ,Bacteroides massiliensis
ASV_5012,Bacteria,Firmicutes,Clostridia,Oscillospirales  ,Ruminococcaceae  ,Faecalibacterium   ,metagenome 
ASV_5013,Bacteria,Firmicutes,Clostridia,Lachnospirales  ,Lachnospiraceae  ,Anaerostipes   ,metagenome 
ASV_5014,Bacteria,Firmicutes,Clostridia,Lachnospirales  ,Lachnospiraceae  ,Ruminococcus gnavus group ,uncultured bacterium
ASV_5015,Bacteria,Bacteroidota,Bacteroidia,Bacteroidales  ,Bacteroidaceae  ,Bacteroides   ,Bacteroides thetaiotaomicron
ASV_5016,Bacteria,Firmicutes,Clostridia,Lachnospirales  ,Lachnospiraceae  ,Tyzzerella   ,Anaerotignum lactatifermentans
ASV_5017,Bacteria,Firmicutes,Clostridia,Lachnospirales  ,Lachnospiraceae  ,Lachnoclostridium   ,NA
ASV_5018,Bacteria,Firmicutes,Clostridia,Oscillospirales  ,Eubacterium coprostanoligenes group,Eubacterium coprostanoligenes group ,unidentified 
ASV_5019,Bacteria,Firmicutes,Clostridia,Lachnospirales  ,Lachnospiraceae  ,Ruminococcus gnavus group ,uncultured bacterium
ASV_5020,Bacteria,Firmicutes,Clostridia,Oscillospirales  ,Oscillospiraceae  ,UCG-003   ,uncultured bacterium
ASV_5021,Bacteria,Firmicutes,Clostridia,Lachnospirales  ,Lachnospiraceae  ,Roseburia   ,uncultured organism
ASV_5022,Bacteria,Firmicutes,Clostridia,Oscillospirales  ,Ruminococcaceae  ,Eubacterium siraeum group ,Eubacterium siraeum
ASV_5023,Bacteria,Firmicutes,Clostridia,Oscillospirales  ,Oscillospiraceae  ,UCG-005   ,uncultured organism
ASV_5024,Bacteria,Firmicutes,Clostridia,Lachnospirales  ,Lachnospiraceae  ,Blautia   ,NA
ASV_5025,Bacteria,Bacteroidota,Bacteroidia,Bacteroidales  ,Bacteroidaceae  ,Bacteroides   ,Bacteroides ovatus
ASV_5026,Bacteria,Bacteroidota,Bacteroidia,Bacteroidales  ,Prevotellaceae  ,Paraprevotella   ,Paraprevotella xylaniphila
ASV_5027,Bacteria,Actinobacteriota,Actinobacteria,Bifidobacteriales  ,Bifidobacteriaceae  ,Bifidobacterium   ,NA
ASV_5028,Bacteria,Bacteroidota,Bacteroidia,Bacteroidales  ,Bacteroidaceae  ,Bacteroides   ,Bacteroides uniformis
ASV_5029,Bacteria,Firmicutes,Clostridia,Lachnospirales  ,Lachnospiraceae  ,Sellimonas   ,uncultured bacterium
ASV_5030,Bacteria,Firmicutes,Clostridia,Lachnospirales  ,Lachnospiraceae  ,Coprococcus   ,uncultured organism
ASV_5031,Bacteria,Firmicutes,Clostridia,Oscillospirales  ,Oscillospiraceae  ,NK4A214 group  ,uncultured organism
ASV_5032,Bacteria,Firmicutes,Incertae Sedis,DTU014  ,DTU014  ,DTU014   ,unidentified 
ASV_5033,Bacteria,Firmicutes,Clostridia,Lachnospirales  ,Lachnospiraceae  ,Agathobacter   ,Eubacterium ramulus
ASV_5034,Bacteria,Firmicutes,Clostridia,Lachnospirales  ,Lachnospiraceae  ,Blautia   ,NA
ASV_5035,Bacteria,Bacteroidota,Bacteroidia,Bacteroidales  ,Rikenellaceae  ,Alistipes   ,Alistipes inops
ASV_5036,Bacteria,Firmicutes,Clostridia,Lachnospirales  ,Lachnospiraceae  ,Lachnospiraceae UCG-004  ,uncultured organism
ASV_5037,Bacteria,Bacteroidota,Bacteroidia,Bacteroidales  ,Bacteroidaceae  ,Bacteroides   ,Bacteroides ovatus
ASV_5038,Bacteria,Firmicutes,Clostridia,Oscillospirales  ,Oscillospiraceae  ,UCG-003   ,uncultured bacterium
ASV_5039,Bacteria,Firmicutes,Bacilli,Lactobacillales  ,Streptococcaceae  ,Streptococcus   ,Streptococcus salivarius
ASV_5040,Bacteria,Bacteroidota,Bacteroidia,Bacteroidales  ,Bacteroidaceae  ,Bacteroides   ,Bacteroides uniformis
ASV_5041,Bacteria,Firmicutes,Clostridia,Lachnospirales  ,Lachnospiraceae  ,Frisingicoccus   ,uncultured organism
ASV_5042,Bacteria,Firmicutes,Clostridia,Lachnospirales  ,Lachnospiraceae  ,Blautia   ,Ruminococcus sp.
ASV_5043,Bacteria,Firmicutes,Clostridia,Lachnospirales  ,Lachnospiraceae  ,Lachnospiraceae NK4A136 group ,gut metagenome
ASV_5044,Bacteria,Bacteroidota,Bacteroidia,Bacteroidales  ,Tannerellaceae  ,Parabacteroides   ,Parabacteroides distasonis
ASV_5045,Bacteria,Bacteroidota,Bacteroidia,Bacteroidales  ,Rikenellaceae  ,Alistipes   ,Bacteroides sp.
ASV_5046,Bacteria,Firmicutes,Clostridia,Lachnospirales  ,Lachnospiraceae  ,uncultured   ,metagenome 
ASV_5047,Bacteria,Firmicutes,Clostridia,Oscillospirales  ,Ruminococcaceae  ,Eubacterium siraeum group ,Eubacterium siraeum
ASV_5048,Bacteria,Firmicutes,Negativicutes,Acidaminococcales  ,Acidaminococcaceae  ,Phascolarctobacterium   ,uncultured Firmicutes
ASV_5049,Bacteria,Firmicutes,Clostridia,Oscillospirales  ,Ruminococcaceae  ,uncultured   ,NA
ASV_5050,Bacteria,Firmicutes,Clostridia,Lachnospirales  ,Lachnospiraceae  ,Lachnoclostridium   ,human gut
ASV_5051,Bacteria,Firmicutes,Clostridia,Lachnospirales  ,Lachnospiraceae  ,Lachnospiraceae NK4A136 group ,gut metagenome
ASV_5052,Bacteria,Firmicutes,Clostridia,Lachnospirales  ,Lachnospiraceae  ,Dorea   ,uncultured bacterium
ASV_5053,Bacteria,Bacteroidota,Bacteroidia,Bacteroidales  ,Rikenellaceae  ,Alistipes   ,Bacteroides sp.
ASV_5054,Bacteria,Firmicutes,Clostridia,Oscillospirales  ,Ruminococcaceae  ,NA,NA
ASV_5055,Bacteria,Bacteroidota,Bacteroidia,Bacteroidales  ,Rikenellaceae  ,Alistipes   ,Alistipes finegoldii
ASV_5056,Bacteria,Firmicutes,Clostridia,Lachnospirales  ,Lachnospiraceae  ,Roseburia   ,NA
ASV_5057,Bacteria,Firmicutes,Clostridia,Lachnospirales  ,Lachnospiraceae  ,GCA-900066575   ,NA
ASV_5058,Bacteria,Firmicutes,Clostridia,Oscillospirales  ,Oscillospiraceae  ,UCG-005   ,gut metagenome
ASV_5059,Bacteria,Firmicutes,Bacilli,Lactobacillales  ,Streptococcaceae  ,Streptococcus   ,Streptococcus salivarius
ASV_5060,Bacteria,Bacteroidota,Bacteroidia,Bacteroidales  ,Barnesiellaceae  ,Barnesiella   ,uncultured organism
ASV_5061,Bacteria,Bacteroidota,Bacteroidia,Bacteroidales  ,Rikenellaceae  ,Alistipes   ,Alistipes finegoldii
ASV_5062,Bacteria,Desulfobacterota,Desulfovibrionia,Desulfovibrionales  ,Desulfovibrionaceae  ,Bilophila   ,Bilophila wadsworthia
ASV_5063,Bacteria,Firmicutes,Clostridia,Lachnospirales  ,Lachnospiraceae  ,Lachnospiraceae UCG-010  ,uncultured organism
ASV_5064,Bacteria,Firmicutes,Clostridia,Lachnospirales  ,Lachnospiraceae  ,Agathobacter   ,uncultured bacterium
ASV_5065,Bacteria,Bacteroidota,Bacteroidia,Bacteroidales  ,Rikenellaceae  ,Alistipes   ,Alistipes sp.
ASV_5066,Bacteria,Firmicutes,Clostridia,Lachnospirales  ,Lachnospiraceae  ,uncultured   ,Faecalimonas umbilicata
ASV_5067,Bacteria,Bacteroidota,Bacteroidia,Bacteroidales  ,Bacteroidaceae  ,Bacteroides   ,Bacteroides ovatus
ASV_5068,Bacteria,Bacteroidota,Bacteroidia,Bacteroidales  ,Bacteroidaceae  ,Bacteroides   ,Bacteroides vulgatus
ASV_5069,Bacteria,Actinobacteriota,Coriobacteriia,Coriobacteriales  ,Coriobacteriales Incertae Sedis,uncultured   ,uncultured organism
ASV_5070,Bacteria,Actinobacteriota,Actinobacteria,Bifidobacteriales  ,Bifidobacteriaceae  ,Bifidobacterium   ,Bifidobacterium longum
ASV_5071,Bacteria,Firmicutes,Clostridia,Lachnospirales  ,Lachnospiraceae  ,NA,NA
ASV_5072,Bacteria,Firmicutes,Clostridia,Lachnospirales  ,Lachnospiraceae  ,Dorea   ,NA
ASV_5073,Bacteria,Bacteroidota,Bacteroidia,Bacteroidales  ,Muribaculaceae  ,Muribaculaceae   ,uncultured bacterium
ASV_5074,Bacteria,Firmicutes,Clostridia,Oscillospirales  ,Ruminococcaceae  ,NA,NA
ASV_5075,Bacteria,Firmicutes,Clostridia,Oscillospirales  ,Ruminococcaceae  ,Faecalibacterium   ,uncultured Faecalibacterium
ASV_5076,Bacteria,Bacteroidota,Bacteroidia,Bacteroidales  ,Barnesiellaceae  ,Barnesiella   ,uncultured organism
ASV_5077,Bacteria,Firmicutes,Clostridia,Lachnospirales  ,Lachnospiraceae  ,NA,NA
ASV_5078,Bacteria,Firmicutes,Clostridia,Oscillospirales  ,Eubacterium coprostanoligenes group,Eubacterium coprostanoligenes group ,human gut
ASV_5079,Bacteria,Firmicutes,Clostridia,Lachnospirales  ,Lachnospiraceae  ,Lachnospira   ,gut metagenome
ASV_5080,Bacteria,Bacteroidota,Bacteroidia,Bacteroidales  ,Rikenellaceae  ,Alistipes   ,NA
ASV_5081,Bacteria,Firmicutes,Clostridia,Clostridiales  ,Clostridiaceae  ,Clostridium sensu stricto 1,metagenome 
ASV_5082,Bacteria,Firmicutes,Clostridia,Oscillospirales  ,Ruminococcaceae  ,Faecalibacterium   ,NA
ASV_5083,Bacteria,Firmicutes,Clostridia,Lachnospirales  ,Lachnospiraceae  ,Lachnospiraceae NK4A136 group ,gut metagenome
ASV_5084,Bacteria,Proteobacteria,Alphaproteobacteria,Rhodospirillales  ,uncultured  ,uncultured   ,gut metagenome
ASV_5085,Bacteria,Bacteroidota,Bacteroidia,Bacteroidales  ,Rikenellaceae  ,Alistipes   ,Alistipes finegoldii
ASV_5086,Bacteria,Firmicutes,Clostridia,Lachnospirales  ,Lachnospiraceae  ,Lachnospira   ,uncultured organism
ASV_5087,Bacteria,Firmicutes,Clostridia,Lachnospirales  ,Lachnospiraceae  ,Lachnospiraceae UCG-001  ,metagenome 
ASV_5088,Bacteria,Firmicutes,Clostridia,Lachnospirales  ,Lachnospiraceae  ,GCA-900066575   ,uncultured bacterium
ASV_5089,Bacteria,Bacteroidota,Bacteroidia,Bacteroidales  ,Bacteroidaceae  ,Bacteroides   ,Bacteroides plebeius
ASV_5090,Bacteria,Firmicutes,Clostridia,Lachnospirales  ,Lachnospiraceae  ,Dorea   ,NA
ASV_5091,Bacteria,Firmicutes,Clostridia,Oscillospirales  ,Oscillospiraceae  ,NA,NA
ASV_5092,Bacteria,Firmicutes,Clostridia,Clostridia UCG-014 ,Clostridia UCG-014 ,Clostridia UCG-014  ,NA
ASV_5093,Bacteria,Bacteroidota,Bacteroidia,Bacteroidales  ,Bacteroidaceae  ,Bacteroides   ,Bacteroides ovatus
ASV_5094,Bacteria,Firmicutes,Clostridia,Oscillospirales  ,Ruminococcaceae  ,Eubacterium siraeum group ,NA
ASV_5095,Bacteria,Firmicutes,Clostridia,Oscillospirales  ,Oscillospiraceae  ,Intestinimonas   ,uncultured organism
ASV_5096,Bacteria,Bacteroidota,Bacteroidia,Bacteroidales  ,Marinifilaceae  ,Butyricimonas   ,uncultured organism
ASV_5097,Bacteria,Firmicutes,Bacilli,Lactobacillales  ,Streptococcaceae  ,Streptococcus   ,Streptococcus australis
ASV_5098,Bacteria,Firmicutes,Clostridia,Lachnospirales  ,Lachnospiraceae  ,Eubacterium hallii group ,uncultured organism
ASV_5099,Bacteria,Bacteroidota,Bacteroidia,Bacteroidales  ,Bacteroidaceae  ,Bacteroides   ,Bacteroides coprocola
ASV_5100,Bacteria,Actinobacteriota,Coriobacteriia,Coriobacteriales  ,Eggerthellaceae  ,Eggerthella   ,uncultured bacterium
ASV_5101,Bacteria,Bacteroidota,Bacteroidia,Bacteroidales  ,Marinifilaceae  ,Butyricimonas   ,uncultured organism
ASV_5102,Bacteria,Actinobacteriota,Coriobacteriia,Coriobacteriales  ,Eggerthellaceae  ,Eggerthella   ,uncultured bacterium
ASV_5103,Bacteria,Bacteroidota,Bacteroidia,Bacteroidales  ,Bacteroidaceae  ,Bacteroides   ,Bacteroides finegoldii
ASV_5104,Bacteria,Bacteroidota,Bacteroidia,Bacteroidales  ,Tannerellaceae  ,Parabacteroides   ,Parabacteroides merdae
ASV_5105,Bacteria,Actinobacteriota,Coriobacteriia,Coriobacteriales  ,Eggerthellaceae  ,uncultured   ,metagenome 
ASV_5106,Bacteria,Bacteroidota,Bacteroidia,Bacteroidales  ,Prevotellaceae  ,Paraprevotella   ,uncultured bacterium
ASV_5107,Bacteria,Bacteroidota,Bacteroidia,Bacteroidales  ,Bacteroidaceae  ,Bacteroides   ,Bacteroides ovatus
ASV_5108,Bacteria,Bacteroidota,Bacteroidia,Bacteroidales  ,Tannerellaceae  ,Parabacteroides   ,Parabacteroides distasonis
ASV_5109,Bacteria,Firmicutes,Clostridia,Lachnospirales  ,Lachnospiraceae  ,Lachnoclostridium   ,human gut
ASV_5110,Bacteria,Bacteroidota,Bacteroidia,Bacteroidales  ,Tannerellaceae  ,Parabacteroides   ,Parabacteroides distasonis
ASV_5111,Bacteria,Firmicutes,Clostridia,Lachnospirales  ,Lachnospiraceae  ,CAG-56   ,uncultured bacterium
ASV_5112,Bacteria,Bacteroidota,Bacteroidia,Bacteroidales  ,Rikenellaceae  ,Alistipes   ,Alistipes indistinctus
ASV_5113,Bacteria,Bacteroidota,Bacteroidia,Bacteroidales  ,Tannerellaceae  ,Parabacteroides   ,Parabacteroides merdae
ASV_5114,Bacteria,Firmicutes,Clostridia,Lachnospirales  ,Lachnospiraceae  ,Ruminococcus torques group ,uncultured organism
ASV_5115,Bacteria,Firmicutes,Negativicutes,Veillonellales-Selenomonadales  ,Veillonellaceae  ,Veillonella   ,Veillonella parvula
ASV_5116,Bacteria,Firmicutes,Negativicutes,Veillonellales-Selenomonadales  ,Selenomonadaceae  ,Megamonas   ,uncultured organism
ASV_5117,Bacteria,Bacteroidota,Bacteroidia,Bacteroidales  ,NA,NA,NA
ASV_5118,Bacteria,Firmicutes,Clostridia,Lachnospirales  ,Lachnospiraceae  ,NA,NA
ASV_5119,Bacteria,Bacteroidota,Bacteroidia,Bacteroidales  ,Rikenellaceae  ,Alistipes   ,Alistipes sp.
ASV_5120,Bacteria,Firmicutes,Clostridia,Lachnospirales  ,Lachnospiraceae  ,Lachnoclostridium   ,Clostridium aldenense
ASV_5121,Bacteria,Firmicutes,Clostridia,Lachnospirales  ,Lachnospiraceae  ,uncultured   ,metagenome 
ASV_5122,Bacteria,Firmicutes,Clostridia,Oscillospirales  ,Ruminococcaceae  ,Faecalibacterium   ,NA
ASV_5123,Bacteria,Firmicutes,Clostridia,Lachnospirales  ,Lachnospiraceae  ,Lachnoclostridium   ,human gut
ASV_5124,Bacteria,Firmicutes,Clostridia,Oscillospirales  ,Oscillospiraceae  ,UCG-002   ,NA
ASV_5125,Bacteria,Firmicutes,Bacilli,Erysipelotrichales  ,Erysipelatoclostridiaceae  ,Candidatus Stoquefichus  ,Longibaculum muris
ASV_5126,Bacteria,Firmicutes,Bacilli,Lactobacillales  ,Streptococcaceae  ,Lactococcus   ,Lactococcus garvieae
ASV_5127,Bacteria,Bacteroidota,Bacteroidia,Bacteroidales  ,Prevotellaceae  ,Prevotella 9  ,metagenome 
ASV_5128,Bacteria,Bacteroidota,Bacteroidia,Bacteroidales  ,Rikenellaceae  ,Alistipes   ,Alistipes shahii
ASV_5129,Bacteria,Proteobacteria,Alphaproteobacteria,Rhodospirillales  ,uncultured  ,uncultured   ,gut metagenome
ASV_5130,Bacteria,Firmicutes,Bacilli,Lactobacillales  ,Streptococcaceae  ,Streptococcus   ,Streptococcus salivarius
ASV_5131,Bacteria,Firmicutes,Clostridia,Lachnospirales  ,Lachnospiraceae  ,Tyzzerella   ,Tyzzerella sp.
ASV_5132,Bacteria,Firmicutes,Clostridia,Lachnospirales  ,Lachnospiraceae  ,Eubacterium eligens group ,uncultured organism
ASV_5133,Bacteria,Firmicutes,Clostridia,Lachnospirales  ,Lachnospiraceae  ,Lachnoclostridium   ,human gut
ASV_5134,Bacteria,Firmicutes,Clostridia,Oscillospirales  ,Ruminococcaceae  ,Faecalibacterium   ,NA
ASV_5135,Bacteria,Verrucomicrobiota,Lentisphaeria,Victivallales  ,Victivallaceae  ,Victivallis   ,uncultured bacterium
ASV_5136,Bacteria,Firmicutes,Clostridia,Lachnospirales  ,Lachnospiraceae  ,Lachnospiraceae UCG-010  ,uncultured organism
ASV_5137,Bacteria,Firmicutes,Clostridia,Oscillospirales  ,Ruminococcaceae  ,Eubacterium siraeum group ,Eubacterium siraeum
ASV_5138,Bacteria,Firmicutes,Clostridia,Lachnospirales  ,Lachnospiraceae  ,Roseburia   ,uncultured organism
ASV_5139,Bacteria,Bacteroidota,Bacteroidia,Bacteroidales  ,Rikenellaceae  ,Alistipes   ,Alistipes shahii
ASV_5140,Bacteria,Firmicutes,Negativicutes,Acidaminococcales  ,Acidaminococcaceae  ,Acidaminococcus   ,uncultured organism
ASV_5141,Bacteria,Bacteroidota,Bacteroidia,Bacteroidales  ,Bacteroidaceae  ,Bacteroides   ,Bacteroides thetaiotaomicron
ASV_5142,Bacteria,Bacteroidota,Bacteroidia,Bacteroidales  ,Bacteroidaceae  ,Bacteroides   ,Bacteroides intestinalis
ASV_5143,Bacteria,Verrucomicrobiota,Lentisphaeria,Victivallales  ,vadinBE97  ,vadinBE97   ,uncultured rumen
ASV_5144,Bacteria,Firmicutes,Clostridia,Oscillospirales  ,Ruminococcaceae  ,Faecalibacterium   ,metagenome 
ASV_5145,Bacteria,Firmicutes,Clostridia,Oscillospirales  ,Ruminococcaceae  ,Faecalibacterium   ,NA
ASV_5146,Bacteria,Firmicutes,Clostridia,Clostridia vadinBB60 group,Clostridia vadinBB60 group,Clostridia vadinBB60 group ,uncultured Thermoanaerobacterales
ASV_5147,Bacteria,Bacteroidota,Bacteroidia,Bacteroidales  ,Rikenellaceae  ,Alistipes   ,Alistipes sp.
ASV_5148,Bacteria,Proteobacteria,Gammaproteobacteria,Burkholderiales  ,Sutterellaceae  ,Sutterella   ,gut metagenome
ASV_5149,Bacteria,Firmicutes,Clostridia,Oscillospirales  ,Ruminococcaceae  ,CAG-352   ,uncultured bacterium
ASV_5150,Bacteria,Firmicutes,Clostridia,Lachnospirales  ,Lachnospiraceae  ,uncultured   ,human gut
ASV_5151,Bacteria,Bacteroidota,Bacteroidia,Bacteroidales  ,Bacteroidaceae  ,Bacteroides   ,Bacteroides uniformis
ASV_5152,Bacteria,Cyanobacteria,Vampirivibrionia,Gastranaerophilales  ,Gastranaerophilales  ,Gastranaerophilales   ,uncultured bacterium
ASV_5153,Bacteria,Firmicutes,Clostridia,Oscillospirales  ,Oscillospiraceae  ,UCG-002   ,uncultured Firmicutes
ASV_5154,Bacteria,Bacteroidota,Bacteroidia,Bacteroidales  ,Tannerellaceae  ,Parabacteroides   ,Parabacteroides merdae
ASV_5155,Bacteria,Bacteroidota,Bacteroidia,Bacteroidales  ,Bacteroidaceae  ,Bacteroides   ,Bacteroides plebeius
ASV_5156,Bacteria,Bacteroidota,Bacteroidia,Bacteroidales  ,Bacteroidaceae  ,Bacteroides   ,Bacteroides vulgatus
ASV_5157,Bacteria,Bacteroidota,Bacteroidia,Bacteroidales  ,Prevotellaceae  ,Prevotella   ,Prevotella stercorea
ASV_5158,Bacteria,Firmicutes,Negativicutes,Veillonellales-Selenomonadales  ,Veillonellaceae  ,Veillonella   ,Veillonella parvula
ASV_5159,Bacteria,Firmicutes,Clostridia,NA,NA,NA,NA
ASV_5160,Bacteria,Bacteroidota,Bacteroidia,Bacteroidales  ,Tannerellaceae  ,Parabacteroides   ,Parabacteroides distasonis
ASV_5161,Bacteria,Firmicutes,Clostridia,Lachnospirales  ,Lachnospiraceae  ,Lachnospiraceae UCG-004  ,uncultured organism
ASV_5162,Bacteria,Firmicutes,Clostridia,Oscillospirales  ,Ruminococcaceae  ,CAG-352   ,uncultured bacterium
ASV_5163,Bacteria,Verrucomicrobiota,Lentisphaeria,Victivallales  ,vadinBE97  ,vadinBE97   ,uncultured rumen
ASV_5164,Bacteria,Firmicutes,Clostridia,Lachnospirales  ,Lachnospiraceae  ,Eubacterium hallii group ,uncultured organism
ASV_5165,Bacteria,Firmicutes,Clostridia,Lachnospirales  ,Lachnospiraceae  ,Roseburia   ,uncultured Roseburia
ASV_5166,Bacteria,Bacteroidota,Bacteroidia,Bacteroidales  ,Tannerellaceae  ,Parabacteroides   ,Parabacteroides johnsonii
ASV_5167,Bacteria,Firmicutes,Clostridia,Lachnospirales  ,Lachnospiraceae  ,Lachnospira   ,uncultured organism
ASV_5168,Bacteria,Firmicutes,Clostridia,Lachnospirales  ,Lachnospiraceae  ,Lachnospiraceae FCS020 group ,uncultured Clostridium
ASV_5169,Bacteria,Firmicutes,Clostridia,Lachnospirales  ,Lachnospiraceae  ,Lachnospiraceae UCG-010  ,uncultured organism
ASV_5170,Bacteria,Firmicutes,Clostridia,Lachnospirales  ,Lachnospiraceae  ,Ruminococcus gauvreauii group ,uncultured Clostridiales
ASV_5171,Bacteria,Bacteroidota,Bacteroidia,Bacteroidales  ,Prevotellaceae  ,Prevotella 9  ,uncultured organism
ASV_5172,Bacteria,Verrucomicrobiota,Verrucomicrobiae,Verrucomicrobiales  ,Akkermansiaceae  ,Akkermansia   ,uncultured bacterium
ASV_5173,Bacteria,Bacteroidota,Bacteroidia,Bacteroidales  ,Bacteroidaceae  ,Bacteroides   ,Bacteroides ovatus
ASV_5174,Bacteria,Proteobacteria,Gammaproteobacteria,Enterobacterales  ,Enterobacteriaceae  ,Escherichia-Shigella   ,Shigella flexneri
ASV_5175,Bacteria,Firmicutes,Clostridia,Oscillospirales  ,Oscillospiraceae  ,Pseudoflavonifractor   ,uncultured bacterium
ASV_5176,Bacteria,Firmicutes,Clostridia,Oscillospirales  ,Oscillospiraceae  ,NK4A214 group  ,metagenome 
ASV_5177,Bacteria,Firmicutes,Clostridia,NA,NA,NA,NA
ASV_5178,Bacteria,Firmicutes,Clostridia,Lachnospirales  ,Lachnospiraceae  ,uncultured   ,uncultured organism
ASV_5179,Bacteria,Firmicutes,Clostridia,Oscillospirales  ,Oscillospiraceae  ,Flavonifractor   ,uncultured bacterium
ASV_5180,Bacteria,Proteobacteria,Gammaproteobacteria,Burkholderiales  ,Sutterellaceae  ,Sutterella   ,NA
ASV_5181,Bacteria,Firmicutes,Clostridia,Oscillospirales  ,Ruminococcaceae  ,Faecalibacterium   ,metagenome 
ASV_5182,Bacteria,Firmicutes,Clostridia,Oscillospirales  ,Oscillospiraceae  ,UCG-002   ,Trichuris trichiura
ASV_5183,Bacteria,Firmicutes,Clostridia,Lachnospirales  ,Lachnospiraceae  ,Eubacterium hallii group ,uncultured organism
ASV_5184,Bacteria,Firmicutes,Clostridia,Lachnospirales  ,Lachnospiraceae  ,Lachnospiraceae FCS020 group ,uncultured organism
ASV_5185,Bacteria,Firmicutes,Clostridia,Lachnospirales  ,Lachnospiraceae  ,Lachnospiraceae FCS020 group ,uncultured Clostridium
ASV_5186,Bacteria,Firmicutes,Clostridia,Lachnospirales  ,Lachnospiraceae  ,Anaerostipes   ,NA
ASV_5187,Bacteria,Bacteroidota,Bacteroidia,Bacteroidales  ,Bacteroidaceae  ,Bacteroides   ,Bacteroides cellulosilyticus
ASV_5188,Bacteria,Firmicutes,Clostridia,Oscillospirales  ,Oscillospiraceae  ,UCG-002   ,Trichuris trichiura
ASV_5189,Bacteria,Cyanobacteria,Vampirivibrionia,Gastranaerophilales  ,Gastranaerophilales  ,Gastranaerophilales   ,uncultured bacterium
ASV_5190,Bacteria,Firmicutes,Clostridia,Christensenellales  ,Christensenellaceae  ,Christensenellaceae R-7 group ,uncultured prokaryote
ASV_5191,Bacteria,Firmicutes,Clostridia,Oscillospirales  ,Ruminococcaceae  ,Subdoligranulum   ,uncultured organism
ASV_5192,Bacteria,Bacteroidota,Bacteroidia,Bacteroidales  ,Rikenellaceae  ,Alistipes   ,Alistipes obesi
ASV_5193,Bacteria,Firmicutes,Clostridia,Lachnospirales  ,Lachnospiraceae  ,Eubacterium ruminantium group ,gut metagenome
ASV_5194,Bacteria,Firmicutes,Bacilli,Lactobacillales  ,Streptococcaceae  ,Streptococcus   ,Streptococcus australis
ASV_5195,Bacteria,Bacteroidota,Bacteroidia,Bacteroidales  ,Prevotellaceae  ,Prevotella 9  ,uncultured organism
ASV_5196,Bacteria,Firmicutes,Negativicutes,Acidaminococcales  ,Acidaminococcaceae  ,Phascolarctobacterium   ,uncultured Firmicutes
ASV_5197,Bacteria,Firmicutes,Clostridia,Oscillospirales  ,Eubacterium coprostanoligenes group,Eubacterium coprostanoligenes group ,human gut
ASV_5198,Bacteria,Firmicutes,Clostridia,Oscillospirales  ,Ruminococcaceae  ,Faecalibacterium   ,NA
ASV_5199,Bacteria,Firmicutes,Clostridia,Lachnospirales  ,Lachnospiraceae  ,Lachnoclostridium   ,human gut
ASV_5200,Bacteria,Bacteroidota,Bacteroidia,Bacteroidales  ,Bacteroidaceae  ,Bacteroides   ,Bacteroides uniformis
ASV_5201,Bacteria,Firmicutes,Clostridia,Christensenellales  ,Christensenellaceae  ,Christensenellaceae R-7 group ,Clostridiales bacterium
ASV_5202,Bacteria,Firmicutes,Bacilli,Erysipelotrichales  ,Erysipelatoclostridiaceae  ,Candidatus Stoquefichus  ,Longibaculum muris
ASV_5203,Bacteria,Firmicutes,Bacilli,Erysipelotrichales  ,Erysipelatoclostridiaceae  ,Erysipelatoclostridium   ,Clostridium spiroforme
ASV_5204,Bacteria,Firmicutes,Bacilli,Erysipelotrichales  ,Erysipelotrichaceae  ,Clostridium innocuum group ,uncultured bacterium
ASV_5205,Bacteria,Firmicutes,Clostridia,Lachnospirales  ,Lachnospiraceae  ,CAG-56   ,uncultured bacterium
ASV_5206,Bacteria,Bacteroidota,Bacteroidia,Bacteroidales  ,Prevotellaceae  ,Prevotella   ,Prevotella stercorea
ASV_5207,Bacteria,Proteobacteria,Gammaproteobacteria,Enterobacterales  ,Pasteurellaceae  ,Haemophilus   ,uncultured bacterium
ASV_5208,Bacteria,Bacteroidota,Bacteroidia,Bacteroidales  ,Bacteroidaceae  ,Bacteroides   ,Bacteroides uniformis
ASV_5209,Bacteria,Bacteroidota,Bacteroidia,Bacteroidales  ,Tannerellaceae  ,Parabacteroides   ,Parabacteroides distasonis
ASV_5210,Bacteria,Firmicutes,Bacilli,Erysipelotrichales  ,Erysipelotrichaceae  ,Turicibacter   ,Turicibacter sanguinis
ASV_5211,Bacteria,Bacteroidota,Bacteroidia,Bacteroidales  ,Tannerellaceae  ,Parabacteroides   ,Parabacteroides distasonis
ASV_5212,Bacteria,Firmicutes,Clostridia,Oscillospirales  ,Oscillospiraceae  ,Flavonifractor   ,uncultured bacterium
ASV_5213,Bacteria,Firmicutes,Clostridia,Monoglobales  ,Monoglobaceae  ,Monoglobus   ,Monoglobus pectinilyticus
ASV_5214,Bacteria,Firmicutes,Clostridia,Lachnospirales  ,Lachnospiraceae  ,Blautia   ,NA
ASV_5215,Bacteria,Firmicutes,Clostridia,Lachnospirales  ,Lachnospiraceae  ,Lachnospiraceae NK4A136 group ,gut metagenome
ASV_5216,Bacteria,Bacteroidota,Bacteroidia,Bacteroidales  ,Bacteroidaceae  ,Bacteroides   ,Bacteroides vulgatus
ASV_5217,Bacteria,Firmicutes,Clostridia,Peptostreptococcales-Tissierellales  ,Peptostreptococcaceae  ,Intestinibacter   ,uncultured bacterium
ASV_5218,Bacteria,Bacteroidota,Bacteroidia,Bacteroidales  ,Tannerellaceae  ,Parabacteroides   ,Parabacteroides merdae
ASV_5219,Bacteria,Proteobacteria,Alphaproteobacteria,Rhodospirillales  ,uncultured  ,uncultured   ,gut metagenome
ASV_5220,Bacteria,Bacteroidota,Bacteroidia,Bacteroidales  ,Prevotellaceae  ,Prevotella 9  ,metagenome 
ASV_5221,Bacteria,Firmicutes,Bacilli,Lactobacillales  ,Streptococcaceae  ,Streptococcus   ,Streptococcus australis
ASV_5222,Bacteria,Firmicutes,Clostridia,Clostridia UCG-014 ,Clostridia UCG-014 ,Clostridia UCG-014  ,gut metagenome
ASV_5223,Bacteria,Firmicutes,Clostridia,Monoglobales  ,Monoglobaceae  ,Monoglobus   ,uncultured organism
ASV_5224,Bacteria,Proteobacteria,Alphaproteobacteria,Rhodospirillales  ,uncultured  ,uncultured   ,gut metagenome
ASV_5225,Bacteria,Firmicutes,Bacilli,Erysipelotrichales  ,Erysipelatoclostridiaceae  ,Erysipelatoclostridium   ,Clostridium spiroforme
ASV_5226,Bacteria,Firmicutes,Clostridia,Lachnospirales  ,Lachnospiraceae  ,uncultured   ,human gut
ASV_5227,Bacteria,Bacteroidota,Bacteroidia,Bacteroidales  ,Bacteroidaceae  ,Bacteroides   ,Bacteroides uniformis
ASV_5228,Bacteria,Firmicutes,Bacilli,Erysipelotrichales  ,Erysipelotrichaceae  ,Clostridium innocuum group ,uncultured bacterium
ASV_5229,Bacteria,Cyanobacteria,Vampirivibrionia,Gastranaerophilales  ,Gastranaerophilales  ,Gastranaerophilales   ,Acinetobacter sp.
ASV_5230,Bacteria,Firmicutes,Clostridia,Lachnospirales  ,Lachnospiraceae  ,Lachnospiraceae UCG-001  ,metagenome 
ASV_5231,Bacteria,Firmicutes,Clostridia,Oscillospirales  ,Oscillospiraceae  ,UCG-002   ,gut metagenome
ASV_5232,Bacteria,Firmicutes,Incertae Sedis,DTU014  ,DTU014  ,DTU014   ,unidentified 
ASV_5233,Bacteria,Firmicutes,Clostridia,Lachnospirales  ,Lachnospiraceae  ,CAG-56   ,uncultured bacterium
ASV_5234,Bacteria,Firmicutes,Clostridia,Lachnospirales  ,Lachnospiraceae  ,Eubacterium hallii group ,uncultured organism
ASV_5235,Bacteria,Firmicutes,Bacilli,Lactobacillales  ,Streptococcaceae  ,Streptococcus   ,Streptococcus oralis
ASV_5236,Bacteria,Proteobacteria,Gammaproteobacteria,Burkholderiales  ,Sutterellaceae  ,Sutterella   ,uncultured bacterium
ASV_5237,Bacteria,Bacteroidota,Bacteroidia,Bacteroidales  ,Bacteroidaceae  ,Bacteroides   ,unidentified 
ASV_5238,Bacteria,Firmicutes,Clostridia,Christensenellales  ,Christensenellaceae  ,Christensenellaceae R-7 group ,Clostridiales bacterium
ASV_5239,Bacteria,Bacteroidota,Bacteroidia,Bacteroidales  ,Tannerellaceae  ,Parabacteroides   ,Parabacteroides merdae
ASV_5240,Bacteria,Bacteroidota,Bacteroidia,Bacteroidales  ,Bacteroidaceae  ,Bacteroides   ,Bacteroides uniformis
ASV_5241,Bacteria,Firmicutes,Clostridia,Lachnospirales  ,Lachnospiraceae  ,Lachnospiraceae UCG-008  ,uncultured organism
ASV_5242,Bacteria,Firmicutes,Clostridia,Oscillospirales  ,Ruminococcaceae  ,Faecalibacterium   ,NA
ASV_5243,Bacteria,Bacteroidota,Bacteroidia,Bacteroidales  ,Bacteroidaceae  ,Bacteroides   ,Bacteroides coprocola
ASV_5244,Bacteria,Firmicutes,Clostridia,Lachnospirales  ,Lachnospiraceae  ,Anaerostipes   ,metagenome 
ASV_5245,Bacteria,Firmicutes,Clostridia,Oscillospirales  ,Ruminococcaceae  ,uncultured   ,NA
ASV_5246,Bacteria,Firmicutes,Bacilli,Erysipelotrichales  ,Erysipelatoclostridiaceae  ,Erysipelatoclostridium   ,Clostridium spiroforme
ASV_5247,Bacteria,Firmicutes,Clostridia,Oscillospirales  ,Oscillospiraceae  ,UCG-002   ,Trichuris trichiura
ASV_5248,Bacteria,Firmicutes,Negativicutes,Veillonellales-Selenomonadales  ,Veillonellaceae  ,Veillonella   ,NA
ASV_5249,Bacteria,Firmicutes,Clostridia,Lachnospirales  ,Lachnospiraceae  ,Lachnoclostridium   ,human gut
ASV_5250,Bacteria,Firmicutes,Clostridia,Lachnospirales  ,Lachnospiraceae  ,Eubacterium ventriosum group ,uncultured organism
ASV_5251,Bacteria,Firmicutes,Negativicutes,Veillonellales-Selenomonadales  ,Veillonellaceae  ,Megasphaera   ,NA
ASV_5252,Bacteria,Actinobacteriota,Actinobacteria,Bifidobacteriales  ,Bifidobacteriaceae  ,Bifidobacterium   ,NA
ASV_5253,Bacteria,Firmicutes,Bacilli,Lactobacillales  ,Enterococcaceae  ,Enterococcus   ,Enterococcus durans
ASV_5254,Bacteria,Firmicutes,Clostridia,Oscillospirales  ,Oscillospiraceae  ,UCG-002   ,uncultured organism
ASV_5255,Bacteria,Firmicutes,Clostridia,Oscillospirales  ,Oscillospiraceae  ,Oscillibacter   ,uncultured organism
ASV_5256,Bacteria,Bacteroidota,Bacteroidia,Bacteroidales  ,Bacteroidaceae  ,Bacteroides   ,Bacteroides vulgatus
ASV_5257,Bacteria,Firmicutes,Clostridia,Lachnospirales  ,Lachnospiraceae  ,Ruminococcus torques group ,uncultured organism
ASV_5258,Bacteria,Firmicutes,Clostridia,Oscillospirales  ,Ruminococcaceae  ,Faecalibacterium   ,NA
ASV_5259,Bacteria,Bacteroidota,Bacteroidia,Bacteroidales  ,Bacteroidaceae  ,Bacteroides   ,Bacteroides vulgatus
ASV_5260,Bacteria,Bacteroidota,Bacteroidia,Bacteroidales  ,Tannerellaceae  ,Parabacteroides   ,Parabacteroides distasonis
ASV_5261,Bacteria,Firmicutes,Bacilli,Lactobacillales  ,Lactobacillaceae  ,Limosilactobacillus   ,Lactobacillus fermentum
ASV_5262,Bacteria,Firmicutes,Clostridia,Lachnospirales  ,Lachnospiraceae  ,Ruminococcus torques group ,uncultured organism
ASV_5263,Bacteria,Firmicutes,Clostridia,Lachnospirales  ,Lachnospiraceae  ,Coprococcus   ,unidentified 
ASV_5264,Bacteria,Bacteroidota,Bacteroidia,Bacteroidales  ,Bacteroidaceae  ,Bacteroides   ,Bacteroides uniformis
ASV_5265,Bacteria,Firmicutes,Clostridia,Monoglobales  ,Monoglobaceae  ,Monoglobus   ,Monoglobus pectinilyticus
ASV_5266,Bacteria,Bacteroidota,Bacteroidia,Bacteroidales  ,Marinifilaceae  ,Butyricimonas   ,uncultured organism
ASV_5267,Bacteria,Firmicutes,Bacilli,Staphylococcales  ,Staphylococcaceae  ,Staphylococcus   ,Staphylococcus warneri
ASV_5268,Bacteria,Firmicutes,Clostridia,Christensenellales  ,Christensenellaceae  ,Christensenellaceae R-7 group ,Clostridiales bacterium
ASV_5269,Bacteria,Firmicutes,Clostridia,Oscillospirales  ,Oscillospiraceae  ,Pseudoflavonifractor   ,uncultured bacterium
ASV_5270,Bacteria,Firmicutes,Negativicutes,Veillonellales-Selenomonadales  ,Veillonellaceae  ,Dialister   ,Dialister sp.
ASV_5271,Bacteria,Firmicutes,Bacilli,Erysipelotrichales  ,Erysipelotrichaceae  ,Clostridium innocuum group ,uncultured bacterium
ASV_5272,Bacteria,Firmicutes,Clostridia,Oscillospirales  ,Ruminococcaceae  ,Incertae Sedis  ,Carnobacterium sp.
ASV_5273,Bacteria,Firmicutes,Clostridia,Lachnospirales  ,Lachnospiraceae  ,Roseburia   ,uncultured Roseburia
ASV_5274,Bacteria,Firmicutes,Clostridia,Lachnospirales  ,Lachnospiraceae  ,uncultured   ,uncultured organism
ASV_5275,Bacteria,Bacteroidota,Bacteroidia,Bacteroidales  ,Rikenellaceae  ,Alistipes   ,NA
ASV_5276,Bacteria,Firmicutes,Clostridia,Lachnospirales  ,Lachnospiraceae  ,Roseburia   ,NA
ASV_5277,Bacteria,Firmicutes,Clostridia,Oscillospirales  ,Ruminococcaceae  ,CAG-352   ,uncultured bacterium
ASV_5278,Bacteria,Firmicutes,Clostridia,Oscillospirales  ,Oscillospiraceae  ,UCG-002   ,gut metagenome
ASV_5279,Bacteria,Firmicutes,Clostridia,Oscillospirales  ,Ruminococcaceae  ,Faecalibacterium   ,NA
ASV_5280,Bacteria,Bacteroidota,Bacteroidia,Bacteroidales  ,Tannerellaceae  ,Parabacteroides   ,Parabacteroides distasonis
ASV_5281,Bacteria,Firmicutes,Clostridia,Clostridia UCG-014 ,Clostridia UCG-014 ,Clostridia UCG-014  ,gut metagenome
ASV_5282,Bacteria,Firmicutes,Clostridia,Oscillospirales  ,Eubacterium coprostanoligenes group,Eubacterium coprostanoligenes group ,metagenome 
ASV_5283,Bacteria,Firmicutes,Clostridia,Lachnospirales  ,Lachnospiraceae  ,Lachnospiraceae NK4A136 group ,gut metagenome
ASV_5284,Bacteria,Actinobacteriota,Coriobacteriia,Coriobacteriales  ,Eggerthellaceae  ,Eggerthella   ,uncultured bacterium
ASV_5285,Bacteria,Firmicutes,Clostridia,Lachnospirales  ,Lachnospiraceae  ,UC5-1-2E3   ,Clostridia bacterium
ASV_5286,Bacteria,Firmicutes,Clostridia,Oscillospirales  ,Oscillospirales  ,Hydrogenoanaerobacterium   ,Selenomonadales bacterium
ASV_5287,Bacteria,Proteobacteria,Gammaproteobacteria,Enterobacterales  ,Enterobacteriaceae  ,NA,NA
ASV_5288,Bacteria,Bacteroidota,Bacteroidia,Bacteroidales  ,Bacteroidaceae  ,Bacteroides   ,unidentified 
ASV_5289,Bacteria,Firmicutes,Clostridia,Lachnospirales  ,Lachnospiraceae  ,uncultured   ,metagenome 
ASV_5290,Bacteria,Firmicutes,Clostridia,Lachnospirales  ,Lachnospiraceae  ,Ruminococcus gauvreauii group ,uncultured Clostridiales
ASV_5291,Bacteria,Firmicutes,Clostridia,Lachnospirales  ,Lachnospiraceae  ,Hungatella   ,uncultured bacterium
ASV_5292,Bacteria,Firmicutes,Clostridia,Lachnospirales  ,Lachnospiraceae  ,Roseburia   ,Roseburia hominis
ASV_5293,Bacteria,Bacteroidota,Bacteroidia,Bacteroidales  ,Prevotellaceae  ,Paraprevotella   ,metagenome 
ASV_5294,Bacteria,Bacteroidota,Bacteroidia,Bacteroidales  ,Bacteroidaceae  ,Bacteroides   ,Bacteroides fragilis
ASV_5295,Bacteria,Firmicutes,Clostridia,Oscillospirales  ,Ruminococcaceae  ,Faecalibacterium   ,NA
ASV_5296,Bacteria,Firmicutes,Bacilli,Lactobacillales  ,Streptococcaceae  ,Streptococcus   ,Streptococcus salivarius
ASV_5297,Bacteria,Firmicutes,Clostridia,Lachnospirales  ,Lachnospiraceae  ,Ruminococcus torques group ,Ruminococcus lactaris
ASV_5298,Bacteria,Firmicutes,Clostridia,Lachnospirales  ,Lachnospiraceae  ,Blautia   ,Blautia sp.
ASV_5299,Bacteria,Firmicutes,Clostridia,Lachnospirales  ,Lachnospiraceae  ,Lachnoclostridium   ,uncultured organism
ASV_5300,Bacteria,Firmicutes,Clostridia,Lachnospirales  ,Lachnospiraceae  ,Eubacterium ventriosum group ,uncultured Lachnospiraceae
ASV_5301,Bacteria,Firmicutes,Clostridia,Oscillospirales  ,Hungateiclostridiaceae  ,Ruminiclostridium   ,uncultured bacterium
ASV_5302,Bacteria,Firmicutes,Clostridia,Lachnospirales  ,Lachnospiraceae  ,Ruminococcus gauvreauii group ,uncultured Clostridiales
ASV_5303,Bacteria,Firmicutes,Negativicutes,Veillonellales-Selenomonadales  ,Veillonellaceae  ,Dialister   ,NA
ASV_5304,Bacteria,Firmicutes,Clostridia,Oscillospirales  ,Ruminococcaceae  ,Ruminococcus   ,Ruminococcus bicirculans
ASV_5305,Bacteria,Firmicutes,Clostridia,Oscillospirales  ,Ruminococcaceae  ,Ruminococcus   ,uncultured Ruminococcus
ASV_5306,Bacteria,Firmicutes,Clostridia,Lachnospirales  ,Lachnospiraceae  ,Lachnoclostridium   ,Clostridium asparagiforme
ASV_5307,Bacteria,Firmicutes,Clostridia,Oscillospirales  ,Ruminococcaceae  ,Incertae Sedis  ,uncultured organism
ASV_5308,Bacteria,Firmicutes,Clostridia,Lachnospirales  ,Lachnospiraceae  ,Lachnospiraceae UCG-001  ,Lachnospiraceae bacterium
ASV_5309,Bacteria,Proteobacteria,Gammaproteobacteria,Enterobacterales  ,Enterobacteriaceae  ,Escherichia-Shigella   ,Shigella flexneri
ASV_5310,Bacteria,Bacteroidota,Bacteroidia,Bacteroidales  ,Bacteroidaceae  ,Bacteroides   ,Bacteroides massiliensis
ASV_5311,Bacteria,Firmicutes,Clostridia,Oscillospirales  ,Oscillospiraceae  ,UCG-005   ,uncultured organism
ASV_5312,Bacteria,Firmicutes,Clostridia,Lachnospirales  ,Lachnospiraceae  ,Eubacterium hallii group ,uncultured organism
ASV_5313,Bacteria,Firmicutes,Clostridia,Lachnospirales  ,Lachnospiraceae  ,Coprococcus   ,NA
ASV_5314,Bacteria,Firmicutes,Clostridia,Oscillospirales  ,Ruminococcaceae  ,CAG-352   ,uncultured bacterium
ASV_5315,Bacteria,Firmicutes,Clostridia,Lachnospirales  ,Lachnospiraceae  ,uncultured   ,uncultured Eubacterium
ASV_5316,Bacteria,Firmicutes,Clostridia,Oscillospirales  ,Oscillospiraceae  ,UCG-002   ,uncultured organism
ASV_5317,Bacteria,Firmicutes,Clostridia,Lachnospirales  ,Lachnospiraceae  ,Coprococcus   ,Lachnospiraceae bacterium
ASV_5318,Bacteria,Firmicutes,Clostridia,Oscillospirales  ,Oscillospiraceae  ,Pseudoflavonifractor   ,uncultured bacterium
ASV_5319,Bacteria,Firmicutes,Clostridia,Lachnospirales  ,Lachnospiraceae  ,Tyzzerella   ,unidentified 
ASV_5320,Bacteria,Actinobacteriota,Actinobacteria,Bifidobacteriales  ,Bifidobacteriaceae  ,Bifidobacterium   ,Bifidobacterium longum
ASV_5321,Bacteria,Firmicutes,Clostridia,Lachnospirales  ,Lachnospiraceae  ,Lachnospiraceae NK4A136 group ,gut metagenome
ASV_5322,Bacteria,Firmicutes,Clostridia,Christensenellales  ,Christensenellaceae  ,Christensenellaceae R-7 group ,gut metagenome
ASV_5323,Bacteria,Desulfobacterota,Desulfovibrionia,Desulfovibrionales  ,Desulfovibrionaceae  ,Bilophila   ,Bilophila wadsworthia
ASV_5324,Bacteria,Firmicutes,Bacilli,Lactobacillales  ,Lactobacillaceae  ,Limosilactobacillus   ,Lactobacillus fermentum
ASV_5325,Bacteria,Firmicutes,Clostridia,Lachnospirales  ,Lachnospiraceae  ,Eubacterium eligens group ,uncultured organism
ASV_5326,Bacteria,Firmicutes,Clostridia,Lachnospirales  ,Lachnospiraceae  ,Coprococcus   ,Lachnospiraceae bacterium
ASV_5327,Bacteria,Bacteroidota,Bacteroidia,Bacteroidales  ,Marinifilaceae  ,Butyricimonas   ,uncultured bacterium
ASV_5328,Bacteria,Firmicutes,Clostridia,Lachnospirales  ,Lachnospiraceae  ,Roseburia   ,uncultured organism
ASV_5329,Bacteria,Bacteroidota,Bacteroidia,Bacteroidales  ,Prevotellaceae  ,Prevotella 9  ,metagenome 
ASV_5330,Bacteria,Bacteroidota,Bacteroidia,Bacteroidales  ,Bacteroidaceae  ,Bacteroides   ,Bacteroides massiliensis
ASV_5331,Bacteria,Firmicutes,Clostridia,Oscillospirales  ,Eubacterium coprostanoligenes group,Eubacterium coprostanoligenes group ,gut metagenome
ASV_5332,Bacteria,Bacteroidota,Bacteroidia,Bacteroidales  ,Rikenellaceae  ,Alistipes   ,Alistipes sp.
ASV_5333,Bacteria,Firmicutes,Clostridia,Clostridiales  ,Clostridiaceae  ,Clostridium sensu stricto 1,metagenome 
ASV_5334,Bacteria,Firmicutes,Clostridia,Lachnospirales  ,Lachnospiraceae  ,NA,NA
ASV_5335,Bacteria,Firmicutes,Bacilli,Erysipelotrichales  ,Erysipelatoclostridiaceae  ,Erysipelotrichaceae UCG-003  ,uncultured bacterium
ASV_5336,Bacteria,Proteobacteria,Gammaproteobacteria,Burkholderiales  ,Sutterellaceae  ,Sutterella   ,NA
ASV_5337,Bacteria,Firmicutes,Clostridia,Oscillospirales  ,Oscillospiraceae  ,Oscillibacter   ,human gut
ASV_5338,Bacteria,Actinobacteriota,Actinobacteria,Bifidobacteriales  ,Bifidobacteriaceae  ,Bifidobacterium   ,Bifidobacterium longum
ASV_5339,Bacteria,Firmicutes,Clostridia,Oscillospirales  ,Ruminococcaceae  ,Faecalibacterium   ,NA
ASV_5340,Bacteria,Firmicutes,Clostridia,Lachnospirales  ,Lachnospiraceae  ,Lachnoclostridium   ,human gut
ASV_5341,Bacteria,Bacteroidota,Bacteroidia,Bacteroidales  ,Bacteroidaceae  ,Bacteroides   ,Bacteroides ovatus
ASV_5342,Bacteria,Bacteroidota,Bacteroidia,Bacteroidales  ,Bacteroidaceae  ,Bacteroides   ,Bacteroides salyersiae
ASV_5343,Bacteria,Firmicutes,Bacilli,Erysipelotrichales  ,Erysipelatoclostridiaceae  ,Erysipelotrichaceae UCG-003  ,uncultured bacterium
ASV_5344,Bacteria,Firmicutes,Clostridia,Oscillospirales  ,Ruminococcaceae  ,Ruminococcus   ,NA
ASV_5345,Bacteria,Firmicutes,Clostridia,Oscillospirales  ,Oscillospiraceae  ,Flavonifractor   ,uncultured bacterium
ASV_5346,Bacteria,Proteobacteria,Gammaproteobacteria,Burkholderiales  ,Sutterellaceae  ,Sutterella   ,uncultured bacterium
ASV_5347,Bacteria,Firmicutes,Clostridia,Oscillospirales  ,Ruminococcaceae  ,Faecalibacterium   ,NA
ASV_5348,Bacteria,Firmicutes,Clostridia,Oscillospirales  ,Oscillospiraceae  ,UCG-002   ,uncultured organism
ASV_5349,Bacteria,Firmicutes,Clostridia,Lachnospirales  ,Lachnospiraceae  ,Eubacterium hallii group ,uncultured organism
ASV_5350,Bacteria,Firmicutes,NA,NA,NA,NA,NA
ASV_5351,Bacteria,Firmicutes,Clostridia,Oscillospirales  ,Butyricicoccaceae  ,Butyricicoccus   ,NA
ASV_5352,Bacteria,Firmicutes,Clostridia,Oscillospirales  ,Ruminococcaceae  ,Incertae Sedis  ,Carnobacterium sp.
ASV_5353,Bacteria,Bacteroidota,Bacteroidia,Bacteroidales  ,Barnesiellaceae  ,Barnesiella   ,uncultured organism
ASV_5354,Bacteria,Firmicutes,Clostridia,Lachnospirales  ,Lachnospiraceae  ,Roseburia   ,uncultured Roseburia
ASV_5355,Bacteria,Proteobacteria,Gammaproteobacteria,Burkholderiales  ,Sutterellaceae  ,Parasutterella   ,uncultured organism
ASV_5356,Bacteria,Bacteroidota,Bacteroidia,Bacteroidales  ,Bacteroidaceae  ,Bacteroides   ,Bacteroides ovatus
ASV_5357,Bacteria,Firmicutes,Clostridia,Lachnospirales  ,Lachnospiraceae  ,Roseburia   ,uncultured organism
ASV_5358,Bacteria,Bacteroidota,Bacteroidia,Bacteroidales  ,Bacteroidaceae  ,Bacteroides   ,Bacteroides vulgatus
ASV_5359,Bacteria,Firmicutes,Clostridia,Oscillospirales  ,Oscillospiraceae  ,UCG-002   ,Trichuris trichiura
ASV_5360,Bacteria,Firmicutes,Clostridia,Lachnospirales  ,Lachnospiraceae  ,Anaerostipes   ,NA
ASV_5361,Bacteria,Bacteroidota,Bacteroidia,Bacteroidales  ,Barnesiellaceae  ,Barnesiella   ,uncultured organism
ASV_5362,Bacteria,Firmicutes,Clostridia,Lachnospirales  ,Lachnospiraceae  ,Blautia   ,NA
ASV_5363,Bacteria,Firmicutes,Clostridia,Oscillospirales  ,Ruminococcaceae  ,Eubacterium siraeum group ,Eubacterium siraeum
ASV_5364,Bacteria,Bacteroidota,Bacteroidia,Bacteroidales  ,Marinifilaceae  ,Odoribacter   ,Odoribacter splanchnicus
ASV_5365,Bacteria,Bacteroidota,Bacteroidia,Bacteroidales  ,Rikenellaceae  ,Alistipes   ,Alistipes shahii
ASV_5366,Bacteria,Firmicutes,Clostridia,Lachnospirales  ,Lachnospiraceae  ,Agathobacter   ,uncultured bacterium
ASV_5367,Bacteria,Firmicutes,Clostridia,Oscillospirales  ,Oscillospiraceae  ,Intestinimonas   ,Intestinimonas butyriciproducens
ASV_5368,Bacteria,Bacteroidota,Bacteroidia,Bacteroidales  ,Bacteroidaceae  ,Bacteroides   ,Bacteroides uniformis
ASV_5369,Bacteria,Firmicutes,Bacilli,Lactobacillales  ,Enterococcaceae  ,Enterococcus   ,Enterococcus durans
ASV_5370,Archaea,Euryarchaeota,Methanobacteria,Methanobacteriales  ,Methanobacteriaceae  ,Methanobrevibacter   ,Methanobrevibacter smithii
ASV_5371,Bacteria,Bacteroidota,Bacteroidia,Bacteroidales  ,Bacteroidaceae  ,Bacteroides   ,Bacteroides uniformis
ASV_5372,Bacteria,Bacteroidota,Bacteroidia,Bacteroidales  ,Bacteroidaceae  ,Bacteroides   ,Bacteroides intestinalis
ASV_5373,Bacteria,Firmicutes,Clostridia,Oscillospirales  ,Ruminococcaceae  ,UBA1819   ,uncultured organism
ASV_5374,Bacteria,Firmicutes,Clostridia,Peptostreptococcales-Tissierellales  ,Anaerovoracaceae  ,Family XIII UCG-001 ,uncultured bacterium
ASV_5375,Bacteria,Firmicutes,Clostridia,Lachnospirales  ,Lachnospiraceae  ,Lachnospiraceae UCG-001  ,metagenome 
ASV_5376,Bacteria,Bacteroidota,Bacteroidia,Bacteroidales  ,Bacteroidaceae  ,Bacteroides   ,Bacteroides thetaiotaomicron
ASV_5377,Bacteria,Bacteroidota,Bacteroidia,Bacteroidales  ,Muribaculaceae  ,Muribaculaceae   ,uncultured bacterium
ASV_5378,Bacteria,Firmicutes,Clostridia,Oscillospirales  ,Ruminococcaceae  ,uncultured   ,NA
ASV_5379,Bacteria,Firmicutes,NA,NA,NA,NA,NA
ASV_5380,Bacteria,Bacteroidota,Bacteroidia,Bacteroidales  ,Tannerellaceae  ,Parabacteroides   ,Parabacteroides distasonis
ASV_5381,Bacteria,Firmicutes,Clostridia,Oscillospirales  ,Butyricicoccaceae  ,Butyricicoccus   ,uncultured organism
ASV_5382,Bacteria,Bacteroidota,Bacteroidia,Bacteroidales  ,Bacteroidaceae  ,Bacteroides   ,NA
ASV_5383,Bacteria,Firmicutes,Clostridia,Lachnospirales  ,Lachnospiraceae  ,Eubacterium ruminantium group ,gut metagenome
ASV_5384,Bacteria,Firmicutes,Clostridia,Oscillospirales  ,Oscillospiraceae  ,Colidextribacter   ,gut metagenome
ASV_5385,Bacteria,Firmicutes,Clostridia,Oscillospirales  ,Oscillospiraceae  ,NK4A214 group  ,metagenome 
ASV_5386,Bacteria,Bacteroidota,Bacteroidia,Bacteroidales  ,Tannerellaceae  ,Parabacteroides   ,Parabacteroides distasonis
ASV_5387,Bacteria,Firmicutes,Clostridia,Christensenellales  ,Christensenellaceae  ,Christensenellaceae R-7 group ,gut metagenome
ASV_5388,Bacteria,Firmicutes,Clostridia,Christensenellales  ,Christensenellaceae  ,Christensenellaceae R-7 group ,uncultured Spirochaetales
ASV_5389,Bacteria,Firmicutes,Clostridia,Lachnospirales  ,Lachnospiraceae  ,Lachnospiraceae NK4A136 group ,gut metagenome
ASV_5390,Bacteria,Firmicutes,Clostridia,Lachnospirales  ,Lachnospiraceae  ,Agathobacter   ,Eubacterium ramulus
ASV_5391,Bacteria,Firmicutes,Bacilli,Lactobacillales  ,Streptococcaceae  ,Streptococcus   ,Streptococcus oralis
ASV_5392,Bacteria,Firmicutes,Clostridia,Lachnospirales  ,Lachnospiraceae  ,Ruminococcus torques group ,Ruminococcus faecis
ASV_5393,Bacteria,Bacteroidota,Bacteroidia,Bacteroidales  ,Bacteroidaceae  ,Bacteroides   ,Bacteroides vulgatus
ASV_5394,Bacteria,Bacteroidota,Bacteroidia,Bacteroidales  ,Prevotellaceae  ,Prevotella 9  ,uncultured organism
ASV_5395,Bacteria,Bacteroidota,Bacteroidia,Bacteroidales  ,Barnesiellaceae  ,Barnesiella   ,NA
ASV_5396,Bacteria,Bacteroidota,Bacteroidia,Bacteroidales  ,Muribaculaceae  ,Muribaculaceae   ,uncultured bacterium
ASV_5397,Bacteria,Firmicutes,Clostridia,Lachnospirales  ,Lachnospiraceae  ,Roseburia   ,gut metagenome
ASV_5398,Bacteria,Firmicutes,Clostridia,Clostridia UCG-014 ,Clostridia UCG-014 ,Clostridia UCG-014  ,gut metagenome
ASV_5399,Bacteria,Firmicutes,Clostridia,Monoglobales  ,Monoglobaceae  ,Monoglobus   ,Monoglobus pectinilyticus
ASV_5400,Bacteria,Firmicutes,Clostridia,Lachnospirales  ,Lachnospiraceae  ,Eubacterium ruminantium group ,gut metagenome
ASV_5401,Bacteria,Firmicutes,Clostridia,NA,NA,NA,NA
ASV_5402,Bacteria,Firmicutes,Clostridia,Lachnospirales  ,Lachnospiraceae  ,Lachnospiraceae ND3007 group ,metagenome 
ASV_5403,Bacteria,Firmicutes,Bacilli,Bacillales  ,Bacillaceae  ,Bacillus   ,NA
ASV_5404,Bacteria,Firmicutes,Negativicutes,Veillonellales-Selenomonadales  ,Veillonellaceae  ,Megasphaera   ,uncultured organism
ASV_5405,Bacteria,Firmicutes,Clostridia,Oscillospirales  ,Oscillospiraceae  ,Oscillospira   ,NA
ASV_5406,Bacteria,Firmicutes,Clostridia,Oscillospirales  ,Butyricicoccaceae  ,Butyricicoccus   ,uncultured organism
ASV_5407,Bacteria,Firmicutes,Negativicutes,Veillonellales-Selenomonadales  ,Veillonellaceae  ,Dialister   ,Dialister sp.
ASV_5408,Bacteria,Bacteroidota,Bacteroidia,Bacteroidales  ,Marinifilaceae  ,Butyricimonas   ,uncultured organism
ASV_5409,Bacteria,Firmicutes,Clostridia,NA,NA,NA,NA
ASV_5410,Bacteria,Firmicutes,Clostridia,Lachnospirales  ,Lachnospiraceae  ,Coprococcus   ,NA
ASV_5411,Bacteria,Bacteroidota,Bacteroidia,Bacteroidales  ,Muribaculaceae  ,Muribaculaceae   ,uncultured bacterium
ASV_5412,Bacteria,Firmicutes,Clostridia,Lachnospirales  ,Lachnospiraceae  ,NA,NA
ASV_5413,Bacteria,Firmicutes,Clostridia,Christensenellales  ,Christensenellaceae  ,Christensenellaceae R-7 group ,gut metagenome
ASV_5414,Bacteria,Firmicutes,Clostridia,Oscillospirales  ,Ruminococcaceae  ,Subdoligranulum   ,uncultured organism
ASV_5415,Bacteria,Firmicutes,Clostridia,Oscillospirales  ,Butyricicoccaceae  ,Butyricicoccus   ,uncultured organism
ASV_5416,Bacteria,Bacteroidota,Bacteroidia,Bacteroidales  ,Marinifilaceae  ,Odoribacter   ,Odoribacter splanchnicus
ASV_5417,Bacteria,Firmicutes,Clostridia,Oscillospirales  ,Oscillospiraceae  ,uncultured   ,Clostridium sp.
ASV_5418,Bacteria,Firmicutes,Clostridia,Lachnospirales  ,Lachnospiraceae  ,NA,NA
ASV_5419,Bacteria,Firmicutes,Clostridia,Christensenellales  ,Christensenellaceae  ,Christensenellaceae R-7 group ,Clostridiales bacterium
ASV_5420,Bacteria,Firmicutes,Clostridia,Lachnospirales  ,Lachnospiraceae  ,Lachnospiraceae UCG-004  ,uncultured organism
ASV_5421,Bacteria,Bacteroidota,Bacteroidia,Bacteroidales  ,Rikenellaceae  ,Alistipes   ,Alistipes shahii
ASV_5422,Bacteria,Firmicutes,Clostridia,Oscillospirales  ,Ruminococcaceae  ,uncultured   ,NA
ASV_5423,Bacteria,Firmicutes,Clostridia,Lachnospirales  ,Lachnospiraceae  ,Eubacterium ventriosum group ,uncultured bacterium
ASV_5424,Bacteria,Firmicutes,Clostridia,Oscillospirales  ,Eubacterium coprostanoligenes group,Eubacterium coprostanoligenes group ,gut metagenome
ASV_5425,Bacteria,Firmicutes,Clostridia,Oscillospirales  ,Ruminococcaceae  ,Subdoligranulum   ,uncultured organism
ASV_5426,Bacteria,Bacteroidota,Bacteroidia,Bacteroidales  ,Marinifilaceae  ,Odoribacter   ,Odoribacter splanchnicus
ASV_5427,Bacteria,Firmicutes,Clostridia,Oscillospirales  ,Oscillospiraceae  ,UCG-002   ,uncultured Firmicutes
ASV_5428,Bacteria,Firmicutes,Negativicutes,Veillonellales-Selenomonadales  ,Veillonellaceae  ,Veillonella   ,uncultured organism
ASV_5429,Bacteria,Firmicutes,Clostridia,Oscillospirales  ,Ruminococcaceae  ,Subdoligranulum   ,uncultured organism
ASV_5430,Bacteria,Firmicutes,Negativicutes,Acidaminococcales  ,Acidaminococcaceae  ,Phascolarctobacterium   ,uncultured Firmicutes
ASV_5431,Bacteria,Firmicutes,Clostridia,Oscillospirales  ,Ruminococcaceae  ,Negativibacillus   ,Ruminococcus sp.
ASV_5432,Bacteria,Bacteroidota,Bacteroidia,Bacteroidales  ,Bacteroidaceae  ,Bacteroides   ,NA
ASV_5433,Bacteria,Bacteroidota,Bacteroidia,Bacteroidales  ,Bacteroidaceae  ,Bacteroides   ,Bacteroides fragilis
ASV_5434,Bacteria,Actinobacteriota,Coriobacteriia,Coriobacteriales  ,Eggerthellaceae  ,Eggerthella   ,uncultured bacterium
ASV_5435,Bacteria,Firmicutes,Clostridia,Lachnospirales  ,Lachnospiraceae  ,Eubacterium hallii group ,uncultured organism
ASV_5436,Bacteria,Firmicutes,Clostridia,Lachnospirales  ,Lachnospiraceae  ,Lachnoclostridium   ,NA
ASV_5437,Bacteria,Firmicutes,Clostridia,Lachnospirales  ,Lachnospiraceae  ,Lachnospira   ,gut metagenome
ASV_5438,Bacteria,Bacteroidota,Bacteroidia,Bacteroidales  ,Rikenellaceae  ,Alistipes   ,uncultured organism
ASV_5439,Bacteria,Bacteroidota,Bacteroidia,Bacteroidales  ,Bacteroidaceae  ,Bacteroides   ,unidentified 
ASV_5440,Bacteria,Bacteroidota,Bacteroidia,Bacteroidales  ,Marinifilaceae  ,Butyricimonas   ,uncultured organism
ASV_5441,Bacteria,Firmicutes,Clostridia,Oscillospirales  ,Oscillospiraceae  ,Flavonifractor   ,uncultured bacterium
ASV_5442,Bacteria,Actinobacteriota,Coriobacteriia,Coriobacteriales  ,Eggerthellaceae  ,Adlercreutzia   ,uncultured bacterium
ASV_5443,Bacteria,Firmicutes,Clostridia,Lachnospirales  ,Lachnospiraceae  ,Roseburia   ,NA
ASV_5444,Bacteria,Bacteroidota,Bacteroidia,Bacteroidales  ,Bacteroidaceae  ,Bacteroides   ,Bacteroides ovatus
ASV_5445,Bacteria,Bacteroidota,Bacteroidia,Bacteroidales  ,Bacteroidaceae  ,Bacteroides   ,Bacteroides fragilis
ASV_5446,Bacteria,Firmicutes,Negativicutes,Acidaminococcales  ,Acidaminococcaceae  ,Phascolarctobacterium   ,uncultured Veillonellaceae
ASV_5447,Bacteria,Firmicutes,Clostridia,Oscillospirales  ,Ruminococcaceae  ,Eubacterium siraeum group ,Eubacterium siraeum
ASV_5448,Bacteria,Proteobacteria,Gammaproteobacteria,Burkholderiales  ,Sutterellaceae  ,Sutterella   ,Burkholderia sp.
ASV_5449,Bacteria,Firmicutes,Clostridia,Oscillospirales  ,Oscillospiraceae  ,UCG-002   ,uncultured organism
ASV_5450,Bacteria,Firmicutes,Bacilli,Lactobacillales  ,Streptococcaceae  ,Streptococcus   ,Streptococcus australis
ASV_5451,Bacteria,Firmicutes,Clostridia,Oscillospirales  ,Oscillospiraceae  ,UCG-003   ,uncultured bacterium
ASV_5452,Bacteria,Firmicutes,Negativicutes,Acidaminococcales  ,Acidaminococcaceae  ,Phascolarctobacterium   ,uncultured Veillonellaceae
ASV_5453,Bacteria,Actinobacteriota,Coriobacteriia,Coriobacteriales  ,Eggerthellaceae  ,Eggerthella   ,uncultured bacterium
ASV_5454,Bacteria,Firmicutes,Clostridia,Clostridia vadinBB60 group,Clostridia vadinBB60 group,Clostridia vadinBB60 group ,uncultured Thermoanaerobacterales
ASV_5455,Bacteria,Firmicutes,Clostridia,Lachnospirales  ,Lachnospiraceae  ,uncultured   ,human gut
ASV_5456,Bacteria,Firmicutes,Clostridia,Oscillospirales  ,Oscillospiraceae  ,UCG-002   ,uncultured organism
ASV_5457,Bacteria,Bacteroidota,Bacteroidia,Bacteroidales  ,Prevotellaceae  ,Prevotella 9  ,metagenome 
